--->  Upgrading already installed dependencies of skalibs
--->  Computing dependencies for skalibs.
--->  Fetching distfiles for skalibs
--->  Verifying checksums for skalibs
--->  Checksumming skalibs-2.15.1.0.tar.gz
--->  Extracting skalibs
--->  Extracting skalibs-2.15.1.0.tar.gz
Executing:  cd "/private/tmp/mp-skarnet.BQSnVP/prefix/var/macports/build/skalibs-21047c8b/work" && /usr/bin/gzip -dc '/private/tmp/mp-skarnet.BQSnVP/prefix/var/macports/distfiles/skalibs/skalibs-2.15.1.0.tar.gz' | /usr/bin/tar -xf - 
--->  Applying patches to skalibs
--->  Applying patch-iopause-select-read-event.diff
Executing:  cd "/private/tmp/mp-skarnet.BQSnVP/prefix/var/macports/build/skalibs-21047c8b/work/skalibs-2.15.1.0" && /usr/bin/patch -t -N -p0 < '/private/tmp/macports-pr34539.YR2QnU/repo/devel/skalibs/files/patch-iopause-select-read-event.diff'
patching file 'src/libstddjb/iopause_select.c'
--->  Applying patch-timeval-rounding.diff
Executing:  cd "/private/tmp/mp-skarnet.BQSnVP/prefix/var/macports/build/skalibs-21047c8b/work/skalibs-2.15.1.0" && /usr/bin/patch -t -N -p0 < '/private/tmp/macports-pr34539.YR2QnU/repo/devel/skalibs/files/patch-timeval-rounding.diff'
patching file 'src/libstddjb/timeval_from_tain_relative.c'
patching file 'src/libstddjb/timeval_from_tain.c'
patching file 'src/libstddjb/timeval_sysclock_from_tain.c'
--->  Applying patch-configure-availability.diff
Executing:  cd "/private/tmp/mp-skarnet.BQSnVP/prefix/var/macports/build/skalibs-21047c8b/work/skalibs-2.15.1.0" && /usr/bin/patch -t -N -p0 < '/private/tmp/macports-pr34539.YR2QnU/repo/devel/skalibs/files/patch-configure-availability.diff'
patching file configure
--->  Configuring skalibs
Executing:  cd "/private/tmp/mp-skarnet.BQSnVP/prefix/var/macports/build/skalibs-21047c8b/work/skalibs-2.15.1.0" && ./configure --prefix=/private/tmp/mp-skarnet.BQSnVP/prefix --disable-dependency-tracking --enable-pkgconfig --build=arm64-apple-darwin24 --target=arm64-apple-darwin24 
Checking for C compiler...
./configure: warning: compiler /usr/bin/clang is declared with its own path. If it's not accessible via PATH, you will need to pass AR, RANLIB and STRIP make variables to the make invocation.
  ... /usr/bin/clang
Checking whether C compiler works... 
  ... yes
Checking target system type...
  ... arm64-apple-darwin24
Shared libraries will be named ...
  ... *.dylib
Checking whether compiler accepts -fPIC ...
  ... yes
Checking whether compiler accepts -std=c99 ...
  ... yes
Checking whether compiler accepts -fomit-frame-pointer ...
  ... yes
Checking whether compiler accepts -fno-exceptions ...
  ... yes
Checking whether compiler accepts -fno-unwind-tables ...
  ... yes
Checking whether compiler accepts -fno-asynchronous-unwind-tables ...
  ... yes
Checking whether compiler accepts -Werror=implicit-function-declaration ...
  ... yes
Checking whether compiler accepts -Werror=implicit-int ...
  ... yes
Checking whether compiler accepts -Werror=pointer-sign ...
  ... yes
Checking whether compiler accepts -Werror=pointer-arith ...
  ... yes
Checking whether compiler accepts -Werror=incompatible-pointer-types ...
  ... yes
Checking whether compiler accepts -Werror=unguarded-availability ...
  ... yes
Checking whether compiler accepts -Wno-unused-value ...
  ... yes
Checking whether compiler accepts -Wno-parentheses ...
  ... yes
Checking whether compiler accepts -ffunction-sections ...
  ... yes
Checking whether compiler accepts -fdata-sections ...
  ... yes
Checking whether linker accepts -Wl,--as-needed ...
  ... no
Checking whether linker accepts -Wl,--sort-section=alignment ...
  ... no
Checking whether linker accepts -Wl,--sort-common ...
  ... no
Checking whether linker accepts -Wl,--hash-style=both ...
  ... no
Checking required linker flags for socket functions...
  ... none
Checking whether system has clock_gettime()...
  ... yes
Checking whether system has CLOCK_MONOTONIC...
  ... yes
Checking whether system has CLOCK_BOOTTIME...
  ... no
Checking whether system has posix_spawn()...
  ... yes
Checking whether system has timer_create()...
  ... no
Checking whether system has pthread support...
  ... yes
Checking endianness...
  ... little
Checking size and signedness of standard types...
  ... done
Checking whether system has accept4()...
  ... no
Checking whether system has MSG_CMSG_CLOEXEC...
  ... no
Checking whether system has dirfd()...
  ... yes
Checking whether system has fdopendir()...
  ... yes
Checking whether system has eventfd()...
  ... no
Checking whether system has flock()...
  ... yes
Checking whether system has getpeereid()...
  ... yes
Checking whether system has SO_PEERCRED...
  ... no
Checking whether system has getpeerucred()...
  ... no
Checking whether system has IPv6 support...
  ... yes
Checking whether system has MSG_DONTWAIT...
  ... yes
Checking whether system has O_CLOEXEC...
  ... yes
Checking whether system has O_DIRECTORY...
  ... yes
Checking whether system has openat()...
  ... yes
Checking whether system has linkat()...
  ... yes
Checking whether system has memmem()...
  ... yes
Checking whether system has pipe2()...
  ... no
Checking whether system has ppoll()...
  ... no
Checking whether system has POSIX qsort_r()...
  ... no
Checking whether system has old FreeBSD qsort_r()...
  ... no
Checking whether system has revoke()...
  ... yes
Checking whether system has sendfile()...
  ... no
Checking whether system has setgroups()...
  ... yes
Checking whether system has settimeofday()...
  ... yes
Checking whether system has signalfd()...
  ... no
Checking whether system has splice()...
  ... no
Checking whether system has st.st_atim...
  ... no
Checking whether system has st.st_atimespec...
  ... yes
Checking whether system has strcasestr()...
  ... yes
Checking whether system has strnlen()...
  ... yes
Checking whether system has uint64_t...
  ... yes
Checking whether system has waitid()...
  ... yes
Checking whether system has futimens()...
  ... yes
Checking whether system has futimes()...
  ... yes
Checking whether system has arc4random()...
  ... yes
Checking whether system has arc4random_addrandom()...
  ... yes
Checking whether system has setitimer()...
  ... yes
Checking whether system has namespaces...
  ... no
Checking whether system has NS_GET_PARENT...
  ... no
Checking whether system has explicit_bzero()...
  ... no
Checking whether system has getrandom()...
  ... no
Checking whether system has GRND_INSECURE...
  ... no
Checking whether system has chroot()...
  ... yes
Checking whether system has clone3() with CLONE_NEWPID...
  ... no
Checking whether system has POSIX_SPAWN_SETSID...
  ... yes
Checking whether system has POSIX_SPAWN_SETSID_NP...
  ... no
Checking whether system has posix_spawn_file_actions_addchdir()...
  ... no
Checking whether system has posix_spawn_file_actions_addchdir_np()...
  ... yes
Checking whether system has getauxval()...
  ... no
Checking whether system has the KERN_PROC_PATHNAME sysctl...
  ... no
Checking whether system has _NSGetExecutablePath()...
  ... yes
Checking whether system has getexecname()...
  ... no
Checking whether system has dladdr()...
  ... yes
Checking whether system has pidfd_open()...
  ... no
Checking whether system has prctl()...
  ... no
Checking whether system has procctl()...
  ... no
Checking whether system has kevent()...
  ... yes
Checking whether system has kqueue1()...
  ... no
Checking whether system has pthread_mutex_timedlock()...
  ... no
Checking whether system has pthread_mutex_clocklock()...
  ... no
Checking whether system has /dev/urandom...
  ... yes
Checking whether system has posix_spawn() return early...
  ... no
Finding a suitable value for /proc/self/exe...
  ... none
Checking whether system has a select() that supports very long timeouts...
  ... no
Creating config.mak...
  ... done.
Creating src/include/skalibs/config.h...
  ... done.
--->  Building skalibs
Executing:  cd "/private/tmp/mp-skarnet.BQSnVP/prefix/var/macports/build/skalibs-21047c8b/work/skalibs-2.15.1.0" && /usr/bin/make -j2 -w all 
make: Entering directory `/private/tmp/mp-skarnet.BQSnVP/prefix/var/macports/build/skalibs-21047c8b/work/skalibs-2.15.1.0'
exec /usr/bin/clang -D_POSIX_C_SOURCE=200809L -D_XOPEN_SOURCE=700 -Isrc/include -fPIC -Werror=implicit-function-declaration -Werror=implicit-int -Werror=pointer-sign -Werror=pointer-arith -Werror=incompatible-pointer-types -Werror=unguarded-availability -Wno-unused-value -Wno-parentheses -I/private/tmp/mp-skarnet.BQSnVP/prefix/include -isysroot/Library/Developer/CommandLineTools/SDKs/MacOSX15.sdk -pipe -Wall -std=c99 -fno-exceptions -fno-unwind-tables -fno-asynchronous-unwind-tables -ffunction-sections -fdata-sections -O2 -fomit-frame-pointer -pipe -Os -isysroot/Library/Developer/CommandLineTools/SDKs/MacOSX15.sdk -arch arm64 -arch x86_64  -c -o src/libdatastruct/avlnode_delete.lo src/libdatastruct/avlnode_delete.c
exec /usr/bin/clang -D_POSIX_C_SOURCE=200809L -D_XOPEN_SOURCE=700 -Isrc/include -fPIC -Werror=implicit-function-declaration -Werror=implicit-int -Werror=pointer-sign -Werror=pointer-arith -Werror=incompatible-pointer-types -Werror=unguarded-availability -Wno-unused-value -Wno-parentheses -I/private/tmp/mp-skarnet.BQSnVP/prefix/include -isysroot/Library/Developer/CommandLineTools/SDKs/MacOSX15.sdk -pipe -Wall -std=c99 -fno-exceptions -fno-unwind-tables -fno-asynchronous-unwind-tables -ffunction-sections -fdata-sections -O2 -fomit-frame-pointer -pipe -Os -isysroot/Library/Developer/CommandLineTools/SDKs/MacOSX15.sdk -arch arm64 -arch x86_64  -c -o src/libdatastruct/avlnode_doublerotate.lo src/libdatastruct/avlnode_doublerotate.c
exec /usr/bin/clang -D_POSIX_C_SOURCE=200809L -D_XOPEN_SOURCE=700 -Isrc/include -fPIC -Werror=implicit-function-declaration -Werror=implicit-int -Werror=pointer-sign -Werror=pointer-arith -Werror=incompatible-pointer-types -Werror=unguarded-availability -Wno-unused-value -Wno-parentheses -I/private/tmp/mp-skarnet.BQSnVP/prefix/include -isysroot/Library/Developer/CommandLineTools/SDKs/MacOSX15.sdk -pipe -Wall -std=c99 -fno-exceptions -fno-unwind-tables -fno-asynchronous-unwind-tables -ffunction-sections -fdata-sections -O2 -fomit-frame-pointer -pipe -Os -isysroot/Library/Developer/CommandLineTools/SDKs/MacOSX15.sdk -arch arm64 -arch x86_64  -c -o src/libdatastruct/avlnode_extreme.lo src/libdatastruct/avlnode_extreme.c
exec /usr/bin/clang -D_POSIX_C_SOURCE=200809L -D_XOPEN_SOURCE=700 -Isrc/include -fPIC -Werror=implicit-function-declaration -Werror=implicit-int -Werror=pointer-sign -Werror=pointer-arith -Werror=incompatible-pointer-types -Werror=unguarded-availability -Wno-unused-value -Wno-parentheses -I/private/tmp/mp-skarnet.BQSnVP/prefix/include -isysroot/Library/Developer/CommandLineTools/SDKs/MacOSX15.sdk -pipe -Wall -std=c99 -fno-exceptions -fno-unwind-tables -fno-asynchronous-unwind-tables -ffunction-sections -fdata-sections -O2 -fomit-frame-pointer -pipe -Os -isysroot/Library/Developer/CommandLineTools/SDKs/MacOSX15.sdk -arch arm64 -arch x86_64  -c -o src/libdatastruct/avlnode_extremenode.lo src/libdatastruct/avlnode_extremenode.c
exec /usr/bin/clang -D_POSIX_C_SOURCE=200809L -D_XOPEN_SOURCE=700 -Isrc/include -fPIC -Werror=implicit-function-declaration -Werror=implicit-int -Werror=pointer-sign -Werror=pointer-arith -Werror=incompatible-pointer-types -Werror=unguarded-availability -Wno-unused-value -Wno-parentheses -I/private/tmp/mp-skarnet.BQSnVP/prefix/include -isysroot/Library/Developer/CommandLineTools/SDKs/MacOSX15.sdk -pipe -Wall -std=c99 -fno-exceptions -fno-unwind-tables -fno-asynchronous-unwind-tables -ffunction-sections -fdata-sections -O2 -fomit-frame-pointer -pipe -Os -isysroot/Library/Developer/CommandLineTools/SDKs/MacOSX15.sdk -arch arm64 -arch x86_64  -c -o src/libdatastruct/avlnode_height.lo src/libdatastruct/avlnode_height.c
exec /usr/bin/clang -D_POSIX_C_SOURCE=200809L -D_XOPEN_SOURCE=700 -Isrc/include -fPIC -Werror=implicit-function-declaration -Werror=implicit-int -Werror=pointer-sign -Werror=pointer-arith -Werror=incompatible-pointer-types -Werror=unguarded-availability -Wno-unused-value -Wno-parentheses -I/private/tmp/mp-skarnet.BQSnVP/prefix/include -isysroot/Library/Developer/CommandLineTools/SDKs/MacOSX15.sdk -pipe -Wall -std=c99 -fno-exceptions -fno-unwind-tables -fno-asynchronous-unwind-tables -ffunction-sections -fdata-sections -O2 -fomit-frame-pointer -pipe -Os -isysroot/Library/Developer/CommandLineTools/SDKs/MacOSX15.sdk -arch arm64 -arch x86_64  -c -o src/libdatastruct/avlnode_insertnode.lo src/libdatastruct/avlnode_insertnode.c
exec /usr/bin/clang -D_POSIX_C_SOURCE=200809L -D_XOPEN_SOURCE=700 -Isrc/include -fPIC -Werror=implicit-function-declaration -Werror=implicit-int -Werror=pointer-sign -Werror=pointer-arith -Werror=incompatible-pointer-types -Werror=unguarded-availability -Wno-unused-value -Wno-parentheses -I/private/tmp/mp-skarnet.BQSnVP/prefix/include -isysroot/Library/Developer/CommandLineTools/SDKs/MacOSX15.sdk -pipe -Wall -std=c99 -fno-exceptions -fno-unwind-tables -fno-asynchronous-unwind-tables -ffunction-sections -fdata-sections -O2 -fomit-frame-pointer -pipe -Os -isysroot/Library/Developer/CommandLineTools/SDKs/MacOSX15.sdk -arch arm64 -arch x86_64  -c -o src/libdatastruct/avlnode_iter.lo src/libdatastruct/avlnode_iter.c
exec /usr/bin/clang -D_POSIX_C_SOURCE=200809L -D_XOPEN_SOURCE=700 -Isrc/include -fPIC -Werror=implicit-function-declaration -Werror=implicit-int -Werror=pointer-sign -Werror=pointer-arith -Werror=incompatible-pointer-types -Werror=unguarded-availability -Wno-unused-value -Wno-parentheses -I/private/tmp/mp-skarnet.BQSnVP/prefix/include -isysroot/Library/Developer/CommandLineTools/SDKs/MacOSX15.sdk -pipe -Wall -std=c99 -fno-exceptions -fno-unwind-tables -fno-asynchronous-unwind-tables -ffunction-sections -fdata-sections -O2 -fomit-frame-pointer -pipe -Os -isysroot/Library/Developer/CommandLineTools/SDKs/MacOSX15.sdk -arch arm64 -arch x86_64  -c -o src/libdatastruct/avlnode_iter_withcancel.lo src/libdatastruct/avlnode_iter_withcancel.c
exec /usr/bin/clang -D_POSIX_C_SOURCE=200809L -D_XOPEN_SOURCE=700 -Isrc/include -fPIC -Werror=implicit-function-declaration -Werror=implicit-int -Werror=pointer-sign -Werror=pointer-arith -Werror=incompatible-pointer-types -Werror=unguarded-availability -Wno-unused-value -Wno-parentheses -I/private/tmp/mp-skarnet.BQSnVP/prefix/include -isysroot/Library/Developer/CommandLineTools/SDKs/MacOSX15.sdk -pipe -Wall -std=c99 -fno-exceptions -fno-unwind-tables -fno-asynchronous-unwind-tables -ffunction-sections -fdata-sections -O2 -fomit-frame-pointer -pipe -Os -isysroot/Library/Developer/CommandLineTools/SDKs/MacOSX15.sdk -arch arm64 -arch x86_64  -c -o src/libdatastruct/avlnode_rotate.lo src/libdatastruct/avlnode_rotate.c
exec /usr/bin/clang -D_POSIX_C_SOURCE=200809L -D_XOPEN_SOURCE=700 -Isrc/include -fPIC -Werror=implicit-function-declaration -Werror=implicit-int -Werror=pointer-sign -Werror=pointer-arith -Werror=incompatible-pointer-types -Werror=unguarded-availability -Wno-unused-value -Wno-parentheses -I/private/tmp/mp-skarnet.BQSnVP/prefix/include -isysroot/Library/Developer/CommandLineTools/SDKs/MacOSX15.sdk -pipe -Wall -std=c99 -fno-exceptions -fno-unwind-tables -fno-asynchronous-unwind-tables -ffunction-sections -fdata-sections -O2 -fomit-frame-pointer -pipe -Os -isysroot/Library/Developer/CommandLineTools/SDKs/MacOSX15.sdk -arch arm64 -arch x86_64  -c -o src/libdatastruct/avlnode_search.lo src/libdatastruct/avlnode_search.c
exec /usr/bin/clang -D_POSIX_C_SOURCE=200809L -D_XOPEN_SOURCE=700 -Isrc/include -fPIC -Werror=implicit-function-declaration -Werror=implicit-int -Werror=pointer-sign -Werror=pointer-arith -Werror=incompatible-pointer-types -Werror=unguarded-availability -Wno-unused-value -Wno-parentheses -I/private/tmp/mp-skarnet.BQSnVP/prefix/include -isysroot/Library/Developer/CommandLineTools/SDKs/MacOSX15.sdk -pipe -Wall -std=c99 -fno-exceptions -fno-unwind-tables -fno-asynchronous-unwind-tables -ffunction-sections -fdata-sections -O2 -fomit-frame-pointer -pipe -Os -isysroot/Library/Developer/CommandLineTools/SDKs/MacOSX15.sdk -arch arm64 -arch x86_64  -c -o src/libdatastruct/avlnode_searchnode.lo src/libdatastruct/avlnode_searchnode.c
exec /usr/bin/clang -D_POSIX_C_SOURCE=200809L -D_XOPEN_SOURCE=700 -Isrc/include -fPIC -Werror=implicit-function-declaration -Werror=implicit-int -Werror=pointer-sign -Werror=pointer-arith -Werror=incompatible-pointer-types -Werror=unguarded-availability -Wno-unused-value -Wno-parentheses -I/private/tmp/mp-skarnet.BQSnVP/prefix/include -isysroot/Library/Developer/CommandLineTools/SDKs/MacOSX15.sdk -pipe -Wall -std=c99 -fno-exceptions -fno-unwind-tables -fno-asynchronous-unwind-tables -ffunction-sections -fdata-sections -O2 -fomit-frame-pointer -pipe -Os -isysroot/Library/Developer/CommandLineTools/SDKs/MacOSX15.sdk -arch arm64 -arch x86_64  -c -o src/libdatastruct/avlnode_zero.lo src/libdatastruct/avlnode_zero.c
exec /usr/bin/clang -D_POSIX_C_SOURCE=200809L -D_XOPEN_SOURCE=700 -Isrc/include -fPIC -Werror=implicit-function-declaration -Werror=implicit-int -Werror=pointer-sign -Werror=pointer-arith -Werror=incompatible-pointer-types -Werror=unguarded-availability -Wno-unused-value -Wno-parentheses -I/private/tmp/mp-skarnet.BQSnVP/prefix/include -isysroot/Library/Developer/CommandLineTools/SDKs/MacOSX15.sdk -pipe -Wall -std=c99 -fno-exceptions -fno-unwind-tables -fno-asynchronous-unwind-tables -ffunction-sections -fdata-sections -O2 -fomit-frame-pointer -pipe -Os -isysroot/Library/Developer/CommandLineTools/SDKs/MacOSX15.sdk -arch arm64 -arch x86_64  -c -o src/libdatastruct/avltree_delete.lo src/libdatastruct/avltree_delete.c
exec /usr/bin/clang -D_POSIX_C_SOURCE=200809L -D_XOPEN_SOURCE=700 -Isrc/include -fPIC -Werror=implicit-function-declaration -Werror=implicit-int -Werror=pointer-sign -Werror=pointer-arith -Werror=incompatible-pointer-types -Werror=unguarded-availability -Wno-unused-value -Wno-parentheses -I/private/tmp/mp-skarnet.BQSnVP/prefix/include -isysroot/Library/Developer/CommandLineTools/SDKs/MacOSX15.sdk -pipe -Wall -std=c99 -fno-exceptions -fno-unwind-tables -fno-asynchronous-unwind-tables -ffunction-sections -fdata-sections -O2 -fomit-frame-pointer -pipe -Os -isysroot/Library/Developer/CommandLineTools/SDKs/MacOSX15.sdk -arch arm64 -arch x86_64  -c -o src/libdatastruct/avltree_free.lo src/libdatastruct/avltree_free.c
exec /usr/bin/clang -D_POSIX_C_SOURCE=200809L -D_XOPEN_SOURCE=700 -Isrc/include -fPIC -Werror=implicit-function-declaration -Werror=implicit-int -Werror=pointer-sign -Werror=pointer-arith -Werror=incompatible-pointer-types -Werror=unguarded-availability -Wno-unused-value -Wno-parentheses -I/private/tmp/mp-skarnet.BQSnVP/prefix/include -isysroot/Library/Developer/CommandLineTools/SDKs/MacOSX15.sdk -pipe -Wall -std=c99 -fno-exceptions -fno-unwind-tables -fno-asynchronous-unwind-tables -ffunction-sections -fdata-sections -O2 -fomit-frame-pointer -pipe -Os -isysroot/Library/Developer/CommandLineTools/SDKs/MacOSX15.sdk -arch arm64 -arch x86_64  -c -o src/libdatastruct/avltree_init.lo src/libdatastruct/avltree_init.c
exec /usr/bin/clang -D_POSIX_C_SOURCE=200809L -D_XOPEN_SOURCE=700 -Isrc/include -fPIC -Werror=implicit-function-declaration -Werror=implicit-int -Werror=pointer-sign -Werror=pointer-arith -Werror=incompatible-pointer-types -Werror=unguarded-availability -Wno-unused-value -Wno-parentheses -I/private/tmp/mp-skarnet.BQSnVP/prefix/include -isysroot/Library/Developer/CommandLineTools/SDKs/MacOSX15.sdk -pipe -Wall -std=c99 -fno-exceptions -fno-unwind-tables -fno-asynchronous-unwind-tables -ffunction-sections -fdata-sections -O2 -fomit-frame-pointer -pipe -Os -isysroot/Library/Developer/CommandLineTools/SDKs/MacOSX15.sdk -arch arm64 -arch x86_64  -c -o src/libdatastruct/avltree_insert.lo src/libdatastruct/avltree_insert.c
exec /usr/bin/clang -D_POSIX_C_SOURCE=200809L -D_XOPEN_SOURCE=700 -Isrc/include -fPIC -Werror=implicit-function-declaration -Werror=implicit-int -Werror=pointer-sign -Werror=pointer-arith -Werror=incompatible-pointer-types -Werror=unguarded-availability -Wno-unused-value -Wno-parentheses -I/private/tmp/mp-skarnet.BQSnVP/prefix/include -isysroot/Library/Developer/CommandLineTools/SDKs/MacOSX15.sdk -pipe -Wall -std=c99 -fno-exceptions -fno-unwind-tables -fno-asynchronous-unwind-tables -ffunction-sections -fdata-sections -O2 -fomit-frame-pointer -pipe -Os -isysroot/Library/Developer/CommandLineTools/SDKs/MacOSX15.sdk -arch arm64 -arch x86_64  -c -o src/libdatastruct/avltree_newnode.lo src/libdatastruct/avltree_newnode.c
exec /usr/bin/clang -D_POSIX_C_SOURCE=200809L -D_XOPEN_SOURCE=700 -Isrc/include -fPIC -Werror=implicit-function-declaration -Werror=implicit-int -Werror=pointer-sign -Werror=pointer-arith -Werror=incompatible-pointer-types -Werror=unguarded-availability -Wno-unused-value -Wno-parentheses -I/private/tmp/mp-skarnet.BQSnVP/prefix/include -isysroot/Library/Developer/CommandLineTools/SDKs/MacOSX15.sdk -pipe -Wall -std=c99 -fno-exceptions -fno-unwind-tables -fno-asynchronous-unwind-tables -ffunction-sections -fdata-sections -O2 -fomit-frame-pointer -pipe -Os -isysroot/Library/Developer/CommandLineTools/SDKs/MacOSX15.sdk -arch arm64 -arch x86_64  -c -o src/libdatastruct/avltree_zero.lo src/libdatastruct/avltree_zero.c
exec /usr/bin/clang -D_POSIX_C_SOURCE=200809L -D_XOPEN_SOURCE=700 -Isrc/include -fPIC -Werror=implicit-function-declaration -Werror=implicit-int -Werror=pointer-sign -Werror=pointer-arith -Werror=incompatible-pointer-types -Werror=unguarded-availability -Wno-unused-value -Wno-parentheses -I/private/tmp/mp-skarnet.BQSnVP/prefix/include -isysroot/Library/Developer/CommandLineTools/SDKs/MacOSX15.sdk -pipe -Wall -std=c99 -fno-exceptions -fno-unwind-tables -fno-asynchronous-unwind-tables -ffunction-sections -fdata-sections -O2 -fomit-frame-pointer -pipe -Os -isysroot/Library/Developer/CommandLineTools/SDKs/MacOSX15.sdk -arch arm64 -arch x86_64  -c -o src/libdatastruct/avltreeb_init.lo src/libdatastruct/avltreeb_init.c
exec /usr/bin/clang -D_POSIX_C_SOURCE=200809L -D_XOPEN_SOURCE=700 -Isrc/include -fPIC -Werror=implicit-function-declaration -Werror=implicit-int -Werror=pointer-sign -Werror=pointer-arith -Werror=incompatible-pointer-types -Werror=unguarded-availability -Wno-unused-value -Wno-parentheses -I/private/tmp/mp-skarnet.BQSnVP/prefix/include -isysroot/Library/Developer/CommandLineTools/SDKs/MacOSX15.sdk -pipe -Wall -std=c99 -fno-exceptions -fno-unwind-tables -fno-asynchronous-unwind-tables -ffunction-sections -fdata-sections -O2 -fomit-frame-pointer -pipe -Os -isysroot/Library/Developer/CommandLineTools/SDKs/MacOSX15.sdk -arch arm64 -arch x86_64  -c -o src/libdatastruct/avltreen_delete.lo src/libdatastruct/avltreen_delete.c
exec /usr/bin/clang -D_POSIX_C_SOURCE=200809L -D_XOPEN_SOURCE=700 -Isrc/include -fPIC -Werror=implicit-function-declaration -Werror=implicit-int -Werror=pointer-sign -Werror=pointer-arith -Werror=incompatible-pointer-types -Werror=unguarded-availability -Wno-unused-value -Wno-parentheses -I/private/tmp/mp-skarnet.BQSnVP/prefix/include -isysroot/Library/Developer/CommandLineTools/SDKs/MacOSX15.sdk -pipe -Wall -std=c99 -fno-exceptions -fno-unwind-tables -fno-asynchronous-unwind-tables -ffunction-sections -fdata-sections -O2 -fomit-frame-pointer -pipe -Os -isysroot/Library/Developer/CommandLineTools/SDKs/MacOSX15.sdk -arch arm64 -arch x86_64  -c -o src/libdatastruct/avltreen_init.lo src/libdatastruct/avltreen_init.c
exec /usr/bin/clang -D_POSIX_C_SOURCE=200809L -D_XOPEN_SOURCE=700 -Isrc/include -fPIC -Werror=implicit-function-declaration -Werror=implicit-int -Werror=pointer-sign -Werror=pointer-arith -Werror=incompatible-pointer-types -Werror=unguarded-availability -Wno-unused-value -Wno-parentheses -I/private/tmp/mp-skarnet.BQSnVP/prefix/include -isysroot/Library/Developer/CommandLineTools/SDKs/MacOSX15.sdk -pipe -Wall -std=c99 -fno-exceptions -fno-unwind-tables -fno-asynchronous-unwind-tables -ffunction-sections -fdata-sections -O2 -fomit-frame-pointer -pipe -Os -isysroot/Library/Developer/CommandLineTools/SDKs/MacOSX15.sdk -arch arm64 -arch x86_64  -c -o src/libdatastruct/avltreen_insert.lo src/libdatastruct/avltreen_insert.c
exec /usr/bin/clang -D_POSIX_C_SOURCE=200809L -D_XOPEN_SOURCE=700 -Isrc/include -fPIC -Werror=implicit-function-declaration -Werror=implicit-int -Werror=pointer-sign -Werror=pointer-arith -Werror=incompatible-pointer-types -Werror=unguarded-availability -Wno-unused-value -Wno-parentheses -I/private/tmp/mp-skarnet.BQSnVP/prefix/include -isysroot/Library/Developer/CommandLineTools/SDKs/MacOSX15.sdk -pipe -Wall -std=c99 -fno-exceptions -fno-unwind-tables -fno-asynchronous-unwind-tables -ffunction-sections -fdata-sections -O2 -fomit-frame-pointer -pipe -Os -isysroot/Library/Developer/CommandLineTools/SDKs/MacOSX15.sdk -arch arm64 -arch x86_64  -c -o src/libdatastruct/avltreen_newnode.lo src/libdatastruct/avltreen_newnode.c
exec /usr/bin/clang -D_POSIX_C_SOURCE=200809L -D_XOPEN_SOURCE=700 -Isrc/include -fPIC -Werror=implicit-function-declaration -Werror=implicit-int -Werror=pointer-sign -Werror=pointer-arith -Werror=incompatible-pointer-types -Werror=unguarded-availability -Wno-unused-value -Wno-parentheses -I/private/tmp/mp-skarnet.BQSnVP/prefix/include -isysroot/Library/Developer/CommandLineTools/SDKs/MacOSX15.sdk -pipe -Wall -std=c99 -fno-exceptions -fno-unwind-tables -fno-asynchronous-unwind-tables -ffunction-sections -fdata-sections -O2 -fomit-frame-pointer -pipe -Os -isysroot/Library/Developer/CommandLineTools/SDKs/MacOSX15.sdk -arch arm64 -arch x86_64  -c -o src/libdatastruct/bigkv_fill.lo src/libdatastruct/bigkv_fill.c
exec /usr/bin/clang -D_POSIX_C_SOURCE=200809L -D_XOPEN_SOURCE=700 -Isrc/include -fPIC -Werror=implicit-function-declaration -Werror=implicit-int -Werror=pointer-sign -Werror=pointer-arith -Werror=incompatible-pointer-types -Werror=unguarded-availability -Wno-unused-value -Wno-parentheses -I/private/tmp/mp-skarnet.BQSnVP/prefix/include -isysroot/Library/Developer/CommandLineTools/SDKs/MacOSX15.sdk -pipe -Wall -std=c99 -fno-exceptions -fno-unwind-tables -fno-asynchronous-unwind-tables -ffunction-sections -fdata-sections -O2 -fomit-frame-pointer -pipe -Os -isysroot/Library/Developer/CommandLineTools/SDKs/MacOSX15.sdk -arch arm64 -arch x86_64  -c -o src/libdatastruct/bigkv_free.lo src/libdatastruct/bigkv_free.c
exec /usr/bin/clang -D_POSIX_C_SOURCE=200809L -D_XOPEN_SOURCE=700 -Isrc/include -fPIC -Werror=implicit-function-declaration -Werror=implicit-int -Werror=pointer-sign -Werror=pointer-arith -Werror=incompatible-pointer-types -Werror=unguarded-availability -Wno-unused-value -Wno-parentheses -I/private/tmp/mp-skarnet.BQSnVP/prefix/include -isysroot/Library/Developer/CommandLineTools/SDKs/MacOSX15.sdk -pipe -Wall -std=c99 -fno-exceptions -fno-unwind-tables -fno-asynchronous-unwind-tables -ffunction-sections -fdata-sections -O2 -fomit-frame-pointer -pipe -Os -isysroot/Library/Developer/CommandLineTools/SDKs/MacOSX15.sdk -arch arm64 -arch x86_64  -c -o src/libdatastruct/bigkv_search.lo src/libdatastruct/bigkv_search.c
exec /usr/bin/clang -D_POSIX_C_SOURCE=200809L -D_XOPEN_SOURCE=700 -Isrc/include -fPIC -Werror=implicit-function-declaration -Werror=implicit-int -Werror=pointer-sign -Werror=pointer-arith -Werror=incompatible-pointer-types -Werror=unguarded-availability -Wno-unused-value -Wno-parentheses -I/private/tmp/mp-skarnet.BQSnVP/prefix/include -isysroot/Library/Developer/CommandLineTools/SDKs/MacOSX15.sdk -pipe -Wall -std=c99 -fno-exceptions -fno-unwind-tables -fno-asynchronous-unwind-tables -ffunction-sections -fdata-sections -O2 -fomit-frame-pointer -pipe -Os -isysroot/Library/Developer/CommandLineTools/SDKs/MacOSX15.sdk -arch arm64 -arch x86_64  -c -o src/libdatastruct/bigkv_zero.lo src/libdatastruct/bigkv_zero.c
exec /usr/bin/clang -D_POSIX_C_SOURCE=200809L -D_XOPEN_SOURCE=700 -Isrc/include -fPIC -Werror=implicit-function-declaration -Werror=implicit-int -Werror=pointer-sign -Werror=pointer-arith -Werror=incompatible-pointer-types -Werror=unguarded-availability -Wno-unused-value -Wno-parentheses -I/private/tmp/mp-skarnet.BQSnVP/prefix/include -isysroot/Library/Developer/CommandLineTools/SDKs/MacOSX15.sdk -pipe -Wall -std=c99 -fno-exceptions -fno-unwind-tables -fno-asynchronous-unwind-tables -ffunction-sections -fdata-sections -O2 -fomit-frame-pointer -pipe -Os -isysroot/Library/Developer/CommandLineTools/SDKs/MacOSX15.sdk -arch arm64 -arch x86_64  -c -o src/libdatastruct/genqdyn_clean.lo src/libdatastruct/genqdyn_clean.c
exec /usr/bin/clang -D_POSIX_C_SOURCE=200809L -D_XOPEN_SOURCE=700 -Isrc/include -fPIC -Werror=implicit-function-declaration -Werror=implicit-int -Werror=pointer-sign -Werror=pointer-arith -Werror=incompatible-pointer-types -Werror=unguarded-availability -Wno-unused-value -Wno-parentheses -I/private/tmp/mp-skarnet.BQSnVP/prefix/include -isysroot/Library/Developer/CommandLineTools/SDKs/MacOSX15.sdk -pipe -Wall -std=c99 -fno-exceptions -fno-unwind-tables -fno-asynchronous-unwind-tables -ffunction-sections -fdata-sections -O2 -fomit-frame-pointer -pipe -Os -isysroot/Library/Developer/CommandLineTools/SDKs/MacOSX15.sdk -arch arm64 -arch x86_64  -c -o src/libdatastruct/genqdyn_free.lo src/libdatastruct/genqdyn_free.c
exec /usr/bin/clang -D_POSIX_C_SOURCE=200809L -D_XOPEN_SOURCE=700 -Isrc/include -fPIC -Werror=implicit-function-declaration -Werror=implicit-int -Werror=pointer-sign -Werror=pointer-arith -Werror=incompatible-pointer-types -Werror=unguarded-availability -Wno-unused-value -Wno-parentheses -I/private/tmp/mp-skarnet.BQSnVP/prefix/include -isysroot/Library/Developer/CommandLineTools/SDKs/MacOSX15.sdk -pipe -Wall -std=c99 -fno-exceptions -fno-unwind-tables -fno-asynchronous-unwind-tables -ffunction-sections -fdata-sections -O2 -fomit-frame-pointer -pipe -Os -isysroot/Library/Developer/CommandLineTools/SDKs/MacOSX15.sdk -arch arm64 -arch x86_64  -c -o src/libdatastruct/genqdyn_init.lo src/libdatastruct/genqdyn_init.c
exec /usr/bin/clang -D_POSIX_C_SOURCE=200809L -D_XOPEN_SOURCE=700 -Isrc/include -fPIC -Werror=implicit-function-declaration -Werror=implicit-int -Werror=pointer-sign -Werror=pointer-arith -Werror=incompatible-pointer-types -Werror=unguarded-availability -Wno-unused-value -Wno-parentheses -I/private/tmp/mp-skarnet.BQSnVP/prefix/include -isysroot/Library/Developer/CommandLineTools/SDKs/MacOSX15.sdk -pipe -Wall -std=c99 -fno-exceptions -fno-unwind-tables -fno-asynchronous-unwind-tables -ffunction-sections -fdata-sections -O2 -fomit-frame-pointer -pipe -Os -isysroot/Library/Developer/CommandLineTools/SDKs/MacOSX15.sdk -arch arm64 -arch x86_64  -c -o src/libdatastruct/genqdyn_pop.lo src/libdatastruct/genqdyn_pop.c
exec /usr/bin/clang -D_POSIX_C_SOURCE=200809L -D_XOPEN_SOURCE=700 -Isrc/include -fPIC -Werror=implicit-function-declaration -Werror=implicit-int -Werror=pointer-sign -Werror=pointer-arith -Werror=incompatible-pointer-types -Werror=unguarded-availability -Wno-unused-value -Wno-parentheses -I/private/tmp/mp-skarnet.BQSnVP/prefix/include -isysroot/Library/Developer/CommandLineTools/SDKs/MacOSX15.sdk -pipe -Wall -std=c99 -fno-exceptions -fno-unwind-tables -fno-asynchronous-unwind-tables -ffunction-sections -fdata-sections -O2 -fomit-frame-pointer -pipe -Os -isysroot/Library/Developer/CommandLineTools/SDKs/MacOSX15.sdk -arch arm64 -arch x86_64  -c -o src/libdatastruct/genqdyn_push.lo src/libdatastruct/genqdyn_push.c
exec /usr/bin/clang -D_POSIX_C_SOURCE=200809L -D_XOPEN_SOURCE=700 -Isrc/include -fPIC -Werror=implicit-function-declaration -Werror=implicit-int -Werror=pointer-sign -Werror=pointer-arith -Werror=incompatible-pointer-types -Werror=unguarded-availability -Wno-unused-value -Wno-parentheses -I/private/tmp/mp-skarnet.BQSnVP/prefix/include -isysroot/Library/Developer/CommandLineTools/SDKs/MacOSX15.sdk -pipe -Wall -std=c99 -fno-exceptions -fno-unwind-tables -fno-asynchronous-unwind-tables -ffunction-sections -fdata-sections -O2 -fomit-frame-pointer -pipe -Os -isysroot/Library/Developer/CommandLineTools/SDKs/MacOSX15.sdk -arch arm64 -arch x86_64  -c -o src/libdatastruct/genqdyn_unpush.lo src/libdatastruct/genqdyn_unpush.c
exec /usr/bin/clang -D_POSIX_C_SOURCE=200809L -D_XOPEN_SOURCE=700 -Isrc/include -fPIC -Werror=implicit-function-declaration -Werror=implicit-int -Werror=pointer-sign -Werror=pointer-arith -Werror=incompatible-pointer-types -Werror=unguarded-availability -Wno-unused-value -Wno-parentheses -I/private/tmp/mp-skarnet.BQSnVP/prefix/include -isysroot/Library/Developer/CommandLineTools/SDKs/MacOSX15.sdk -pipe -Wall -std=c99 -fno-exceptions -fno-unwind-tables -fno-asynchronous-unwind-tables -ffunction-sections -fdata-sections -O2 -fomit-frame-pointer -pipe -Os -isysroot/Library/Developer/CommandLineTools/SDKs/MacOSX15.sdk -arch arm64 -arch x86_64  -c -o src/libdatastruct/genqdyn_zero.lo src/libdatastruct/genqdyn_zero.c
exec /usr/bin/clang -D_POSIX_C_SOURCE=200809L -D_XOPEN_SOURCE=700 -Isrc/include -fPIC -Werror=implicit-function-declaration -Werror=implicit-int -Werror=pointer-sign -Werror=pointer-arith -Werror=incompatible-pointer-types -Werror=unguarded-availability -Wno-unused-value -Wno-parentheses -I/private/tmp/mp-skarnet.BQSnVP/prefix/include -isysroot/Library/Developer/CommandLineTools/SDKs/MacOSX15.sdk -pipe -Wall -std=c99 -fno-exceptions -fno-unwind-tables -fno-asynchronous-unwind-tables -ffunction-sections -fdata-sections -O2 -fomit-frame-pointer -pipe -Os -isysroot/Library/Developer/CommandLineTools/SDKs/MacOSX15.sdk -arch arm64 -arch x86_64  -c -o src/libdatastruct/genset.lo src/libdatastruct/genset.c
exec /usr/bin/clang -D_POSIX_C_SOURCE=200809L -D_XOPEN_SOURCE=700 -Isrc/include -fPIC -Werror=implicit-function-declaration -Werror=implicit-int -Werror=pointer-sign -Werror=pointer-arith -Werror=incompatible-pointer-types -Werror=unguarded-availability -Wno-unused-value -Wno-parentheses -I/private/tmp/mp-skarnet.BQSnVP/prefix/include -isysroot/Library/Developer/CommandLineTools/SDKs/MacOSX15.sdk -pipe -Wall -std=c99 -fno-exceptions -fno-unwind-tables -fno-asynchronous-unwind-tables -ffunction-sections -fdata-sections -O2 -fomit-frame-pointer -pipe -Os -isysroot/Library/Developer/CommandLineTools/SDKs/MacOSX15.sdk -arch arm64 -arch x86_64  -c -o src/libdatastruct/genset_deepfree.lo src/libdatastruct/genset_deepfree.c
exec /usr/bin/clang -D_POSIX_C_SOURCE=200809L -D_XOPEN_SOURCE=700 -Isrc/include -fPIC -Werror=implicit-function-declaration -Werror=implicit-int -Werror=pointer-sign -Werror=pointer-arith -Werror=incompatible-pointer-types -Werror=unguarded-availability -Wno-unused-value -Wno-parentheses -I/private/tmp/mp-skarnet.BQSnVP/prefix/include -isysroot/Library/Developer/CommandLineTools/SDKs/MacOSX15.sdk -pipe -Wall -std=c99 -fno-exceptions -fno-unwind-tables -fno-asynchronous-unwind-tables -ffunction-sections -fdata-sections -O2 -fomit-frame-pointer -pipe -Os -isysroot/Library/Developer/CommandLineTools/SDKs/MacOSX15.sdk -arch arm64 -arch x86_64  -c -o src/libdatastruct/genset_iter_nocancel.lo src/libdatastruct/genset_iter_nocancel.c
exec /usr/bin/clang -D_POSIX_C_SOURCE=200809L -D_XOPEN_SOURCE=700 -Isrc/include -fPIC -Werror=implicit-function-declaration -Werror=implicit-int -Werror=pointer-sign -Werror=pointer-arith -Werror=incompatible-pointer-types -Werror=unguarded-availability -Wno-unused-value -Wno-parentheses -I/private/tmp/mp-skarnet.BQSnVP/prefix/include -isysroot/Library/Developer/CommandLineTools/SDKs/MacOSX15.sdk -pipe -Wall -std=c99 -fno-exceptions -fno-unwind-tables -fno-asynchronous-unwind-tables -ffunction-sections -fdata-sections -O2 -fomit-frame-pointer -pipe -Os -isysroot/Library/Developer/CommandLineTools/SDKs/MacOSX15.sdk -arch arm64 -arch x86_64  -c -o src/libdatastruct/genset_iter_withcancel.lo src/libdatastruct/genset_iter_withcancel.c
exec /usr/bin/clang -D_POSIX_C_SOURCE=200809L -D_XOPEN_SOURCE=700 -Isrc/include -fPIC -Werror=implicit-function-declaration -Werror=implicit-int -Werror=pointer-sign -Werror=pointer-arith -Werror=incompatible-pointer-types -Werror=unguarded-availability -Wno-unused-value -Wno-parentheses -I/private/tmp/mp-skarnet.BQSnVP/prefix/include -isysroot/Library/Developer/CommandLineTools/SDKs/MacOSX15.sdk -pipe -Wall -std=c99 -fno-exceptions -fno-unwind-tables -fno-asynchronous-unwind-tables -ffunction-sections -fdata-sections -O2 -fomit-frame-pointer -pipe -Os -isysroot/Library/Developer/CommandLineTools/SDKs/MacOSX15.sdk -arch arm64 -arch x86_64  -c -o src/libdatastruct/gensetdyn_deepfree.lo src/libdatastruct/gensetdyn_deepfree.c
exec /usr/bin/clang -D_POSIX_C_SOURCE=200809L -D_XOPEN_SOURCE=700 -Isrc/include -fPIC -Werror=implicit-function-declaration -Werror=implicit-int -Werror=pointer-sign -Werror=pointer-arith -Werror=incompatible-pointer-types -Werror=unguarded-availability -Wno-unused-value -Wno-parentheses -I/private/tmp/mp-skarnet.BQSnVP/prefix/include -isysroot/Library/Developer/CommandLineTools/SDKs/MacOSX15.sdk -pipe -Wall -std=c99 -fno-exceptions -fno-unwind-tables -fno-asynchronous-unwind-tables -ffunction-sections -fdata-sections -O2 -fomit-frame-pointer -pipe -Os -isysroot/Library/Developer/CommandLineTools/SDKs/MacOSX15.sdk -arch arm64 -arch x86_64  -c -o src/libdatastruct/gensetdyn_delete.lo src/libdatastruct/gensetdyn_delete.c
exec /usr/bin/clang -D_POSIX_C_SOURCE=200809L -D_XOPEN_SOURCE=700 -Isrc/include -fPIC -Werror=implicit-function-declaration -Werror=implicit-int -Werror=pointer-sign -Werror=pointer-arith -Werror=incompatible-pointer-types -Werror=unguarded-availability -Wno-unused-value -Wno-parentheses -I/private/tmp/mp-skarnet.BQSnVP/prefix/include -isysroot/Library/Developer/CommandLineTools/SDKs/MacOSX15.sdk -pipe -Wall -std=c99 -fno-exceptions -fno-unwind-tables -fno-asynchronous-unwind-tables -ffunction-sections -fdata-sections -O2 -fomit-frame-pointer -pipe -Os -isysroot/Library/Developer/CommandLineTools/SDKs/MacOSX15.sdk -arch arm64 -arch x86_64  -c -o src/libdatastruct/gensetdyn_free.lo src/libdatastruct/gensetdyn_free.c
exec /usr/bin/clang -D_POSIX_C_SOURCE=200809L -D_XOPEN_SOURCE=700 -Isrc/include -fPIC -Werror=implicit-function-declaration -Werror=implicit-int -Werror=pointer-sign -Werror=pointer-arith -Werror=incompatible-pointer-types -Werror=unguarded-availability -Wno-unused-value -Wno-parentheses -I/private/tmp/mp-skarnet.BQSnVP/prefix/include -isysroot/Library/Developer/CommandLineTools/SDKs/MacOSX15.sdk -pipe -Wall -std=c99 -fno-exceptions -fno-unwind-tables -fno-asynchronous-unwind-tables -ffunction-sections -fdata-sections -O2 -fomit-frame-pointer -pipe -Os -isysroot/Library/Developer/CommandLineTools/SDKs/MacOSX15.sdk -arch arm64 -arch x86_64  -c -o src/libdatastruct/gensetdyn_init.lo src/libdatastruct/gensetdyn_init.c
exec /usr/bin/clang -D_POSIX_C_SOURCE=200809L -D_XOPEN_SOURCE=700 -Isrc/include -fPIC -Werror=implicit-function-declaration -Werror=implicit-int -Werror=pointer-sign -Werror=pointer-arith -Werror=incompatible-pointer-types -Werror=unguarded-availability -Wno-unused-value -Wno-parentheses -I/private/tmp/mp-skarnet.BQSnVP/prefix/include -isysroot/Library/Developer/CommandLineTools/SDKs/MacOSX15.sdk -pipe -Wall -std=c99 -fno-exceptions -fno-unwind-tables -fno-asynchronous-unwind-tables -ffunction-sections -fdata-sections -O2 -fomit-frame-pointer -pipe -Os -isysroot/Library/Developer/CommandLineTools/SDKs/MacOSX15.sdk -arch arm64 -arch x86_64  -c -o src/libdatastruct/gensetdyn_iter_nocancel.lo src/libdatastruct/gensetdyn_iter_nocancel.c
exec /usr/bin/clang -D_POSIX_C_SOURCE=200809L -D_XOPEN_SOURCE=700 -Isrc/include -fPIC -Werror=implicit-function-declaration -Werror=implicit-int -Werror=pointer-sign -Werror=pointer-arith -Werror=incompatible-pointer-types -Werror=unguarded-availability -Wno-unused-value -Wno-parentheses -I/private/tmp/mp-skarnet.BQSnVP/prefix/include -isysroot/Library/Developer/CommandLineTools/SDKs/MacOSX15.sdk -pipe -Wall -std=c99 -fno-exceptions -fno-unwind-tables -fno-asynchronous-unwind-tables -ffunction-sections -fdata-sections -O2 -fomit-frame-pointer -pipe -Os -isysroot/Library/Developer/CommandLineTools/SDKs/MacOSX15.sdk -arch arm64 -arch x86_64  -c -o src/libdatastruct/gensetdyn_iter_withcancel.lo src/libdatastruct/gensetdyn_iter_withcancel.c
exec /usr/bin/clang -D_POSIX_C_SOURCE=200809L -D_XOPEN_SOURCE=700 -Isrc/include -fPIC -Werror=implicit-function-declaration -Werror=implicit-int -Werror=pointer-sign -Werror=pointer-arith -Werror=incompatible-pointer-types -Werror=unguarded-availability -Wno-unused-value -Wno-parentheses -I/private/tmp/mp-skarnet.BQSnVP/prefix/include -isysroot/Library/Developer/CommandLineTools/SDKs/MacOSX15.sdk -pipe -Wall -std=c99 -fno-exceptions -fno-unwind-tables -fno-asynchronous-unwind-tables -ffunction-sections -fdata-sections -O2 -fomit-frame-pointer -pipe -Os -isysroot/Library/Developer/CommandLineTools/SDKs/MacOSX15.sdk -arch arm64 -arch x86_64  -c -o src/libdatastruct/gensetdyn_new.lo src/libdatastruct/gensetdyn_new.c
exec /usr/bin/clang -D_POSIX_C_SOURCE=200809L -D_XOPEN_SOURCE=700 -Isrc/include -fPIC -Werror=implicit-function-declaration -Werror=implicit-int -Werror=pointer-sign -Werror=pointer-arith -Werror=incompatible-pointer-types -Werror=unguarded-availability -Wno-unused-value -Wno-parentheses -I/private/tmp/mp-skarnet.BQSnVP/prefix/include -isysroot/Library/Developer/CommandLineTools/SDKs/MacOSX15.sdk -pipe -Wall -std=c99 -fno-exceptions -fno-unwind-tables -fno-asynchronous-unwind-tables -ffunction-sections -fdata-sections -O2 -fomit-frame-pointer -pipe -Os -isysroot/Library/Developer/CommandLineTools/SDKs/MacOSX15.sdk -arch arm64 -arch x86_64  -c -o src/libdatastruct/gensetdyn_ready.lo src/libdatastruct/gensetdyn_ready.c
exec /usr/bin/clang -D_POSIX_C_SOURCE=200809L -D_XOPEN_SOURCE=700 -Isrc/include -fPIC -Werror=implicit-function-declaration -Werror=implicit-int -Werror=pointer-sign -Werror=pointer-arith -Werror=incompatible-pointer-types -Werror=unguarded-availability -Wno-unused-value -Wno-parentheses -I/private/tmp/mp-skarnet.BQSnVP/prefix/include -isysroot/Library/Developer/CommandLineTools/SDKs/MacOSX15.sdk -pipe -Wall -std=c99 -fno-exceptions -fno-unwind-tables -fno-asynchronous-unwind-tables -ffunction-sections -fdata-sections -O2 -fomit-frame-pointer -pipe -Os -isysroot/Library/Developer/CommandLineTools/SDKs/MacOSX15.sdk -arch arm64 -arch x86_64  -c -o src/libdatastruct/gensetdyn_zero.lo src/libdatastruct/gensetdyn_zero.c
exec tools/gen-bits.sh sysdeps.cfg/sysdeps 64 21 25 17 65 > src/include/skalibs/uint64.h
exec /usr/bin/clang -D_POSIX_C_SOURCE=200809L -D_XOPEN_SOURCE=700 -Isrc/include -fPIC -Werror=implicit-function-declaration -Werror=implicit-int -Werror=pointer-sign -Werror=pointer-arith -Werror=incompatible-pointer-types -Werror=unguarded-availability -Wno-unused-value -Wno-parentheses -I/private/tmp/mp-skarnet.BQSnVP/prefix/include -isysroot/Library/Developer/CommandLineTools/SDKs/MacOSX15.sdk -pipe -Wall -std=c99 -fno-exceptions -fno-unwind-tables -fno-asynchronous-unwind-tables -ffunction-sections -fdata-sections -O2 -fomit-frame-pointer -pipe -Os -isysroot/Library/Developer/CommandLineTools/SDKs/MacOSX15.sdk -arch arm64 -arch x86_64  -c -o src/libenvexec/child_spawn0.lo src/libenvexec/child_spawn0.c
exec /usr/bin/clang -D_POSIX_C_SOURCE=200809L -D_XOPEN_SOURCE=700 -Isrc/include -fPIC -Werror=implicit-function-declaration -Werror=implicit-int -Werror=pointer-sign -Werror=pointer-arith -Werror=incompatible-pointer-types -Werror=unguarded-availability -Wno-unused-value -Wno-parentheses -I/private/tmp/mp-skarnet.BQSnVP/prefix/include -isysroot/Library/Developer/CommandLineTools/SDKs/MacOSX15.sdk -pipe -Wall -std=c99 -fno-exceptions -fno-unwind-tables -fno-asynchronous-unwind-tables -ffunction-sections -fdata-sections -O2 -fomit-frame-pointer -pipe -Os -isysroot/Library/Developer/CommandLineTools/SDKs/MacOSX15.sdk -arch arm64 -arch x86_64  -c -o src/libenvexec/child_spawn1_internal.lo src/libenvexec/child_spawn1_internal.c
exec /usr/bin/clang -D_POSIX_C_SOURCE=200809L -D_XOPEN_SOURCE=700 -Isrc/include -fPIC -Werror=implicit-function-declaration -Werror=implicit-int -Werror=pointer-sign -Werror=pointer-arith -Werror=incompatible-pointer-types -Werror=unguarded-availability -Wno-unused-value -Wno-parentheses -I/private/tmp/mp-skarnet.BQSnVP/prefix/include -isysroot/Library/Developer/CommandLineTools/SDKs/MacOSX15.sdk -pipe -Wall -std=c99 -fno-exceptions -fno-unwind-tables -fno-asynchronous-unwind-tables -ffunction-sections -fdata-sections -O2 -fomit-frame-pointer -pipe -Os -isysroot/Library/Developer/CommandLineTools/SDKs/MacOSX15.sdk -arch arm64 -arch x86_64  -c -o src/libenvexec/child_spawn1_pipe.lo src/libenvexec/child_spawn1_pipe.c
exec /usr/bin/clang -D_POSIX_C_SOURCE=200809L -D_XOPEN_SOURCE=700 -Isrc/include -fPIC -Werror=implicit-function-declaration -Werror=implicit-int -Werror=pointer-sign -Werror=pointer-arith -Werror=incompatible-pointer-types -Werror=unguarded-availability -Wno-unused-value -Wno-parentheses -I/private/tmp/mp-skarnet.BQSnVP/prefix/include -isysroot/Library/Developer/CommandLineTools/SDKs/MacOSX15.sdk -pipe -Wall -std=c99 -fno-exceptions -fno-unwind-tables -fno-asynchronous-unwind-tables -ffunction-sections -fdata-sections -O2 -fomit-frame-pointer -pipe -Os -isysroot/Library/Developer/CommandLineTools/SDKs/MacOSX15.sdk -arch arm64 -arch x86_64  -c -o src/libenvexec/child_spawn2.lo src/libenvexec/child_spawn2.c
exec tools/gen-sysdepsh.sh `cat sysdeps.cfg/target` < sysdeps.cfg/sysdeps > src/include/skalibs/sysdeps.h
exec /usr/bin/clang -D_POSIX_C_SOURCE=200809L -D_XOPEN_SOURCE=700 -Isrc/include -fPIC -Werror=implicit-function-declaration -Werror=implicit-int -Werror=pointer-sign -Werror=pointer-arith -Werror=incompatible-pointer-types -Werror=unguarded-availability -Wno-unused-value -Wno-parentheses -I/private/tmp/mp-skarnet.BQSnVP/prefix/include -isysroot/Library/Developer/CommandLineTools/SDKs/MacOSX15.sdk -pipe -Wall -std=c99 -fno-exceptions -fno-unwind-tables -fno-asynchronous-unwind-tables -ffunction-sections -fdata-sections -O2 -fomit-frame-pointer -pipe -Os -isysroot/Library/Developer/CommandLineTools/SDKs/MacOSX15.sdk -arch arm64 -arch x86_64  -c -o src/libenvexec/env_addmodif.lo src/libenvexec/env_addmodif.c
exec /usr/bin/clang -D_POSIX_C_SOURCE=200809L -D_XOPEN_SOURCE=700 -Isrc/include -fPIC -Werror=implicit-function-declaration -Werror=implicit-int -Werror=pointer-sign -Werror=pointer-arith -Werror=incompatible-pointer-types -Werror=unguarded-availability -Wno-unused-value -Wno-parentheses -I/private/tmp/mp-skarnet.BQSnVP/prefix/include -isysroot/Library/Developer/CommandLineTools/SDKs/MacOSX15.sdk -pipe -Wall -std=c99 -fno-exceptions -fno-unwind-tables -fno-asynchronous-unwind-tables -ffunction-sections -fdata-sections -O2 -fomit-frame-pointer -pipe -Os -isysroot/Library/Developer/CommandLineTools/SDKs/MacOSX15.sdk -arch arm64 -arch x86_64  -c -o src/libenvexec/env_dump.lo src/libenvexec/env_dump.c
exec /usr/bin/clang -D_POSIX_C_SOURCE=200809L -D_XOPEN_SOURCE=700 -Isrc/include -fPIC -Werror=implicit-function-declaration -Werror=implicit-int -Werror=pointer-sign -Werror=pointer-arith -Werror=incompatible-pointer-types -Werror=unguarded-availability -Wno-unused-value -Wno-parentheses -I/private/tmp/mp-skarnet.BQSnVP/prefix/include -isysroot/Library/Developer/CommandLineTools/SDKs/MacOSX15.sdk -pipe -Wall -std=c99 -fno-exceptions -fno-unwind-tables -fno-asynchronous-unwind-tables -ffunction-sections -fdata-sections -O2 -fomit-frame-pointer -pipe -Os -isysroot/Library/Developer/CommandLineTools/SDKs/MacOSX15.sdk -arch arm64 -arch x86_64  -c -o src/libenvexec/env_dump4.lo src/libenvexec/env_dump4.c
exec /usr/bin/clang -D_POSIX_C_SOURCE=200809L -D_XOPEN_SOURCE=700 -Isrc/include -fPIC -Werror=implicit-function-declaration -Werror=implicit-int -Werror=pointer-sign -Werror=pointer-arith -Werror=incompatible-pointer-types -Werror=unguarded-availability -Wno-unused-value -Wno-parentheses -I/private/tmp/mp-skarnet.BQSnVP/prefix/include -isysroot/Library/Developer/CommandLineTools/SDKs/MacOSX15.sdk -pipe -Wall -std=c99 -fno-exceptions -fno-unwind-tables -fno-asynchronous-unwind-tables -ffunction-sections -fdata-sections -O2 -fomit-frame-pointer -pipe -Os -isysroot/Library/Developer/CommandLineTools/SDKs/MacOSX15.sdk -arch arm64 -arch x86_64  -c -o src/libenvexec/env_get2.lo src/libenvexec/env_get2.c
exec /usr/bin/clang -D_POSIX_C_SOURCE=200809L -D_XOPEN_SOURCE=700 -Isrc/include -fPIC -Werror=implicit-function-declaration -Werror=implicit-int -Werror=pointer-sign -Werror=pointer-arith -Werror=incompatible-pointer-types -Werror=unguarded-availability -Wno-unused-value -Wno-parentheses -I/private/tmp/mp-skarnet.BQSnVP/prefix/include -isysroot/Library/Developer/CommandLineTools/SDKs/MacOSX15.sdk -pipe -Wall -std=c99 -fno-exceptions -fno-unwind-tables -fno-asynchronous-unwind-tables -ffunction-sections -fdata-sections -O2 -fomit-frame-pointer -pipe -Os -isysroot/Library/Developer/CommandLineTools/SDKs/MacOSX15.sdk -arch arm64 -arch x86_64  -c -o src/libenvexec/env_len.lo src/libenvexec/env_len.c
exec /usr/bin/clang -D_POSIX_C_SOURCE=200809L -D_XOPEN_SOURCE=700 -Isrc/include -fPIC -Werror=implicit-function-declaration -Werror=implicit-int -Werror=pointer-sign -Werror=pointer-arith -Werror=incompatible-pointer-types -Werror=unguarded-availability -Wno-unused-value -Wno-parentheses -I/private/tmp/mp-skarnet.BQSnVP/prefix/include -isysroot/Library/Developer/CommandLineTools/SDKs/MacOSX15.sdk -pipe -Wall -std=c99 -fno-exceptions -fno-unwind-tables -fno-asynchronous-unwind-tables -ffunction-sections -fdata-sections -O2 -fomit-frame-pointer -pipe -Os -isysroot/Library/Developer/CommandLineTools/SDKs/MacOSX15.sdk -arch arm64 -arch x86_64  -c -o src/libenvexec/env_make.lo src/libenvexec/env_make.c
exec /usr/bin/clang -D_POSIX_C_SOURCE=200809L -D_XOPEN_SOURCE=700 -Isrc/include -fPIC -Werror=implicit-function-declaration -Werror=implicit-int -Werror=pointer-sign -Werror=pointer-arith -Werror=incompatible-pointer-types -Werror=unguarded-availability -Wno-unused-value -Wno-parentheses -I/private/tmp/mp-skarnet.BQSnVP/prefix/include -isysroot/Library/Developer/CommandLineTools/SDKs/MacOSX15.sdk -pipe -Wall -std=c99 -fno-exceptions -fno-unwind-tables -fno-asynchronous-unwind-tables -ffunction-sections -fdata-sections -O2 -fomit-frame-pointer -pipe -Os -isysroot/Library/Developer/CommandLineTools/SDKs/MacOSX15.sdk -arch arm64 -arch x86_64  -c -o src/libenvexec/env_merg.lo src/libenvexec/env_merg.c
exec /usr/bin/clang -D_POSIX_C_SOURCE=200809L -D_XOPEN_SOURCE=700 -Isrc/include -fPIC -Werror=implicit-function-declaration -Werror=implicit-int -Werror=pointer-sign -Werror=pointer-arith -Werror=incompatible-pointer-types -Werror=unguarded-availability -Wno-unused-value -Wno-parentheses -I/private/tmp/mp-skarnet.BQSnVP/prefix/include -isysroot/Library/Developer/CommandLineTools/SDKs/MacOSX15.sdk -pipe -Wall -std=c99 -fno-exceptions -fno-unwind-tables -fno-asynchronous-unwind-tables -ffunction-sections -fdata-sections -O2 -fomit-frame-pointer -pipe -Os -isysroot/Library/Developer/CommandLineTools/SDKs/MacOSX15.sdk -arch arm64 -arch x86_64  -c -o src/libenvexec/env_merge.lo src/libenvexec/env_merge.c
exec /usr/bin/clang -D_POSIX_C_SOURCE=200809L -D_XOPEN_SOURCE=700 -Isrc/include -fPIC -Werror=implicit-function-declaration -Werror=implicit-int -Werror=pointer-sign -Werror=pointer-arith -Werror=incompatible-pointer-types -Werror=unguarded-availability -Wno-unused-value -Wno-parentheses -I/private/tmp/mp-skarnet.BQSnVP/prefix/include -isysroot/Library/Developer/CommandLineTools/SDKs/MacOSX15.sdk -pipe -Wall -std=c99 -fno-exceptions -fno-unwind-tables -fno-asynchronous-unwind-tables -ffunction-sections -fdata-sections -O2 -fomit-frame-pointer -pipe -Os -isysroot/Library/Developer/CommandLineTools/SDKs/MacOSX15.sdk -arch arm64 -arch x86_64  -c -o src/libenvexec/env_mergen.lo src/libenvexec/env_mergen.c
exec /usr/bin/clang -D_POSIX_C_SOURCE=200809L -D_XOPEN_SOURCE=700 -Isrc/include -fPIC -Werror=implicit-function-declaration -Werror=implicit-int -Werror=pointer-sign -Werror=pointer-arith -Werror=incompatible-pointer-types -Werror=unguarded-availability -Wno-unused-value -Wno-parentheses -I/private/tmp/mp-skarnet.BQSnVP/prefix/include -isysroot/Library/Developer/CommandLineTools/SDKs/MacOSX15.sdk -pipe -Wall -std=c99 -fno-exceptions -fno-unwind-tables -fno-asynchronous-unwind-tables -ffunction-sections -fdata-sections -O2 -fomit-frame-pointer -pipe -Os -isysroot/Library/Developer/CommandLineTools/SDKs/MacOSX15.sdk -arch arm64 -arch x86_64  -c -o src/libenvexec/env_mergn.lo src/libenvexec/env_mergn.c
exec /usr/bin/clang -D_POSIX_C_SOURCE=200809L -D_XOPEN_SOURCE=700 -Isrc/include -fPIC -Werror=implicit-function-declaration -Werror=implicit-int -Werror=pointer-sign -Werror=pointer-arith -Werror=incompatible-pointer-types -Werror=unguarded-availability -Wno-unused-value -Wno-parentheses -I/private/tmp/mp-skarnet.BQSnVP/prefix/include -isysroot/Library/Developer/CommandLineTools/SDKs/MacOSX15.sdk -pipe -Wall -std=c99 -fno-exceptions -fno-unwind-tables -fno-asynchronous-unwind-tables -ffunction-sections -fdata-sections -O2 -fomit-frame-pointer -pipe -Os -isysroot/Library/Developer/CommandLineTools/SDKs/MacOSX15.sdk -arch arm64 -arch x86_64  -c -o src/libenvexec/env_string.lo src/libenvexec/env_string.c
exec /usr/bin/clang -D_POSIX_C_SOURCE=200809L -D_XOPEN_SOURCE=700 -Isrc/include -fPIC -Werror=implicit-function-declaration -Werror=implicit-int -Werror=pointer-sign -Werror=pointer-arith -Werror=incompatible-pointer-types -Werror=unguarded-availability -Wno-unused-value -Wno-parentheses -I/private/tmp/mp-skarnet.BQSnVP/prefix/include -isysroot/Library/Developer/CommandLineTools/SDKs/MacOSX15.sdk -pipe -Wall -std=c99 -fno-exceptions -fno-unwind-tables -fno-asynchronous-unwind-tables -ffunction-sections -fdata-sections -O2 -fomit-frame-pointer -pipe -Os -isysroot/Library/Developer/CommandLineTools/SDKs/MacOSX15.sdk -arch arm64 -arch x86_64  -c -o src/libenvexec/envalloc_0.lo src/libenvexec/envalloc_0.c
exec /usr/bin/clang -D_POSIX_C_SOURCE=200809L -D_XOPEN_SOURCE=700 -Isrc/include -fPIC -Werror=implicit-function-declaration -Werror=implicit-int -Werror=pointer-sign -Werror=pointer-arith -Werror=incompatible-pointer-types -Werror=unguarded-availability -Wno-unused-value -Wno-parentheses -I/private/tmp/mp-skarnet.BQSnVP/prefix/include -isysroot/Library/Developer/CommandLineTools/SDKs/MacOSX15.sdk -pipe -Wall -std=c99 -fno-exceptions -fno-unwind-tables -fno-asynchronous-unwind-tables -ffunction-sections -fdata-sections -O2 -fomit-frame-pointer -pipe -Os -isysroot/Library/Developer/CommandLineTools/SDKs/MacOSX15.sdk -arch arm64 -arch x86_64  -c -o src/libenvexec/envalloc_make.lo src/libenvexec/envalloc_make.c
exec /usr/bin/clang -D_POSIX_C_SOURCE=200809L -D_XOPEN_SOURCE=700 -Isrc/include -fPIC -Werror=implicit-function-declaration -Werror=implicit-int -Werror=pointer-sign -Werror=pointer-arith -Werror=incompatible-pointer-types -Werror=unguarded-availability -Wno-unused-value -Wno-parentheses -I/private/tmp/mp-skarnet.BQSnVP/prefix/include -isysroot/Library/Developer/CommandLineTools/SDKs/MacOSX15.sdk -pipe -Wall -std=c99 -fno-exceptions -fno-unwind-tables -fno-asynchronous-unwind-tables -ffunction-sections -fdata-sections -O2 -fomit-frame-pointer -pipe -Os -isysroot/Library/Developer/CommandLineTools/SDKs/MacOSX15.sdk -arch arm64 -arch x86_64  -c -o src/libenvexec/envalloc_merge.lo src/libenvexec/envalloc_merge.c
exec /usr/bin/clang -D_POSIX_C_SOURCE=200809L -D_XOPEN_SOURCE=700 -Isrc/include -fPIC -Werror=implicit-function-declaration -Werror=implicit-int -Werror=pointer-sign -Werror=pointer-arith -Werror=incompatible-pointer-types -Werror=unguarded-availability -Wno-unused-value -Wno-parentheses -I/private/tmp/mp-skarnet.BQSnVP/prefix/include -isysroot/Library/Developer/CommandLineTools/SDKs/MacOSX15.sdk -pipe -Wall -std=c99 -fno-exceptions -fno-unwind-tables -fno-asynchronous-unwind-tables -ffunction-sections -fdata-sections -O2 -fomit-frame-pointer -pipe -Os -isysroot/Library/Developer/CommandLineTools/SDKs/MacOSX15.sdk -arch arm64 -arch x86_64  -c -o src/libenvexec/envalloc_uniq.lo src/libenvexec/envalloc_uniq.c
exec /usr/bin/clang -D_POSIX_C_SOURCE=200809L -D_XOPEN_SOURCE=700 -Isrc/include -fPIC -Werror=implicit-function-declaration -Werror=implicit-int -Werror=pointer-sign -Werror=pointer-arith -Werror=incompatible-pointer-types -Werror=unguarded-availability -Wno-unused-value -Wno-parentheses -I/private/tmp/mp-skarnet.BQSnVP/prefix/include -isysroot/Library/Developer/CommandLineTools/SDKs/MacOSX15.sdk -pipe -Wall -std=c99 -fno-exceptions -fno-unwind-tables -fno-asynchronous-unwind-tables -ffunction-sections -fdata-sections -O2 -fomit-frame-pointer -pipe -Os -isysroot/Library/Developer/CommandLineTools/SDKs/MacOSX15.sdk -arch arm64 -arch x86_64  -c -o src/libenvexec/envdir.lo src/libenvexec/envdir.c
exec /usr/bin/clang -D_POSIX_C_SOURCE=200809L -D_XOPEN_SOURCE=700 -Isrc/include -fPIC -Werror=implicit-function-declaration -Werror=implicit-int -Werror=pointer-sign -Werror=pointer-arith -Werror=incompatible-pointer-types -Werror=unguarded-availability -Wno-unused-value -Wno-parentheses -I/private/tmp/mp-skarnet.BQSnVP/prefix/include -isysroot/Library/Developer/CommandLineTools/SDKs/MacOSX15.sdk -pipe -Wall -std=c99 -fno-exceptions -fno-unwind-tables -fno-asynchronous-unwind-tables -ffunction-sections -fdata-sections -O2 -fomit-frame-pointer -pipe -Os -isysroot/Library/Developer/CommandLineTools/SDKs/MacOSX15.sdk -arch arm64 -arch x86_64  -c -o src/libenvexec/envdir_clamp.lo src/libenvexec/envdir_clamp.c
exec /usr/bin/clang -D_POSIX_C_SOURCE=200809L -D_XOPEN_SOURCE=700 -Isrc/include -fPIC -Werror=implicit-function-declaration -Werror=implicit-int -Werror=pointer-sign -Werror=pointer-arith -Werror=incompatible-pointer-types -Werror=unguarded-availability -Wno-unused-value -Wno-parentheses -I/private/tmp/mp-skarnet.BQSnVP/prefix/include -isysroot/Library/Developer/CommandLineTools/SDKs/MacOSX15.sdk -pipe -Wall -std=c99 -fno-exceptions -fno-unwind-tables -fno-asynchronous-unwind-tables -ffunction-sections -fdata-sections -O2 -fomit-frame-pointer -pipe -Os -isysroot/Library/Developer/CommandLineTools/SDKs/MacOSX15.sdk -arch arm64 -arch x86_64  -c -o src/libenvexec/envdir_noclamp.lo src/libenvexec/envdir_noclamp.c
exec /usr/bin/clang -D_POSIX_C_SOURCE=200809L -D_XOPEN_SOURCE=700 -Isrc/include -fPIC -Werror=implicit-function-declaration -Werror=implicit-int -Werror=pointer-sign -Werror=pointer-arith -Werror=incompatible-pointer-types -Werror=unguarded-availability -Wno-unused-value -Wno-parentheses -I/private/tmp/mp-skarnet.BQSnVP/prefix/include -isysroot/Library/Developer/CommandLineTools/SDKs/MacOSX15.sdk -pipe -Wall -std=c99 -fno-exceptions -fno-unwind-tables -fno-asynchronous-unwind-tables -ffunction-sections -fdata-sections -O2 -fomit-frame-pointer -pipe -Os -isysroot/Library/Developer/CommandLineTools/SDKs/MacOSX15.sdk -arch arm64 -arch x86_64  -c -o src/libenvexec/exec0_ae.lo src/libenvexec/exec0_ae.c
exec /usr/bin/clang -D_POSIX_C_SOURCE=200809L -D_XOPEN_SOURCE=700 -Isrc/include -fPIC -Werror=implicit-function-declaration -Werror=implicit-int -Werror=pointer-sign -Werror=pointer-arith -Werror=incompatible-pointer-types -Werror=unguarded-availability -Wno-unused-value -Wno-parentheses -I/private/tmp/mp-skarnet.BQSnVP/prefix/include -isysroot/Library/Developer/CommandLineTools/SDKs/MacOSX15.sdk -pipe -Wall -std=c99 -fno-exceptions -fno-unwind-tables -fno-asynchronous-unwind-tables -ffunction-sections -fdata-sections -O2 -fomit-frame-pointer -pipe -Os -isysroot/Library/Developer/CommandLineTools/SDKs/MacOSX15.sdk -arch arm64 -arch x86_64  -c -o src/libenvexec/exec_ae.lo src/libenvexec/exec_ae.c
exec /usr/bin/clang -D_POSIX_C_SOURCE=200809L -D_XOPEN_SOURCE=700 -Isrc/include -fPIC -Werror=implicit-function-declaration -Werror=implicit-int -Werror=pointer-sign -Werror=pointer-arith -Werror=incompatible-pointer-types -Werror=unguarded-availability -Wno-unused-value -Wno-parentheses -I/private/tmp/mp-skarnet.BQSnVP/prefix/include -isysroot/Library/Developer/CommandLineTools/SDKs/MacOSX15.sdk -pipe -Wall -std=c99 -fno-exceptions -fno-unwind-tables -fno-asynchronous-unwind-tables -ffunction-sections -fdata-sections -O2 -fomit-frame-pointer -pipe -Os -isysroot/Library/Developer/CommandLineTools/SDKs/MacOSX15.sdk -arch arm64 -arch x86_64  -c -o src/libenvexec/gmspawn_afn.lo src/libenvexec/gmspawn_afn.c
exec /usr/bin/clang -D_POSIX_C_SOURCE=200809L -D_XOPEN_SOURCE=700 -Isrc/include -fPIC -Werror=implicit-function-declaration -Werror=implicit-int -Werror=pointer-sign -Werror=pointer-arith -Werror=incompatible-pointer-types -Werror=unguarded-availability -Wno-unused-value -Wno-parentheses -I/private/tmp/mp-skarnet.BQSnVP/prefix/include -isysroot/Library/Developer/CommandLineTools/SDKs/MacOSX15.sdk -pipe -Wall -std=c99 -fno-exceptions -fno-unwind-tables -fno-asynchronous-unwind-tables -ffunction-sections -fdata-sections -O2 -fomit-frame-pointer -pipe -Os -isysroot/Library/Developer/CommandLineTools/SDKs/MacOSX15.sdk -arch arm64 -arch x86_64  -c -o src/libenvexec/mexec0_af.lo src/libenvexec/mexec0_af.c
exec /usr/bin/clang -D_POSIX_C_SOURCE=200809L -D_XOPEN_SOURCE=700 -Isrc/include -fPIC -Werror=implicit-function-declaration -Werror=implicit-int -Werror=pointer-sign -Werror=pointer-arith -Werror=incompatible-pointer-types -Werror=unguarded-availability -Wno-unused-value -Wno-parentheses -I/private/tmp/mp-skarnet.BQSnVP/prefix/include -isysroot/Library/Developer/CommandLineTools/SDKs/MacOSX15.sdk -pipe -Wall -std=c99 -fno-exceptions -fno-unwind-tables -fno-asynchronous-unwind-tables -ffunction-sections -fdata-sections -O2 -fomit-frame-pointer -pipe -Os -isysroot/Library/Developer/CommandLineTools/SDKs/MacOSX15.sdk -arch arm64 -arch x86_64  -c -o src/libenvexec/mexec0_afm.lo src/libenvexec/mexec0_afm.c
exec /usr/bin/clang -D_POSIX_C_SOURCE=200809L -D_XOPEN_SOURCE=700 -Isrc/include -fPIC -Werror=implicit-function-declaration -Werror=implicit-int -Werror=pointer-sign -Werror=pointer-arith -Werror=incompatible-pointer-types -Werror=unguarded-availability -Wno-unused-value -Wno-parentheses -I/private/tmp/mp-skarnet.BQSnVP/prefix/include -isysroot/Library/Developer/CommandLineTools/SDKs/MacOSX15.sdk -pipe -Wall -std=c99 -fno-exceptions -fno-unwind-tables -fno-asynchronous-unwind-tables -ffunction-sections -fdata-sections -O2 -fomit-frame-pointer -pipe -Os -isysroot/Library/Developer/CommandLineTools/SDKs/MacOSX15.sdk -arch arm64 -arch x86_64  -c -o src/libenvexec/mexec0_afn.lo src/libenvexec/mexec0_afn.c
exec /usr/bin/clang -D_POSIX_C_SOURCE=200809L -D_XOPEN_SOURCE=700 -Isrc/include -fPIC -Werror=implicit-function-declaration -Werror=implicit-int -Werror=pointer-sign -Werror=pointer-arith -Werror=incompatible-pointer-types -Werror=unguarded-availability -Wno-unused-value -Wno-parentheses -I/private/tmp/mp-skarnet.BQSnVP/prefix/include -isysroot/Library/Developer/CommandLineTools/SDKs/MacOSX15.sdk -pipe -Wall -std=c99 -fno-exceptions -fno-unwind-tables -fno-asynchronous-unwind-tables -ffunction-sections -fdata-sections -O2 -fomit-frame-pointer -pipe -Os -isysroot/Library/Developer/CommandLineTools/SDKs/MacOSX15.sdk -arch arm64 -arch x86_64  -c -o src/libenvexec/mexec_af.lo src/libenvexec/mexec_af.c
exec /usr/bin/clang -D_POSIX_C_SOURCE=200809L -D_XOPEN_SOURCE=700 -Isrc/include -fPIC -Werror=implicit-function-declaration -Werror=implicit-int -Werror=pointer-sign -Werror=pointer-arith -Werror=incompatible-pointer-types -Werror=unguarded-availability -Wno-unused-value -Wno-parentheses -I/private/tmp/mp-skarnet.BQSnVP/prefix/include -isysroot/Library/Developer/CommandLineTools/SDKs/MacOSX15.sdk -pipe -Wall -std=c99 -fno-exceptions -fno-unwind-tables -fno-asynchronous-unwind-tables -ffunction-sections -fdata-sections -O2 -fomit-frame-pointer -pipe -Os -isysroot/Library/Developer/CommandLineTools/SDKs/MacOSX15.sdk -arch arm64 -arch x86_64  -c -o src/libenvexec/mexec_afm.lo src/libenvexec/mexec_afm.c
exec /usr/bin/clang -D_POSIX_C_SOURCE=200809L -D_XOPEN_SOURCE=700 -Isrc/include -fPIC -Werror=implicit-function-declaration -Werror=implicit-int -Werror=pointer-sign -Werror=pointer-arith -Werror=incompatible-pointer-types -Werror=unguarded-availability -Wno-unused-value -Wno-parentheses -I/private/tmp/mp-skarnet.BQSnVP/prefix/include -isysroot/Library/Developer/CommandLineTools/SDKs/MacOSX15.sdk -pipe -Wall -std=c99 -fno-exceptions -fno-unwind-tables -fno-asynchronous-unwind-tables -ffunction-sections -fdata-sections -O2 -fomit-frame-pointer -pipe -Os -isysroot/Library/Developer/CommandLineTools/SDKs/MacOSX15.sdk -arch arm64 -arch x86_64  -c -o src/libenvexec/mexec_afn.lo src/libenvexec/mexec_afn.c
exec /usr/bin/clang -D_POSIX_C_SOURCE=200809L -D_XOPEN_SOURCE=700 -Isrc/include -fPIC -Werror=implicit-function-declaration -Werror=implicit-int -Werror=pointer-sign -Werror=pointer-arith -Werror=incompatible-pointer-types -Werror=unguarded-availability -Wno-unused-value -Wno-parentheses -I/private/tmp/mp-skarnet.BQSnVP/prefix/include -isysroot/Library/Developer/CommandLineTools/SDKs/MacOSX15.sdk -pipe -Wall -std=c99 -fno-exceptions -fno-unwind-tables -fno-asynchronous-unwind-tables -ffunction-sections -fdata-sections -O2 -fomit-frame-pointer -pipe -Os -isysroot/Library/Developer/CommandLineTools/SDKs/MacOSX15.sdk -arch arm64 -arch x86_64  -c -o src/libenvexec/mspawn_af.lo src/libenvexec/mspawn_af.c
exec /usr/bin/clang -D_POSIX_C_SOURCE=200809L -D_XOPEN_SOURCE=700 -Isrc/include -fPIC -Werror=implicit-function-declaration -Werror=implicit-int -Werror=pointer-sign -Werror=pointer-arith -Werror=incompatible-pointer-types -Werror=unguarded-availability -Wno-unused-value -Wno-parentheses -I/private/tmp/mp-skarnet.BQSnVP/prefix/include -isysroot/Library/Developer/CommandLineTools/SDKs/MacOSX15.sdk -pipe -Wall -std=c99 -fno-exceptions -fno-unwind-tables -fno-asynchronous-unwind-tables -ffunction-sections -fdata-sections -O2 -fomit-frame-pointer -pipe -Os -isysroot/Library/Developer/CommandLineTools/SDKs/MacOSX15.sdk -arch arm64 -arch x86_64  -c -o src/libenvexec/mspawn_afm.lo src/libenvexec/mspawn_afm.c
exec /usr/bin/clang -D_POSIX_C_SOURCE=200809L -D_XOPEN_SOURCE=700 -Isrc/include -fPIC -Werror=implicit-function-declaration -Werror=implicit-int -Werror=pointer-sign -Werror=pointer-arith -Werror=incompatible-pointer-types -Werror=unguarded-availability -Wno-unused-value -Wno-parentheses -I/private/tmp/mp-skarnet.BQSnVP/prefix/include -isysroot/Library/Developer/CommandLineTools/SDKs/MacOSX15.sdk -pipe -Wall -std=c99 -fno-exceptions -fno-unwind-tables -fno-asynchronous-unwind-tables -ffunction-sections -fdata-sections -O2 -fomit-frame-pointer -pipe -Os -isysroot/Library/Developer/CommandLineTools/SDKs/MacOSX15.sdk -arch arm64 -arch x86_64  -c -o src/libenvexec/mspawn_afn.lo src/libenvexec/mspawn_afn.c
exec /usr/bin/clang -D_POSIX_C_SOURCE=200809L -D_XOPEN_SOURCE=700 -Isrc/include -fPIC -Werror=implicit-function-declaration -Werror=implicit-int -Werror=pointer-sign -Werror=pointer-arith -Werror=incompatible-pointer-types -Werror=unguarded-availability -Wno-unused-value -Wno-parentheses -I/private/tmp/mp-skarnet.BQSnVP/prefix/include -isysroot/Library/Developer/CommandLineTools/SDKs/MacOSX15.sdk -pipe -Wall -std=c99 -fno-exceptions -fno-unwind-tables -fno-asynchronous-unwind-tables -ffunction-sections -fdata-sections -O2 -fomit-frame-pointer -pipe -Os -isysroot/Library/Developer/CommandLineTools/SDKs/MacOSX15.sdk -arch arm64 -arch x86_64  -c -o src/libenvexec/xexec0_ae.lo src/libenvexec/xexec0_ae.c
exec /usr/bin/clang -D_POSIX_C_SOURCE=200809L -D_XOPEN_SOURCE=700 -Isrc/include -fPIC -Werror=implicit-function-declaration -Werror=implicit-int -Werror=pointer-sign -Werror=pointer-arith -Werror=incompatible-pointer-types -Werror=unguarded-availability -Wno-unused-value -Wno-parentheses -I/private/tmp/mp-skarnet.BQSnVP/prefix/include -isysroot/Library/Developer/CommandLineTools/SDKs/MacOSX15.sdk -pipe -Wall -std=c99 -fno-exceptions -fno-unwind-tables -fno-asynchronous-unwind-tables -ffunction-sections -fdata-sections -O2 -fomit-frame-pointer -pipe -Os -isysroot/Library/Developer/CommandLineTools/SDKs/MacOSX15.sdk -arch arm64 -arch x86_64  -c -o src/libplaynice/keventbridge_end.lo src/libplaynice/keventbridge_end.c
exec /usr/bin/clang -D_POSIX_C_SOURCE=200809L -D_XOPEN_SOURCE=700 -Isrc/include -fPIC -Werror=implicit-function-declaration -Werror=implicit-int -Werror=pointer-sign -Werror=pointer-arith -Werror=incompatible-pointer-types -Werror=unguarded-availability -Wno-unused-value -Wno-parentheses -I/private/tmp/mp-skarnet.BQSnVP/prefix/include -isysroot/Library/Developer/CommandLineTools/SDKs/MacOSX15.sdk -pipe -Wall -std=c99 -fno-exceptions -fno-unwind-tables -fno-asynchronous-unwind-tables -ffunction-sections -fdata-sections -O2 -fomit-frame-pointer -pipe -Os -isysroot/Library/Developer/CommandLineTools/SDKs/MacOSX15.sdk -arch arm64 -arch x86_64  -c -o src/libplaynice/keventbridge_read.lo src/libplaynice/keventbridge_read.c
exec /usr/bin/clang -D_POSIX_C_SOURCE=200809L -D_XOPEN_SOURCE=700 -Isrc/include -fPIC -Werror=implicit-function-declaration -Werror=implicit-int -Werror=pointer-sign -Werror=pointer-arith -Werror=incompatible-pointer-types -Werror=unguarded-availability -Wno-unused-value -Wno-parentheses -I/private/tmp/mp-skarnet.BQSnVP/prefix/include -isysroot/Library/Developer/CommandLineTools/SDKs/MacOSX15.sdk -pipe -Wall -std=c99 -fno-exceptions -fno-unwind-tables -fno-asynchronous-unwind-tables -ffunction-sections -fdata-sections -O2 -fomit-frame-pointer -pipe -Os -isysroot/Library/Developer/CommandLineTools/SDKs/MacOSX15.sdk -arch arm64 -arch x86_64  -c -o src/libplaynice/keventbridge_start.lo src/libplaynice/keventbridge_start.c
exec /usr/bin/clang -D_POSIX_C_SOURCE=200809L -D_XOPEN_SOURCE=700 -Isrc/include -fPIC -Werror=implicit-function-declaration -Werror=implicit-int -Werror=pointer-sign -Werror=pointer-arith -Werror=incompatible-pointer-types -Werror=unguarded-availability -Wno-unused-value -Wno-parentheses -I/private/tmp/mp-skarnet.BQSnVP/prefix/include -isysroot/Library/Developer/CommandLineTools/SDKs/MacOSX15.sdk -pipe -Wall -std=c99 -fno-exceptions -fno-unwind-tables -fno-asynchronous-unwind-tables -ffunction-sections -fdata-sections -O2 -fomit-frame-pointer -pipe -Os -isysroot/Library/Developer/CommandLineTools/SDKs/MacOSX15.sdk -arch arm64 -arch x86_64  -c -o src/libposixplz/bsearchr.lo src/libposixplz/bsearchr.c
exec /usr/bin/clang -D_POSIX_C_SOURCE=200809L -D_XOPEN_SOURCE=700 -Isrc/include -fPIC -Werror=implicit-function-declaration -Werror=implicit-int -Werror=pointer-sign -Werror=pointer-arith -Werror=incompatible-pointer-types -Werror=unguarded-availability -Wno-unused-value -Wno-parentheses -I/private/tmp/mp-skarnet.BQSnVP/prefix/include -isysroot/Library/Developer/CommandLineTools/SDKs/MacOSX15.sdk -pipe -Wall -std=c99 -fno-exceptions -fno-unwind-tables -fno-asynchronous-unwind-tables -ffunction-sections -fdata-sections -O2 -fomit-frame-pointer -pipe -Os -isysroot/Library/Developer/CommandLineTools/SDKs/MacOSX15.sdk -arch arm64 -arch x86_64  -c -o src/libposixplz/doublefork.lo src/libposixplz/doublefork.c
exec /usr/bin/clang -D_POSIX_C_SOURCE=200809L -D_XOPEN_SOURCE=700 -Isrc/include -fPIC -Werror=implicit-function-declaration -Werror=implicit-int -Werror=pointer-sign -Werror=pointer-arith -Werror=incompatible-pointer-types -Werror=unguarded-availability -Wno-unused-value -Wno-parentheses -I/private/tmp/mp-skarnet.BQSnVP/prefix/include -isysroot/Library/Developer/CommandLineTools/SDKs/MacOSX15.sdk -pipe -Wall -std=c99 -fno-exceptions -fno-unwind-tables -fno-asynchronous-unwind-tables -ffunction-sections -fdata-sections -O2 -fomit-frame-pointer -pipe -Os -isysroot/Library/Developer/CommandLineTools/SDKs/MacOSX15.sdk -arch arm64 -arch x86_64  -c -o src/libposixplz/execvep.lo src/libposixplz/execvep.c
exec /usr/bin/clang -D_POSIX_C_SOURCE=200809L -D_XOPEN_SOURCE=700 -Isrc/include -fPIC -Werror=implicit-function-declaration -Werror=implicit-int -Werror=pointer-sign -Werror=pointer-arith -Werror=incompatible-pointer-types -Werror=unguarded-availability -Wno-unused-value -Wno-parentheses -I/private/tmp/mp-skarnet.BQSnVP/prefix/include -isysroot/Library/Developer/CommandLineTools/SDKs/MacOSX15.sdk -pipe -Wall -std=c99 -fno-exceptions -fno-unwind-tables -fno-asynchronous-unwind-tables -ffunction-sections -fdata-sections -O2 -fomit-frame-pointer -pipe -Os -isysroot/Library/Developer/CommandLineTools/SDKs/MacOSX15.sdk -arch arm64 -arch x86_64  -c -o src/libposixplz/execvep_internal.lo src/libposixplz/execvep_internal.c
exec /usr/bin/clang -D_POSIX_C_SOURCE=200809L -D_XOPEN_SOURCE=700 -Isrc/include -fPIC -Werror=implicit-function-declaration -Werror=implicit-int -Werror=pointer-sign -Werror=pointer-arith -Werror=incompatible-pointer-types -Werror=unguarded-availability -Wno-unused-value -Wno-parentheses -I/private/tmp/mp-skarnet.BQSnVP/prefix/include -isysroot/Library/Developer/CommandLineTools/SDKs/MacOSX15.sdk -pipe -Wall -std=c99 -fno-exceptions -fno-unwind-tables -fno-asynchronous-unwind-tables -ffunction-sections -fdata-sections -O2 -fomit-frame-pointer -pipe -Os -isysroot/Library/Developer/CommandLineTools/SDKs/MacOSX15.sdk -arch arm64 -arch x86_64  -c -o src/libposixplz/execvep_loose.lo src/libposixplz/execvep_loose.c
exec /usr/bin/clang -D_POSIX_C_SOURCE=200809L -D_XOPEN_SOURCE=700 -Isrc/include -fPIC -Werror=implicit-function-declaration -Werror=implicit-int -Werror=pointer-sign -Werror=pointer-arith -Werror=incompatible-pointer-types -Werror=unguarded-availability -Wno-unused-value -Wno-parentheses -I/private/tmp/mp-skarnet.BQSnVP/prefix/include -isysroot/Library/Developer/CommandLineTools/SDKs/MacOSX15.sdk -pipe -Wall -std=c99 -fno-exceptions -fno-unwind-tables -fno-asynchronous-unwind-tables -ffunction-sections -fdata-sections -O2 -fomit-frame-pointer -pipe -Os -isysroot/Library/Developer/CommandLineTools/SDKs/MacOSX15.sdk -arch arm64 -arch x86_64  -c -o src/libposixplz/fork_newpid.lo src/libposixplz/fork_newpid.c
exec /usr/bin/clang -D_POSIX_C_SOURCE=200809L -D_XOPEN_SOURCE=700 -Isrc/include -fPIC -Werror=implicit-function-declaration -Werror=implicit-int -Werror=pointer-sign -Werror=pointer-arith -Werror=incompatible-pointer-types -Werror=unguarded-availability -Wno-unused-value -Wno-parentheses -I/private/tmp/mp-skarnet.BQSnVP/prefix/include -isysroot/Library/Developer/CommandLineTools/SDKs/MacOSX15.sdk -pipe -Wall -std=c99 -fno-exceptions -fno-unwind-tables -fno-asynchronous-unwind-tables -ffunction-sections -fdata-sections -O2 -fomit-frame-pointer -pipe -Os -isysroot/Library/Developer/CommandLineTools/SDKs/MacOSX15.sdk -arch arm64 -arch x86_64  -c -o src/libposixplz/getpeereid.lo src/libposixplz/getpeereid.c
exec /usr/bin/clang -D_POSIX_C_SOURCE=200809L -D_XOPEN_SOURCE=700 -Isrc/include -fPIC -Werror=implicit-function-declaration -Werror=implicit-int -Werror=pointer-sign -Werror=pointer-arith -Werror=incompatible-pointer-types -Werror=unguarded-availability -Wno-unused-value -Wno-parentheses -I/private/tmp/mp-skarnet.BQSnVP/prefix/include -isysroot/Library/Developer/CommandLineTools/SDKs/MacOSX15.sdk -pipe -Wall -std=c99 -fno-exceptions -fno-unwind-tables -fno-asynchronous-unwind-tables -ffunction-sections -fdata-sections -O2 -fomit-frame-pointer -pipe -Os -isysroot/Library/Developer/CommandLineTools/SDKs/MacOSX15.sdk -arch arm64 -arch x86_64  -c -o src/libposixplz/memmem.lo src/libposixplz/memmem.c
exec /usr/bin/clang -D_POSIX_C_SOURCE=200809L -D_XOPEN_SOURCE=700 -Isrc/include -fPIC -Werror=implicit-function-declaration -Werror=implicit-int -Werror=pointer-sign -Werror=pointer-arith -Werror=incompatible-pointer-types -Werror=unguarded-availability -Wno-unused-value -Wno-parentheses -I/private/tmp/mp-skarnet.BQSnVP/prefix/include -isysroot/Library/Developer/CommandLineTools/SDKs/MacOSX15.sdk -pipe -Wall -std=c99 -fno-exceptions -fno-unwind-tables -fno-asynchronous-unwind-tables -ffunction-sections -fdata-sections -O2 -fomit-frame-pointer -pipe -Os -isysroot/Library/Developer/CommandLineTools/SDKs/MacOSX15.sdk -arch arm64 -arch x86_64  -c -o src/libposixplz/millisleep.lo src/libposixplz/millisleep.c
exec /usr/bin/clang -D_POSIX_C_SOURCE=200809L -D_XOPEN_SOURCE=700 -Isrc/include -fPIC -Werror=implicit-function-declaration -Werror=implicit-int -Werror=pointer-sign -Werror=pointer-arith -Werror=incompatible-pointer-types -Werror=unguarded-availability -Wno-unused-value -Wno-parentheses -I/private/tmp/mp-skarnet.BQSnVP/prefix/include -isysroot/Library/Developer/CommandLineTools/SDKs/MacOSX15.sdk -pipe -Wall -std=c99 -fno-exceptions -fno-unwind-tables -fno-asynchronous-unwind-tables -ffunction-sections -fdata-sections -O2 -fomit-frame-pointer -pipe -Os -isysroot/Library/Developer/CommandLineTools/SDKs/MacOSX15.sdk -arch arm64 -arch x86_64  -c -o src/libposixplz/mkbtemp.lo src/libposixplz/mkbtemp.c
exec /usr/bin/clang -D_POSIX_C_SOURCE=200809L -D_XOPEN_SOURCE=700 -Isrc/include -fPIC -Werror=implicit-function-declaration -Werror=implicit-int -Werror=pointer-sign -Werror=pointer-arith -Werror=incompatible-pointer-types -Werror=unguarded-availability -Wno-unused-value -Wno-parentheses -I/private/tmp/mp-skarnet.BQSnVP/prefix/include -isysroot/Library/Developer/CommandLineTools/SDKs/MacOSX15.sdk -pipe -Wall -std=c99 -fno-exceptions -fno-unwind-tables -fno-asynchronous-unwind-tables -ffunction-sections -fdata-sections -O2 -fomit-frame-pointer -pipe -Os -isysroot/Library/Developer/CommandLineTools/SDKs/MacOSX15.sdk -arch arm64 -arch x86_64  -c -o src/libposixplz/mkctemp.lo src/libposixplz/mkctemp.c
exec /usr/bin/clang -D_POSIX_C_SOURCE=200809L -D_XOPEN_SOURCE=700 -Isrc/include -fPIC -Werror=implicit-function-declaration -Werror=implicit-int -Werror=pointer-sign -Werror=pointer-arith -Werror=incompatible-pointer-types -Werror=unguarded-availability -Wno-unused-value -Wno-parentheses -I/private/tmp/mp-skarnet.BQSnVP/prefix/include -isysroot/Library/Developer/CommandLineTools/SDKs/MacOSX15.sdk -pipe -Wall -std=c99 -fno-exceptions -fno-unwind-tables -fno-asynchronous-unwind-tables -ffunction-sections -fdata-sections -O2 -fomit-frame-pointer -pipe -Os -isysroot/Library/Developer/CommandLineTools/SDKs/MacOSX15.sdk -arch arm64 -arch x86_64  -c -o src/libposixplz/mkdirp.lo src/libposixplz/mkdirp.c
exec /usr/bin/clang -D_POSIX_C_SOURCE=200809L -D_XOPEN_SOURCE=700 -Isrc/include -fPIC -Werror=implicit-function-declaration -Werror=implicit-int -Werror=pointer-sign -Werror=pointer-arith -Werror=incompatible-pointer-types -Werror=unguarded-availability -Wno-unused-value -Wno-parentheses -I/private/tmp/mp-skarnet.BQSnVP/prefix/include -isysroot/Library/Developer/CommandLineTools/SDKs/MacOSX15.sdk -pipe -Wall -std=c99 -fno-exceptions -fno-unwind-tables -fno-asynchronous-unwind-tables -ffunction-sections -fdata-sections -O2 -fomit-frame-pointer -pipe -Os -isysroot/Library/Developer/CommandLineTools/SDKs/MacOSX15.sdk -arch arm64 -arch x86_64  -c -o src/libposixplz/mkdirp2.lo src/libposixplz/mkdirp2.c
exec /usr/bin/clang -D_POSIX_C_SOURCE=200809L -D_XOPEN_SOURCE=700 -Isrc/include -fPIC -Werror=implicit-function-declaration -Werror=implicit-int -Werror=pointer-sign -Werror=pointer-arith -Werror=incompatible-pointer-types -Werror=unguarded-availability -Wno-unused-value -Wno-parentheses -I/private/tmp/mp-skarnet.BQSnVP/prefix/include -isysroot/Library/Developer/CommandLineTools/SDKs/MacOSX15.sdk -pipe -Wall -std=c99 -fno-exceptions -fno-unwind-tables -fno-asynchronous-unwind-tables -ffunction-sections -fdata-sections -O2 -fomit-frame-pointer -pipe -Os -isysroot/Library/Developer/CommandLineTools/SDKs/MacOSX15.sdk -arch arm64 -arch x86_64  -c -o src/libposixplz/mkfiletemp.lo src/libposixplz/mkfiletemp.c
exec /usr/bin/clang -D_POSIX_C_SOURCE=200809L -D_XOPEN_SOURCE=700 -Isrc/include -fPIC -Werror=implicit-function-declaration -Werror=implicit-int -Werror=pointer-sign -Werror=pointer-arith -Werror=incompatible-pointer-types -Werror=unguarded-availability -Wno-unused-value -Wno-parentheses -I/private/tmp/mp-skarnet.BQSnVP/prefix/include -isysroot/Library/Developer/CommandLineTools/SDKs/MacOSX15.sdk -pipe -Wall -std=c99 -fno-exceptions -fno-unwind-tables -fno-asynchronous-unwind-tables -ffunction-sections -fdata-sections -O2 -fomit-frame-pointer -pipe -Os -isysroot/Library/Developer/CommandLineTools/SDKs/MacOSX15.sdk -arch arm64 -arch x86_64  -c -o src/libposixplz/mkhtemp.lo src/libposixplz/mkhtemp.c
exec /usr/bin/clang -D_POSIX_C_SOURCE=200809L -D_XOPEN_SOURCE=700 -Isrc/include -fPIC -Werror=implicit-function-declaration -Werror=implicit-int -Werror=pointer-sign -Werror=pointer-arith -Werror=incompatible-pointer-types -Werror=unguarded-availability -Wno-unused-value -Wno-parentheses -I/private/tmp/mp-skarnet.BQSnVP/prefix/include -isysroot/Library/Developer/CommandLineTools/SDKs/MacOSX15.sdk -pipe -Wall -std=c99 -fno-exceptions -fno-unwind-tables -fno-asynchronous-unwind-tables -ffunction-sections -fdata-sections -O2 -fomit-frame-pointer -pipe -Os -isysroot/Library/Developer/CommandLineTools/SDKs/MacOSX15.sdk -arch arm64 -arch x86_64  -c -o src/libposixplz/mklinktemp.lo src/libposixplz/mklinktemp.c
exec /usr/bin/clang -D_POSIX_C_SOURCE=200809L -D_XOPEN_SOURCE=700 -Isrc/include -fPIC -Werror=implicit-function-declaration -Werror=implicit-int -Werror=pointer-sign -Werror=pointer-arith -Werror=incompatible-pointer-types -Werror=unguarded-availability -Wno-unused-value -Wno-parentheses -I/private/tmp/mp-skarnet.BQSnVP/prefix/include -isysroot/Library/Developer/CommandLineTools/SDKs/MacOSX15.sdk -pipe -Wall -std=c99 -fno-exceptions -fno-unwind-tables -fno-asynchronous-unwind-tables -ffunction-sections -fdata-sections -O2 -fomit-frame-pointer -pipe -Os -isysroot/Library/Developer/CommandLineTools/SDKs/MacOSX15.sdk -arch arm64 -arch x86_64  -c -o src/libposixplz/mkltemp.lo src/libposixplz/mkltemp.c
exec /usr/bin/clang -D_POSIX_C_SOURCE=200809L -D_XOPEN_SOURCE=700 -Isrc/include -fPIC -Werror=implicit-function-declaration -Werror=implicit-int -Werror=pointer-sign -Werror=pointer-arith -Werror=incompatible-pointer-types -Werror=unguarded-availability -Wno-unused-value -Wno-parentheses -I/private/tmp/mp-skarnet.BQSnVP/prefix/include -isysroot/Library/Developer/CommandLineTools/SDKs/MacOSX15.sdk -pipe -Wall -std=c99 -fno-exceptions -fno-unwind-tables -fno-asynchronous-unwind-tables -ffunction-sections -fdata-sections -O2 -fomit-frame-pointer -pipe -Os -isysroot/Library/Developer/CommandLineTools/SDKs/MacOSX15.sdk -arch arm64 -arch x86_64  -c -o src/libposixplz/mkntemp.lo src/libposixplz/mkntemp.c
exec /usr/bin/clang -D_POSIX_C_SOURCE=200809L -D_XOPEN_SOURCE=700 -Isrc/include -fPIC -Werror=implicit-function-declaration -Werror=implicit-int -Werror=pointer-sign -Werror=pointer-arith -Werror=incompatible-pointer-types -Werror=unguarded-availability -Wno-unused-value -Wno-parentheses -I/private/tmp/mp-skarnet.BQSnVP/prefix/include -isysroot/Library/Developer/CommandLineTools/SDKs/MacOSX15.sdk -pipe -Wall -std=c99 -fno-exceptions -fno-unwind-tables -fno-asynchronous-unwind-tables -ffunction-sections -fdata-sections -O2 -fomit-frame-pointer -pipe -Os -isysroot/Library/Developer/CommandLineTools/SDKs/MacOSX15.sdk -arch arm64 -arch x86_64  -c -o src/libposixplz/mkptemp.lo src/libposixplz/mkptemp.c
exec /usr/bin/clang -D_POSIX_C_SOURCE=200809L -D_XOPEN_SOURCE=700 -Isrc/include -fPIC -Werror=implicit-function-declaration -Werror=implicit-int -Werror=pointer-sign -Werror=pointer-arith -Werror=incompatible-pointer-types -Werror=unguarded-availability -Wno-unused-value -Wno-parentheses -I/private/tmp/mp-skarnet.BQSnVP/prefix/include -isysroot/Library/Developer/CommandLineTools/SDKs/MacOSX15.sdk -pipe -Wall -std=c99 -fno-exceptions -fno-unwind-tables -fno-asynchronous-unwind-tables -ffunction-sections -fdata-sections -O2 -fomit-frame-pointer -pipe -Os -isysroot/Library/Developer/CommandLineTools/SDKs/MacOSX15.sdk -arch arm64 -arch x86_64  -c -o src/libposixplz/mkptemp2.lo src/libposixplz/mkptemp2.c
exec /usr/bin/clang -D_POSIX_C_SOURCE=200809L -D_XOPEN_SOURCE=700 -Isrc/include -fPIC -Werror=implicit-function-declaration -Werror=implicit-int -Werror=pointer-sign -Werror=pointer-arith -Werror=incompatible-pointer-types -Werror=unguarded-availability -Wno-unused-value -Wno-parentheses -I/private/tmp/mp-skarnet.BQSnVP/prefix/include -isysroot/Library/Developer/CommandLineTools/SDKs/MacOSX15.sdk -pipe -Wall -std=c99 -fno-exceptions -fno-unwind-tables -fno-asynchronous-unwind-tables -ffunction-sections -fdata-sections -O2 -fomit-frame-pointer -pipe -Os -isysroot/Library/Developer/CommandLineTools/SDKs/MacOSX15.sdk -arch arm64 -arch x86_64  -c -o src/libposixplz/mkptemp3.lo src/libposixplz/mkptemp3.c
exec /usr/bin/clang -D_POSIX_C_SOURCE=200809L -D_XOPEN_SOURCE=700 -Isrc/include -fPIC -Werror=implicit-function-declaration -Werror=implicit-int -Werror=pointer-sign -Werror=pointer-arith -Werror=incompatible-pointer-types -Werror=unguarded-availability -Wno-unused-value -Wno-parentheses -I/private/tmp/mp-skarnet.BQSnVP/prefix/include -isysroot/Library/Developer/CommandLineTools/SDKs/MacOSX15.sdk -pipe -Wall -std=c99 -fno-exceptions -fno-unwind-tables -fno-asynchronous-unwind-tables -ffunction-sections -fdata-sections -O2 -fomit-frame-pointer -pipe -Os -isysroot/Library/Developer/CommandLineTools/SDKs/MacOSX15.sdk -arch arm64 -arch x86_64  -c -o src/libposixplz/munmap_void.lo src/libposixplz/munmap_void.c
exec /usr/bin/clang -D_POSIX_C_SOURCE=200809L -D_XOPEN_SOURCE=700 -Isrc/include -fPIC -Werror=implicit-function-declaration -Werror=implicit-int -Werror=pointer-sign -Werror=pointer-arith -Werror=incompatible-pointer-types -Werror=unguarded-availability -Wno-unused-value -Wno-parentheses -I/private/tmp/mp-skarnet.BQSnVP/prefix/include -isysroot/Library/Developer/CommandLineTools/SDKs/MacOSX15.sdk -pipe -Wall -std=c99 -fno-exceptions -fno-unwind-tables -fno-asynchronous-unwind-tables -ffunction-sections -fdata-sections -O2 -fomit-frame-pointer -pipe -Os -isysroot/Library/Developer/CommandLineTools/SDKs/MacOSX15.sdk -arch arm64 -arch x86_64  -c -o src/libposixplz/qsortr.lo src/libposixplz/qsortr.c
exec /usr/bin/clang -D_POSIX_C_SOURCE=200809L -D_XOPEN_SOURCE=700 -Isrc/include -fPIC -Werror=implicit-function-declaration -Werror=implicit-int -Werror=pointer-sign -Werror=pointer-arith -Werror=incompatible-pointer-types -Werror=unguarded-availability -Wno-unused-value -Wno-parentheses -I/private/tmp/mp-skarnet.BQSnVP/prefix/include -isysroot/Library/Developer/CommandLineTools/SDKs/MacOSX15.sdk -pipe -Wall -std=c99 -fno-exceptions -fno-unwind-tables -fno-asynchronous-unwind-tables -ffunction-sections -fdata-sections -O2 -fomit-frame-pointer -pipe -Os -isysroot/Library/Developer/CommandLineTools/SDKs/MacOSX15.sdk -arch arm64 -arch x86_64  -c -o src/libposixplz/setgroups.lo src/libposixplz/setgroups.c
exec /usr/bin/clang -D_POSIX_C_SOURCE=200809L -D_XOPEN_SOURCE=700 -Isrc/include -fPIC -Werror=implicit-function-declaration -Werror=implicit-int -Werror=pointer-sign -Werror=pointer-arith -Werror=incompatible-pointer-types -Werror=unguarded-availability -Wno-unused-value -Wno-parentheses -I/private/tmp/mp-skarnet.BQSnVP/prefix/include -isysroot/Library/Developer/CommandLineTools/SDKs/MacOSX15.sdk -pipe -Wall -std=c99 -fno-exceptions -fno-unwind-tables -fno-asynchronous-unwind-tables -ffunction-sections -fdata-sections -O2 -fomit-frame-pointer -pipe -Os -isysroot/Library/Developer/CommandLineTools/SDKs/MacOSX15.sdk -arch arm64 -arch x86_64  -c -o src/libposixplz/strcasestr.lo src/libposixplz/strcasestr.c
exec /usr/bin/clang -D_POSIX_C_SOURCE=200809L -D_XOPEN_SOURCE=700 -Isrc/include -fPIC -Werror=implicit-function-declaration -Werror=implicit-int -Werror=pointer-sign -Werror=pointer-arith -Werror=incompatible-pointer-types -Werror=unguarded-availability -Wno-unused-value -Wno-parentheses -I/private/tmp/mp-skarnet.BQSnVP/prefix/include -isysroot/Library/Developer/CommandLineTools/SDKs/MacOSX15.sdk -pipe -Wall -std=c99 -fno-exceptions -fno-unwind-tables -fno-asynchronous-unwind-tables -ffunction-sections -fdata-sections -O2 -fomit-frame-pointer -pipe -Os -isysroot/Library/Developer/CommandLineTools/SDKs/MacOSX15.sdk -arch arm64 -arch x86_64  -c -o src/libposixplz/strnlen.lo src/libposixplz/strnlen.c
exec /usr/bin/clang -D_POSIX_C_SOURCE=200809L -D_XOPEN_SOURCE=700 -Isrc/include -fPIC -Werror=implicit-function-declaration -Werror=implicit-int -Werror=pointer-sign -Werror=pointer-arith -Werror=incompatible-pointer-types -Werror=unguarded-availability -Wno-unused-value -Wno-parentheses -I/private/tmp/mp-skarnet.BQSnVP/prefix/include -isysroot/Library/Developer/CommandLineTools/SDKs/MacOSX15.sdk -pipe -Wall -std=c99 -fno-exceptions -fno-unwind-tables -fno-asynchronous-unwind-tables -ffunction-sections -fdata-sections -O2 -fomit-frame-pointer -pipe -Os -isysroot/Library/Developer/CommandLineTools/SDKs/MacOSX15.sdk -arch arm64 -arch x86_64  -c -o src/libposixplz/touch.lo src/libposixplz/touch.c
exec /usr/bin/clang -D_POSIX_C_SOURCE=200809L -D_XOPEN_SOURCE=700 -Isrc/include -fPIC -Werror=implicit-function-declaration -Werror=implicit-int -Werror=pointer-sign -Werror=pointer-arith -Werror=incompatible-pointer-types -Werror=unguarded-availability -Wno-unused-value -Wno-parentheses -I/private/tmp/mp-skarnet.BQSnVP/prefix/include -isysroot/Library/Developer/CommandLineTools/SDKs/MacOSX15.sdk -pipe -Wall -std=c99 -fno-exceptions -fno-unwind-tables -fno-asynchronous-unwind-tables -ffunction-sections -fdata-sections -O2 -fomit-frame-pointer -pipe -Os -isysroot/Library/Developer/CommandLineTools/SDKs/MacOSX15.sdk -arch arm64 -arch x86_64  -c -o src/libposixplz/unlink_void.lo src/libposixplz/unlink_void.c
exec /usr/bin/clang -D_POSIX_C_SOURCE=200809L -D_XOPEN_SOURCE=700 -Isrc/include -fPIC -Werror=implicit-function-declaration -Werror=implicit-int -Werror=pointer-sign -Werror=pointer-arith -Werror=incompatible-pointer-types -Werror=unguarded-availability -Wno-unused-value -Wno-parentheses -I/private/tmp/mp-skarnet.BQSnVP/prefix/include -isysroot/Library/Developer/CommandLineTools/SDKs/MacOSX15.sdk -pipe -Wall -std=c99 -fno-exceptions -fno-unwind-tables -fno-asynchronous-unwind-tables -ffunction-sections -fdata-sections -O2 -fomit-frame-pointer -pipe -Os -isysroot/Library/Developer/CommandLineTools/SDKs/MacOSX15.sdk -arch arm64 -arch x86_64  -c -o src/librandom/autosurf_name.lo src/librandom/autosurf_name.c
exec /usr/bin/clang -D_POSIX_C_SOURCE=200809L -D_XOPEN_SOURCE=700 -Isrc/include -fPIC -Werror=implicit-function-declaration -Werror=implicit-int -Werror=pointer-sign -Werror=pointer-arith -Werror=incompatible-pointer-types -Werror=unguarded-availability -Wno-unused-value -Wno-parentheses -I/private/tmp/mp-skarnet.BQSnVP/prefix/include -isysroot/Library/Developer/CommandLineTools/SDKs/MacOSX15.sdk -pipe -Wall -std=c99 -fno-exceptions -fno-unwind-tables -fno-asynchronous-unwind-tables -ffunction-sections -fdata-sections -O2 -fomit-frame-pointer -pipe -Os -isysroot/Library/Developer/CommandLineTools/SDKs/MacOSX15.sdk -arch arm64 -arch x86_64  -c -o src/librandom/random_buf.lo src/librandom/random_buf.c
exec /usr/bin/clang -D_POSIX_C_SOURCE=200809L -D_XOPEN_SOURCE=700 -Isrc/include -fPIC -Werror=implicit-function-declaration -Werror=implicit-int -Werror=pointer-sign -Werror=pointer-arith -Werror=incompatible-pointer-types -Werror=unguarded-availability -Wno-unused-value -Wno-parentheses -I/private/tmp/mp-skarnet.BQSnVP/prefix/include -isysroot/Library/Developer/CommandLineTools/SDKs/MacOSX15.sdk -pipe -Wall -std=c99 -fno-exceptions -fno-unwind-tables -fno-asynchronous-unwind-tables -ffunction-sections -fdata-sections -O2 -fomit-frame-pointer -pipe -Os -isysroot/Library/Developer/CommandLineTools/SDKs/MacOSX15.sdk -arch arm64 -arch x86_64  -c -o src/librandom/random_buf_early.lo src/librandom/random_buf_early.c
exec /usr/bin/clang -D_POSIX_C_SOURCE=200809L -D_XOPEN_SOURCE=700 -Isrc/include -fPIC -Werror=implicit-function-declaration -Werror=implicit-int -Werror=pointer-sign -Werror=pointer-arith -Werror=incompatible-pointer-types -Werror=unguarded-availability -Wno-unused-value -Wno-parentheses -I/private/tmp/mp-skarnet.BQSnVP/prefix/include -isysroot/Library/Developer/CommandLineTools/SDKs/MacOSX15.sdk -pipe -Wall -std=c99 -fno-exceptions -fno-unwind-tables -fno-asynchronous-unwind-tables -ffunction-sections -fdata-sections -O2 -fomit-frame-pointer -pipe -Os -isysroot/Library/Developer/CommandLineTools/SDKs/MacOSX15.sdk -arch arm64 -arch x86_64  -c -o src/librandom/random_name_from.lo src/librandom/random_name_from.c
exec /usr/bin/clang -D_POSIX_C_SOURCE=200809L -D_XOPEN_SOURCE=700 -Isrc/include -fPIC -Werror=implicit-function-declaration -Werror=implicit-int -Werror=pointer-sign -Werror=pointer-arith -Werror=incompatible-pointer-types -Werror=unguarded-availability -Wno-unused-value -Wno-parentheses -I/private/tmp/mp-skarnet.BQSnVP/prefix/include -isysroot/Library/Developer/CommandLineTools/SDKs/MacOSX15.sdk -pipe -Wall -std=c99 -fno-exceptions -fno-unwind-tables -fno-asynchronous-unwind-tables -ffunction-sections -fdata-sections -O2 -fomit-frame-pointer -pipe -Os -isysroot/Library/Developer/CommandLineTools/SDKs/MacOSX15.sdk -arch arm64 -arch x86_64  -c -o src/librandom/random_sauniquename_from.lo src/librandom/random_sauniquename_from.c
exec /usr/bin/clang -D_POSIX_C_SOURCE=200809L -D_XOPEN_SOURCE=700 -Isrc/include -fPIC -Werror=implicit-function-declaration -Werror=implicit-int -Werror=pointer-sign -Werror=pointer-arith -Werror=incompatible-pointer-types -Werror=unguarded-availability -Wno-unused-value -Wno-parentheses -I/private/tmp/mp-skarnet.BQSnVP/prefix/include -isysroot/Library/Developer/CommandLineTools/SDKs/MacOSX15.sdk -pipe -Wall -std=c99 -fno-exceptions -fno-unwind-tables -fno-asynchronous-unwind-tables -ffunction-sections -fdata-sections -O2 -fomit-frame-pointer -pipe -Os -isysroot/Library/Developer/CommandLineTools/SDKs/MacOSX15.sdk -arch arm64 -arch x86_64  -c -o src/librandom/random_unsort_from.lo src/librandom/random_unsort_from.c
exec /usr/bin/clang -D_POSIX_C_SOURCE=200809L -D_XOPEN_SOURCE=700 -Isrc/include -fPIC -Werror=implicit-function-declaration -Werror=implicit-int -Werror=pointer-sign -Werror=pointer-arith -Werror=incompatible-pointer-types -Werror=unguarded-availability -Wno-unused-value -Wno-parentheses -I/private/tmp/mp-skarnet.BQSnVP/prefix/include -isysroot/Library/Developer/CommandLineTools/SDKs/MacOSX15.sdk -pipe -Wall -std=c99 -fno-exceptions -fno-unwind-tables -fno-asynchronous-unwind-tables -ffunction-sections -fdata-sections -O2 -fomit-frame-pointer -pipe -Os -isysroot/Library/Developer/CommandLineTools/SDKs/MacOSX15.sdk -arch arm64 -arch x86_64  -c -o src/libstdcrypto/blake2s_init.lo src/libstdcrypto/blake2s_init.c
exec /usr/bin/clang -D_POSIX_C_SOURCE=200809L -D_XOPEN_SOURCE=700 -Isrc/include -fPIC -Werror=implicit-function-declaration -Werror=implicit-int -Werror=pointer-sign -Werror=pointer-arith -Werror=incompatible-pointer-types -Werror=unguarded-availability -Wno-unused-value -Wno-parentheses -I/private/tmp/mp-skarnet.BQSnVP/prefix/include -isysroot/Library/Developer/CommandLineTools/SDKs/MacOSX15.sdk -pipe -Wall -std=c99 -fno-exceptions -fno-unwind-tables -fno-asynchronous-unwind-tables -ffunction-sections -fdata-sections -O2 -fomit-frame-pointer -pipe -Os -isysroot/Library/Developer/CommandLineTools/SDKs/MacOSX15.sdk -arch arm64 -arch x86_64  -c -o src/libstdcrypto/blake2s_update.lo src/libstdcrypto/blake2s_update.c
exec /usr/bin/clang -D_POSIX_C_SOURCE=200809L -D_XOPEN_SOURCE=700 -Isrc/include -fPIC -Werror=implicit-function-declaration -Werror=implicit-int -Werror=pointer-sign -Werror=pointer-arith -Werror=incompatible-pointer-types -Werror=unguarded-availability -Wno-unused-value -Wno-parentheses -I/private/tmp/mp-skarnet.BQSnVP/prefix/include -isysroot/Library/Developer/CommandLineTools/SDKs/MacOSX15.sdk -pipe -Wall -std=c99 -fno-exceptions -fno-unwind-tables -fno-asynchronous-unwind-tables -ffunction-sections -fdata-sections -O2 -fomit-frame-pointer -pipe -Os -isysroot/Library/Developer/CommandLineTools/SDKs/MacOSX15.sdk -arch arm64 -arch x86_64  -c -o src/libstdcrypto/crc32c.lo src/libstdcrypto/crc32c.c
exec /usr/bin/clang -D_POSIX_C_SOURCE=200809L -D_XOPEN_SOURCE=700 -Isrc/include -fPIC -Werror=implicit-function-declaration -Werror=implicit-int -Werror=pointer-sign -Werror=pointer-arith -Werror=incompatible-pointer-types -Werror=unguarded-availability -Wno-unused-value -Wno-parentheses -I/private/tmp/mp-skarnet.BQSnVP/prefix/include -isysroot/Library/Developer/CommandLineTools/SDKs/MacOSX15.sdk -pipe -Wall -std=c99 -fno-exceptions -fno-unwind-tables -fno-asynchronous-unwind-tables -ffunction-sections -fdata-sections -O2 -fomit-frame-pointer -pipe -Os -isysroot/Library/Developer/CommandLineTools/SDKs/MacOSX15.sdk -arch arm64 -arch x86_64  -c -o src/libstdcrypto/sha1_feed.lo src/libstdcrypto/sha1_feed.c
exec /usr/bin/clang -D_POSIX_C_SOURCE=200809L -D_XOPEN_SOURCE=700 -Isrc/include -fPIC -Werror=implicit-function-declaration -Werror=implicit-int -Werror=pointer-sign -Werror=pointer-arith -Werror=incompatible-pointer-types -Werror=unguarded-availability -Wno-unused-value -Wno-parentheses -I/private/tmp/mp-skarnet.BQSnVP/prefix/include -isysroot/Library/Developer/CommandLineTools/SDKs/MacOSX15.sdk -pipe -Wall -std=c99 -fno-exceptions -fno-unwind-tables -fno-asynchronous-unwind-tables -ffunction-sections -fdata-sections -O2 -fomit-frame-pointer -pipe -Os -isysroot/Library/Developer/CommandLineTools/SDKs/MacOSX15.sdk -arch arm64 -arch x86_64  -c -o src/libstdcrypto/sha1_init.lo src/libstdcrypto/sha1_init.c
exec /usr/bin/clang -D_POSIX_C_SOURCE=200809L -D_XOPEN_SOURCE=700 -Isrc/include -fPIC -Werror=implicit-function-declaration -Werror=implicit-int -Werror=pointer-sign -Werror=pointer-arith -Werror=incompatible-pointer-types -Werror=unguarded-availability -Wno-unused-value -Wno-parentheses -I/private/tmp/mp-skarnet.BQSnVP/prefix/include -isysroot/Library/Developer/CommandLineTools/SDKs/MacOSX15.sdk -pipe -Wall -std=c99 -fno-exceptions -fno-unwind-tables -fno-asynchronous-unwind-tables -ffunction-sections -fdata-sections -O2 -fomit-frame-pointer -pipe -Os -isysroot/Library/Developer/CommandLineTools/SDKs/MacOSX15.sdk -arch arm64 -arch x86_64  -c -o src/libstdcrypto/sha1_transform.lo src/libstdcrypto/sha1_transform.c
exec /usr/bin/clang -D_POSIX_C_SOURCE=200809L -D_XOPEN_SOURCE=700 -Isrc/include -fPIC -Werror=implicit-function-declaration -Werror=implicit-int -Werror=pointer-sign -Werror=pointer-arith -Werror=incompatible-pointer-types -Werror=unguarded-availability -Wno-unused-value -Wno-parentheses -I/private/tmp/mp-skarnet.BQSnVP/prefix/include -isysroot/Library/Developer/CommandLineTools/SDKs/MacOSX15.sdk -pipe -Wall -std=c99 -fno-exceptions -fno-unwind-tables -fno-asynchronous-unwind-tables -ffunction-sections -fdata-sections -O2 -fomit-frame-pointer -pipe -Os -isysroot/Library/Developer/CommandLineTools/SDKs/MacOSX15.sdk -arch arm64 -arch x86_64  -c -o src/libstdcrypto/sha1_update.lo src/libstdcrypto/sha1_update.c
exec /usr/bin/clang -D_POSIX_C_SOURCE=200809L -D_XOPEN_SOURCE=700 -Isrc/include -fPIC -Werror=implicit-function-declaration -Werror=implicit-int -Werror=pointer-sign -Werror=pointer-arith -Werror=incompatible-pointer-types -Werror=unguarded-availability -Wno-unused-value -Wno-parentheses -I/private/tmp/mp-skarnet.BQSnVP/prefix/include -isysroot/Library/Developer/CommandLineTools/SDKs/MacOSX15.sdk -pipe -Wall -std=c99 -fno-exceptions -fno-unwind-tables -fno-asynchronous-unwind-tables -ffunction-sections -fdata-sections -O2 -fomit-frame-pointer -pipe -Os -isysroot/Library/Developer/CommandLineTools/SDKs/MacOSX15.sdk -arch arm64 -arch x86_64  -c -o src/libstdcrypto/sha256_feed.lo src/libstdcrypto/sha256_feed.c
exec /usr/bin/clang -D_POSIX_C_SOURCE=200809L -D_XOPEN_SOURCE=700 -Isrc/include -fPIC -Werror=implicit-function-declaration -Werror=implicit-int -Werror=pointer-sign -Werror=pointer-arith -Werror=incompatible-pointer-types -Werror=unguarded-availability -Wno-unused-value -Wno-parentheses -I/private/tmp/mp-skarnet.BQSnVP/prefix/include -isysroot/Library/Developer/CommandLineTools/SDKs/MacOSX15.sdk -pipe -Wall -std=c99 -fno-exceptions -fno-unwind-tables -fno-asynchronous-unwind-tables -ffunction-sections -fdata-sections -O2 -fomit-frame-pointer -pipe -Os -isysroot/Library/Developer/CommandLineTools/SDKs/MacOSX15.sdk -arch arm64 -arch x86_64  -c -o src/libstdcrypto/sha256_final.lo src/libstdcrypto/sha256_final.c
exec /usr/bin/clang -D_POSIX_C_SOURCE=200809L -D_XOPEN_SOURCE=700 -Isrc/include -fPIC -Werror=implicit-function-declaration -Werror=implicit-int -Werror=pointer-sign -Werror=pointer-arith -Werror=incompatible-pointer-types -Werror=unguarded-availability -Wno-unused-value -Wno-parentheses -I/private/tmp/mp-skarnet.BQSnVP/prefix/include -isysroot/Library/Developer/CommandLineTools/SDKs/MacOSX15.sdk -pipe -Wall -std=c99 -fno-exceptions -fno-unwind-tables -fno-asynchronous-unwind-tables -ffunction-sections -fdata-sections -O2 -fomit-frame-pointer -pipe -Os -isysroot/Library/Developer/CommandLineTools/SDKs/MacOSX15.sdk -arch arm64 -arch x86_64  -c -o src/libstdcrypto/sha256_init.lo src/libstdcrypto/sha256_init.c
exec /usr/bin/clang -D_POSIX_C_SOURCE=200809L -D_XOPEN_SOURCE=700 -Isrc/include -fPIC -Werror=implicit-function-declaration -Werror=implicit-int -Werror=pointer-sign -Werror=pointer-arith -Werror=incompatible-pointer-types -Werror=unguarded-availability -Wno-unused-value -Wno-parentheses -I/private/tmp/mp-skarnet.BQSnVP/prefix/include -isysroot/Library/Developer/CommandLineTools/SDKs/MacOSX15.sdk -pipe -Wall -std=c99 -fno-exceptions -fno-unwind-tables -fno-asynchronous-unwind-tables -ffunction-sections -fdata-sections -O2 -fomit-frame-pointer -pipe -Os -isysroot/Library/Developer/CommandLineTools/SDKs/MacOSX15.sdk -arch arm64 -arch x86_64  -c -o src/libstdcrypto/sha256_transform.lo src/libstdcrypto/sha256_transform.c
exec /usr/bin/clang -D_POSIX_C_SOURCE=200809L -D_XOPEN_SOURCE=700 -Isrc/include -fPIC -Werror=implicit-function-declaration -Werror=implicit-int -Werror=pointer-sign -Werror=pointer-arith -Werror=incompatible-pointer-types -Werror=unguarded-availability -Wno-unused-value -Wno-parentheses -I/private/tmp/mp-skarnet.BQSnVP/prefix/include -isysroot/Library/Developer/CommandLineTools/SDKs/MacOSX15.sdk -pipe -Wall -std=c99 -fno-exceptions -fno-unwind-tables -fno-asynchronous-unwind-tables -ffunction-sections -fdata-sections -O2 -fomit-frame-pointer -pipe -Os -isysroot/Library/Developer/CommandLineTools/SDKs/MacOSX15.sdk -arch arm64 -arch x86_64  -c -o src/libstdcrypto/sha256_update.lo src/libstdcrypto/sha256_update.c
exec /usr/bin/clang -D_POSIX_C_SOURCE=200809L -D_XOPEN_SOURCE=700 -Isrc/include -fPIC -Werror=implicit-function-declaration -Werror=implicit-int -Werror=pointer-sign -Werror=pointer-arith -Werror=incompatible-pointer-types -Werror=unguarded-availability -Wno-unused-value -Wno-parentheses -I/private/tmp/mp-skarnet.BQSnVP/prefix/include -isysroot/Library/Developer/CommandLineTools/SDKs/MacOSX15.sdk -pipe -Wall -std=c99 -fno-exceptions -fno-unwind-tables -fno-asynchronous-unwind-tables -ffunction-sections -fdata-sections -O2 -fomit-frame-pointer -pipe -Os -isysroot/Library/Developer/CommandLineTools/SDKs/MacOSX15.sdk -arch arm64 -arch x86_64  -c -o src/libstdcrypto/sha512_final.lo src/libstdcrypto/sha512_final.c
exec /usr/bin/clang -D_POSIX_C_SOURCE=200809L -D_XOPEN_SOURCE=700 -Isrc/include -fPIC -Werror=implicit-function-declaration -Werror=implicit-int -Werror=pointer-sign -Werror=pointer-arith -Werror=incompatible-pointer-types -Werror=unguarded-availability -Wno-unused-value -Wno-parentheses -I/private/tmp/mp-skarnet.BQSnVP/prefix/include -isysroot/Library/Developer/CommandLineTools/SDKs/MacOSX15.sdk -pipe -Wall -std=c99 -fno-exceptions -fno-unwind-tables -fno-asynchronous-unwind-tables -ffunction-sections -fdata-sections -O2 -fomit-frame-pointer -pipe -Os -isysroot/Library/Developer/CommandLineTools/SDKs/MacOSX15.sdk -arch arm64 -arch x86_64  -c -o src/libstdcrypto/sha512_init.lo src/libstdcrypto/sha512_init.c
exec /usr/bin/clang -D_POSIX_C_SOURCE=200809L -D_XOPEN_SOURCE=700 -Isrc/include -fPIC -Werror=implicit-function-declaration -Werror=implicit-int -Werror=pointer-sign -Werror=pointer-arith -Werror=incompatible-pointer-types -Werror=unguarded-availability -Wno-unused-value -Wno-parentheses -I/private/tmp/mp-skarnet.BQSnVP/prefix/include -isysroot/Library/Developer/CommandLineTools/SDKs/MacOSX15.sdk -pipe -Wall -std=c99 -fno-exceptions -fno-unwind-tables -fno-asynchronous-unwind-tables -ffunction-sections -fdata-sections -O2 -fomit-frame-pointer -pipe -Os -isysroot/Library/Developer/CommandLineTools/SDKs/MacOSX15.sdk -arch arm64 -arch x86_64  -c -o src/libstdcrypto/sha512_transform.lo src/libstdcrypto/sha512_transform.c
exec /usr/bin/clang -D_POSIX_C_SOURCE=200809L -D_XOPEN_SOURCE=700 -Isrc/include -fPIC -Werror=implicit-function-declaration -Werror=implicit-int -Werror=pointer-sign -Werror=pointer-arith -Werror=incompatible-pointer-types -Werror=unguarded-availability -Wno-unused-value -Wno-parentheses -I/private/tmp/mp-skarnet.BQSnVP/prefix/include -isysroot/Library/Developer/CommandLineTools/SDKs/MacOSX15.sdk -pipe -Wall -std=c99 -fno-exceptions -fno-unwind-tables -fno-asynchronous-unwind-tables -ffunction-sections -fdata-sections -O2 -fomit-frame-pointer -pipe -Os -isysroot/Library/Developer/CommandLineTools/SDKs/MacOSX15.sdk -arch arm64 -arch x86_64  -c -o src/libstdcrypto/sha512_update.lo src/libstdcrypto/sha512_update.c
exec /usr/bin/clang -D_POSIX_C_SOURCE=200809L -D_XOPEN_SOURCE=700 -Isrc/include -fPIC -Werror=implicit-function-declaration -Werror=implicit-int -Werror=pointer-sign -Werror=pointer-arith -Werror=incompatible-pointer-types -Werror=unguarded-availability -Wno-unused-value -Wno-parentheses -I/private/tmp/mp-skarnet.BQSnVP/prefix/include -isysroot/Library/Developer/CommandLineTools/SDKs/MacOSX15.sdk -pipe -Wall -std=c99 -fno-exceptions -fno-unwind-tables -fno-asynchronous-unwind-tables -ffunction-sections -fdata-sections -O2 -fomit-frame-pointer -pipe -Os -isysroot/Library/Developer/CommandLineTools/SDKs/MacOSX15.sdk -arch arm64 -arch x86_64  -c -o src/libstddjb/alloc.lo src/libstddjb/alloc.c
exec /usr/bin/clang -D_POSIX_C_SOURCE=200809L -D_XOPEN_SOURCE=700 -Isrc/include -fPIC -Werror=implicit-function-declaration -Werror=implicit-int -Werror=pointer-sign -Werror=pointer-arith -Werror=incompatible-pointer-types -Werror=unguarded-availability -Wno-unused-value -Wno-parentheses -I/private/tmp/mp-skarnet.BQSnVP/prefix/include -isysroot/Library/Developer/CommandLineTools/SDKs/MacOSX15.sdk -pipe -Wall -std=c99 -fno-exceptions -fno-unwind-tables -fno-asynchronous-unwind-tables -ffunction-sections -fdata-sections -O2 -fomit-frame-pointer -pipe -Os -isysroot/Library/Developer/CommandLineTools/SDKs/MacOSX15.sdk -arch arm64 -arch x86_64  -c -o src/libstddjb/alloc_realloc.lo src/libstddjb/alloc_realloc.c
exec /usr/bin/clang -D_POSIX_C_SOURCE=200809L -D_XOPEN_SOURCE=700 -Isrc/include -fPIC -Werror=implicit-function-declaration -Werror=implicit-int -Werror=pointer-sign -Werror=pointer-arith -Werror=incompatible-pointer-types -Werror=unguarded-availability -Wno-unused-value -Wno-parentheses -I/private/tmp/mp-skarnet.BQSnVP/prefix/include -isysroot/Library/Developer/CommandLineTools/SDKs/MacOSX15.sdk -pipe -Wall -std=c99 -fno-exceptions -fno-unwind-tables -fno-asynchronous-unwind-tables -ffunction-sections -fdata-sections -O2 -fomit-frame-pointer -pipe -Os -isysroot/Library/Developer/CommandLineTools/SDKs/MacOSX15.sdk -arch arm64 -arch x86_64  -c -o src/libstddjb/allread.lo src/libstddjb/allread.c
exec /usr/bin/clang -D_POSIX_C_SOURCE=200809L -D_XOPEN_SOURCE=700 -Isrc/include -fPIC -Werror=implicit-function-declaration -Werror=implicit-int -Werror=pointer-sign -Werror=pointer-arith -Werror=incompatible-pointer-types -Werror=unguarded-availability -Wno-unused-value -Wno-parentheses -I/private/tmp/mp-skarnet.BQSnVP/prefix/include -isysroot/Library/Developer/CommandLineTools/SDKs/MacOSX15.sdk -pipe -Wall -std=c99 -fno-exceptions -fno-unwind-tables -fno-asynchronous-unwind-tables -ffunction-sections -fdata-sections -O2 -fomit-frame-pointer -pipe -Os -isysroot/Library/Developer/CommandLineTools/SDKs/MacOSX15.sdk -arch arm64 -arch x86_64  -c -o src/libstddjb/allreadv.lo src/libstddjb/allreadv.c
exec /usr/bin/clang -D_POSIX_C_SOURCE=200809L -D_XOPEN_SOURCE=700 -Isrc/include -fPIC -Werror=implicit-function-declaration -Werror=implicit-int -Werror=pointer-sign -Werror=pointer-arith -Werror=incompatible-pointer-types -Werror=unguarded-availability -Wno-unused-value -Wno-parentheses -I/private/tmp/mp-skarnet.BQSnVP/prefix/include -isysroot/Library/Developer/CommandLineTools/SDKs/MacOSX15.sdk -pipe -Wall -std=c99 -fno-exceptions -fno-unwind-tables -fno-asynchronous-unwind-tables -ffunction-sections -fdata-sections -O2 -fomit-frame-pointer -pipe -Os -isysroot/Library/Developer/CommandLineTools/SDKs/MacOSX15.sdk -arch arm64 -arch x86_64  -c -o src/libstddjb/allreadwrite.lo src/libstddjb/allreadwrite.c
exec /usr/bin/clang -D_POSIX_C_SOURCE=200809L -D_XOPEN_SOURCE=700 -Isrc/include -fPIC -Werror=implicit-function-declaration -Werror=implicit-int -Werror=pointer-sign -Werror=pointer-arith -Werror=incompatible-pointer-types -Werror=unguarded-availability -Wno-unused-value -Wno-parentheses -I/private/tmp/mp-skarnet.BQSnVP/prefix/include -isysroot/Library/Developer/CommandLineTools/SDKs/MacOSX15.sdk -pipe -Wall -std=c99 -fno-exceptions -fno-unwind-tables -fno-asynchronous-unwind-tables -ffunction-sections -fdata-sections -O2 -fomit-frame-pointer -pipe -Os -isysroot/Library/Developer/CommandLineTools/SDKs/MacOSX15.sdk -arch arm64 -arch x86_64  -c -o src/libstddjb/allreadwritev.lo src/libstddjb/allreadwritev.c
exec /usr/bin/clang -D_POSIX_C_SOURCE=200809L -D_XOPEN_SOURCE=700 -Isrc/include -fPIC -Werror=implicit-function-declaration -Werror=implicit-int -Werror=pointer-sign -Werror=pointer-arith -Werror=incompatible-pointer-types -Werror=unguarded-availability -Wno-unused-value -Wno-parentheses -I/private/tmp/mp-skarnet.BQSnVP/prefix/include -isysroot/Library/Developer/CommandLineTools/SDKs/MacOSX15.sdk -pipe -Wall -std=c99 -fno-exceptions -fno-unwind-tables -fno-asynchronous-unwind-tables -ffunction-sections -fdata-sections -O2 -fomit-frame-pointer -pipe -Os -isysroot/Library/Developer/CommandLineTools/SDKs/MacOSX15.sdk -arch arm64 -arch x86_64  -c -o src/libstddjb/allwrite.lo src/libstddjb/allwrite.c
exec /usr/bin/clang -D_POSIX_C_SOURCE=200809L -D_XOPEN_SOURCE=700 -Isrc/include -fPIC -Werror=implicit-function-declaration -Werror=implicit-int -Werror=pointer-sign -Werror=pointer-arith -Werror=incompatible-pointer-types -Werror=unguarded-availability -Wno-unused-value -Wno-parentheses -I/private/tmp/mp-skarnet.BQSnVP/prefix/include -isysroot/Library/Developer/CommandLineTools/SDKs/MacOSX15.sdk -pipe -Wall -std=c99 -fno-exceptions -fno-unwind-tables -fno-asynchronous-unwind-tables -ffunction-sections -fdata-sections -O2 -fomit-frame-pointer -pipe -Os -isysroot/Library/Developer/CommandLineTools/SDKs/MacOSX15.sdk -arch arm64 -arch x86_64  -c -o src/libstddjb/allwritev.lo src/libstddjb/allwritev.c
exec /usr/bin/clang -D_POSIX_C_SOURCE=200809L -D_XOPEN_SOURCE=700 -Isrc/include -fPIC -Werror=implicit-function-declaration -Werror=implicit-int -Werror=pointer-sign -Werror=pointer-arith -Werror=incompatible-pointer-types -Werror=unguarded-availability -Wno-unused-value -Wno-parentheses -I/private/tmp/mp-skarnet.BQSnVP/prefix/include -isysroot/Library/Developer/CommandLineTools/SDKs/MacOSX15.sdk -pipe -Wall -std=c99 -fno-exceptions -fno-unwind-tables -fno-asynchronous-unwind-tables -ffunction-sections -fdata-sections -O2 -fomit-frame-pointer -pipe -Os -isysroot/Library/Developer/CommandLineTools/SDKs/MacOSX15.sdk -arch arm64 -arch x86_64  -c -o src/libstddjb/bitarray_and.lo src/libstddjb/bitarray_and.c
exec /usr/bin/clang -D_POSIX_C_SOURCE=200809L -D_XOPEN_SOURCE=700 -Isrc/include -fPIC -Werror=implicit-function-declaration -Werror=implicit-int -Werror=pointer-sign -Werror=pointer-arith -Werror=incompatible-pointer-types -Werror=unguarded-availability -Wno-unused-value -Wno-parentheses -I/private/tmp/mp-skarnet.BQSnVP/prefix/include -isysroot/Library/Developer/CommandLineTools/SDKs/MacOSX15.sdk -pipe -Wall -std=c99 -fno-exceptions -fno-unwind-tables -fno-asynchronous-unwind-tables -ffunction-sections -fdata-sections -O2 -fomit-frame-pointer -pipe -Os -isysroot/Library/Developer/CommandLineTools/SDKs/MacOSX15.sdk -arch arm64 -arch x86_64  -c -o src/libstddjb/bitarray_clearsetn.lo src/libstddjb/bitarray_clearsetn.c
exec /usr/bin/clang -D_POSIX_C_SOURCE=200809L -D_XOPEN_SOURCE=700 -Isrc/include -fPIC -Werror=implicit-function-declaration -Werror=implicit-int -Werror=pointer-sign -Werror=pointer-arith -Werror=incompatible-pointer-types -Werror=unguarded-availability -Wno-unused-value -Wno-parentheses -I/private/tmp/mp-skarnet.BQSnVP/prefix/include -isysroot/Library/Developer/CommandLineTools/SDKs/MacOSX15.sdk -pipe -Wall -std=c99 -fno-exceptions -fno-unwind-tables -fno-asynchronous-unwind-tables -ffunction-sections -fdata-sections -O2 -fomit-frame-pointer -pipe -Os -isysroot/Library/Developer/CommandLineTools/SDKs/MacOSX15.sdk -arch arm64 -arch x86_64  -c -o src/libstddjb/bitarray_count.lo src/libstddjb/bitarray_count.c
exec /usr/bin/clang -D_POSIX_C_SOURCE=200809L -D_XOPEN_SOURCE=700 -Isrc/include -fPIC -Werror=implicit-function-declaration -Werror=implicit-int -Werror=pointer-sign -Werror=pointer-arith -Werror=incompatible-pointer-types -Werror=unguarded-availability -Wno-unused-value -Wno-parentheses -I/private/tmp/mp-skarnet.BQSnVP/prefix/include -isysroot/Library/Developer/CommandLineTools/SDKs/MacOSX15.sdk -pipe -Wall -std=c99 -fno-exceptions -fno-unwind-tables -fno-asynchronous-unwind-tables -ffunction-sections -fdata-sections -O2 -fomit-frame-pointer -pipe -Os -isysroot/Library/Developer/CommandLineTools/SDKs/MacOSX15.sdk -arch arm64 -arch x86_64  -c -o src/libstddjb/bitarray_firstclear.lo src/libstddjb/bitarray_firstclear.c
exec /usr/bin/clang -D_POSIX_C_SOURCE=200809L -D_XOPEN_SOURCE=700 -Isrc/include -fPIC -Werror=implicit-function-declaration -Werror=implicit-int -Werror=pointer-sign -Werror=pointer-arith -Werror=incompatible-pointer-types -Werror=unguarded-availability -Wno-unused-value -Wno-parentheses -I/private/tmp/mp-skarnet.BQSnVP/prefix/include -isysroot/Library/Developer/CommandLineTools/SDKs/MacOSX15.sdk -pipe -Wall -std=c99 -fno-exceptions -fno-unwind-tables -fno-asynchronous-unwind-tables -ffunction-sections -fdata-sections -O2 -fomit-frame-pointer -pipe -Os -isysroot/Library/Developer/CommandLineTools/SDKs/MacOSX15.sdk -arch arm64 -arch x86_64  -c -o src/libstddjb/bitarray_firstclear_skip.lo src/libstddjb/bitarray_firstclear_skip.c
exec /usr/bin/clang -D_POSIX_C_SOURCE=200809L -D_XOPEN_SOURCE=700 -Isrc/include -fPIC -Werror=implicit-function-declaration -Werror=implicit-int -Werror=pointer-sign -Werror=pointer-arith -Werror=incompatible-pointer-types -Werror=unguarded-availability -Wno-unused-value -Wno-parentheses -I/private/tmp/mp-skarnet.BQSnVP/prefix/include -isysroot/Library/Developer/CommandLineTools/SDKs/MacOSX15.sdk -pipe -Wall -std=c99 -fno-exceptions -fno-unwind-tables -fno-asynchronous-unwind-tables -ffunction-sections -fdata-sections -O2 -fomit-frame-pointer -pipe -Os -isysroot/Library/Developer/CommandLineTools/SDKs/MacOSX15.sdk -arch arm64 -arch x86_64  -c -o src/libstddjb/bitarray_firstset.lo src/libstddjb/bitarray_firstset.c
exec /usr/bin/clang -D_POSIX_C_SOURCE=200809L -D_XOPEN_SOURCE=700 -Isrc/include -fPIC -Werror=implicit-function-declaration -Werror=implicit-int -Werror=pointer-sign -Werror=pointer-arith -Werror=incompatible-pointer-types -Werror=unguarded-availability -Wno-unused-value -Wno-parentheses -I/private/tmp/mp-skarnet.BQSnVP/prefix/include -isysroot/Library/Developer/CommandLineTools/SDKs/MacOSX15.sdk -pipe -Wall -std=c99 -fno-exceptions -fno-unwind-tables -fno-asynchronous-unwind-tables -ffunction-sections -fdata-sections -O2 -fomit-frame-pointer -pipe -Os -isysroot/Library/Developer/CommandLineTools/SDKs/MacOSX15.sdk -arch arm64 -arch x86_64  -c -o src/libstddjb/bitarray_firstset_skip.lo src/libstddjb/bitarray_firstset_skip.c
exec /usr/bin/clang -D_POSIX_C_SOURCE=200809L -D_XOPEN_SOURCE=700 -Isrc/include -fPIC -Werror=implicit-function-declaration -Werror=implicit-int -Werror=pointer-sign -Werror=pointer-arith -Werror=incompatible-pointer-types -Werror=unguarded-availability -Wno-unused-value -Wno-parentheses -I/private/tmp/mp-skarnet.BQSnVP/prefix/include -isysroot/Library/Developer/CommandLineTools/SDKs/MacOSX15.sdk -pipe -Wall -std=c99 -fno-exceptions -fno-unwind-tables -fno-asynchronous-unwind-tables -ffunction-sections -fdata-sections -O2 -fomit-frame-pointer -pipe -Os -isysroot/Library/Developer/CommandLineTools/SDKs/MacOSX15.sdk -arch arm64 -arch x86_64  -c -o src/libstddjb/bitarray_not.lo src/libstddjb/bitarray_not.c
exec /usr/bin/clang -D_POSIX_C_SOURCE=200809L -D_XOPEN_SOURCE=700 -Isrc/include -fPIC -Werror=implicit-function-declaration -Werror=implicit-int -Werror=pointer-sign -Werror=pointer-arith -Werror=incompatible-pointer-types -Werror=unguarded-availability -Wno-unused-value -Wno-parentheses -I/private/tmp/mp-skarnet.BQSnVP/prefix/include -isysroot/Library/Developer/CommandLineTools/SDKs/MacOSX15.sdk -pipe -Wall -std=c99 -fno-exceptions -fno-unwind-tables -fno-asynchronous-unwind-tables -ffunction-sections -fdata-sections -O2 -fomit-frame-pointer -pipe -Os -isysroot/Library/Developer/CommandLineTools/SDKs/MacOSX15.sdk -arch arm64 -arch x86_64  -c -o src/libstddjb/bitarray_or.lo src/libstddjb/bitarray_or.c
exec /usr/bin/clang -D_POSIX_C_SOURCE=200809L -D_XOPEN_SOURCE=700 -Isrc/include -fPIC -Werror=implicit-function-declaration -Werror=implicit-int -Werror=pointer-sign -Werror=pointer-arith -Werror=incompatible-pointer-types -Werror=unguarded-availability -Wno-unused-value -Wno-parentheses -I/private/tmp/mp-skarnet.BQSnVP/prefix/include -isysroot/Library/Developer/CommandLineTools/SDKs/MacOSX15.sdk -pipe -Wall -std=c99 -fno-exceptions -fno-unwind-tables -fno-asynchronous-unwind-tables -ffunction-sections -fdata-sections -O2 -fomit-frame-pointer -pipe -Os -isysroot/Library/Developer/CommandLineTools/SDKs/MacOSX15.sdk -arch arm64 -arch x86_64  -c -o src/libstddjb/bitarray_testandpoke.lo src/libstddjb/bitarray_testandpoke.c
exec /usr/bin/clang -D_POSIX_C_SOURCE=200809L -D_XOPEN_SOURCE=700 -Isrc/include -fPIC -Werror=implicit-function-declaration -Werror=implicit-int -Werror=pointer-sign -Werror=pointer-arith -Werror=incompatible-pointer-types -Werror=unguarded-availability -Wno-unused-value -Wno-parentheses -I/private/tmp/mp-skarnet.BQSnVP/prefix/include -isysroot/Library/Developer/CommandLineTools/SDKs/MacOSX15.sdk -pipe -Wall -std=c99 -fno-exceptions -fno-unwind-tables -fno-asynchronous-unwind-tables -ffunction-sections -fdata-sections -O2 -fomit-frame-pointer -pipe -Os -isysroot/Library/Developer/CommandLineTools/SDKs/MacOSX15.sdk -arch arm64 -arch x86_64  -c -o src/libstddjb/bitarray_xor.lo src/libstddjb/bitarray_xor.c
exec /usr/bin/clang -D_POSIX_C_SOURCE=200809L -D_XOPEN_SOURCE=700 -Isrc/include -fPIC -Werror=implicit-function-declaration -Werror=implicit-int -Werror=pointer-sign -Werror=pointer-arith -Werror=incompatible-pointer-types -Werror=unguarded-availability -Wno-unused-value -Wno-parentheses -I/private/tmp/mp-skarnet.BQSnVP/prefix/include -isysroot/Library/Developer/CommandLineTools/SDKs/MacOSX15.sdk -pipe -Wall -std=c99 -fno-exceptions -fno-unwind-tables -fno-asynchronous-unwind-tables -ffunction-sections -fdata-sections -O2 -fomit-frame-pointer -pipe -Os -isysroot/Library/Developer/CommandLineTools/SDKs/MacOSX15.sdk -arch arm64 -arch x86_64  -c -o src/libstddjb/bufalloc_1.lo src/libstddjb/bufalloc_1.c
exec /usr/bin/clang -D_POSIX_C_SOURCE=200809L -D_XOPEN_SOURCE=700 -Isrc/include -fPIC -Werror=implicit-function-declaration -Werror=implicit-int -Werror=pointer-sign -Werror=pointer-arith -Werror=incompatible-pointer-types -Werror=unguarded-availability -Wno-unused-value -Wno-parentheses -I/private/tmp/mp-skarnet.BQSnVP/prefix/include -isysroot/Library/Developer/CommandLineTools/SDKs/MacOSX15.sdk -pipe -Wall -std=c99 -fno-exceptions -fno-unwind-tables -fno-asynchronous-unwind-tables -ffunction-sections -fdata-sections -O2 -fomit-frame-pointer -pipe -Os -isysroot/Library/Developer/CommandLineTools/SDKs/MacOSX15.sdk -arch arm64 -arch x86_64  -c -o src/libstddjb/bufalloc_2.lo src/libstddjb/bufalloc_2.c
exec /usr/bin/clang -D_POSIX_C_SOURCE=200809L -D_XOPEN_SOURCE=700 -Isrc/include -fPIC -Werror=implicit-function-declaration -Werror=implicit-int -Werror=pointer-sign -Werror=pointer-arith -Werror=incompatible-pointer-types -Werror=unguarded-availability -Wno-unused-value -Wno-parentheses -I/private/tmp/mp-skarnet.BQSnVP/prefix/include -isysroot/Library/Developer/CommandLineTools/SDKs/MacOSX15.sdk -pipe -Wall -std=c99 -fno-exceptions -fno-unwind-tables -fno-asynchronous-unwind-tables -ffunction-sections -fdata-sections -O2 -fomit-frame-pointer -pipe -Os -isysroot/Library/Developer/CommandLineTools/SDKs/MacOSX15.sdk -arch arm64 -arch x86_64  -c -o src/libstddjb/bufalloc_clean.lo src/libstddjb/bufalloc_clean.c
exec /usr/bin/clang -D_POSIX_C_SOURCE=200809L -D_XOPEN_SOURCE=700 -Isrc/include -fPIC -Werror=implicit-function-declaration -Werror=implicit-int -Werror=pointer-sign -Werror=pointer-arith -Werror=incompatible-pointer-types -Werror=unguarded-availability -Wno-unused-value -Wno-parentheses -I/private/tmp/mp-skarnet.BQSnVP/prefix/include -isysroot/Library/Developer/CommandLineTools/SDKs/MacOSX15.sdk -pipe -Wall -std=c99 -fno-exceptions -fno-unwind-tables -fno-asynchronous-unwind-tables -ffunction-sections -fdata-sections -O2 -fomit-frame-pointer -pipe -Os -isysroot/Library/Developer/CommandLineTools/SDKs/MacOSX15.sdk -arch arm64 -arch x86_64  -c -o src/libstddjb/bufalloc_flush.lo src/libstddjb/bufalloc_flush.c
exec /usr/bin/clang -D_POSIX_C_SOURCE=200809L -D_XOPEN_SOURCE=700 -Isrc/include -fPIC -Werror=implicit-function-declaration -Werror=implicit-int -Werror=pointer-sign -Werror=pointer-arith -Werror=incompatible-pointer-types -Werror=unguarded-availability -Wno-unused-value -Wno-parentheses -I/private/tmp/mp-skarnet.BQSnVP/prefix/include -isysroot/Library/Developer/CommandLineTools/SDKs/MacOSX15.sdk -pipe -Wall -std=c99 -fno-exceptions -fno-unwind-tables -fno-asynchronous-unwind-tables -ffunction-sections -fdata-sections -O2 -fomit-frame-pointer -pipe -Os -isysroot/Library/Developer/CommandLineTools/SDKs/MacOSX15.sdk -arch arm64 -arch x86_64  -c -o src/libstddjb/bufalloc_getfd.lo src/libstddjb/bufalloc_getfd.c
exec /usr/bin/clang -D_POSIX_C_SOURCE=200809L -D_XOPEN_SOURCE=700 -Isrc/include -fPIC -Werror=implicit-function-declaration -Werror=implicit-int -Werror=pointer-sign -Werror=pointer-arith -Werror=incompatible-pointer-types -Werror=unguarded-availability -Wno-unused-value -Wno-parentheses -I/private/tmp/mp-skarnet.BQSnVP/prefix/include -isysroot/Library/Developer/CommandLineTools/SDKs/MacOSX15.sdk -pipe -Wall -std=c99 -fno-exceptions -fno-unwind-tables -fno-asynchronous-unwind-tables -ffunction-sections -fdata-sections -O2 -fomit-frame-pointer -pipe -Os -isysroot/Library/Developer/CommandLineTools/SDKs/MacOSX15.sdk -arch arm64 -arch x86_64  -c -o src/libstddjb/bufalloc_getlen.lo src/libstddjb/bufalloc_getlen.c
exec /usr/bin/clang -D_POSIX_C_SOURCE=200809L -D_XOPEN_SOURCE=700 -Isrc/include -fPIC -Werror=implicit-function-declaration -Werror=implicit-int -Werror=pointer-sign -Werror=pointer-arith -Werror=incompatible-pointer-types -Werror=unguarded-availability -Wno-unused-value -Wno-parentheses -I/private/tmp/mp-skarnet.BQSnVP/prefix/include -isysroot/Library/Developer/CommandLineTools/SDKs/MacOSX15.sdk -pipe -Wall -std=c99 -fno-exceptions -fno-unwind-tables -fno-asynchronous-unwind-tables -ffunction-sections -fdata-sections -O2 -fomit-frame-pointer -pipe -Os -isysroot/Library/Developer/CommandLineTools/SDKs/MacOSX15.sdk -arch arm64 -arch x86_64  -c -o src/libstddjb/bufalloc_init.lo src/libstddjb/bufalloc_init.c
exec /usr/bin/clang -D_POSIX_C_SOURCE=200809L -D_XOPEN_SOURCE=700 -Isrc/include -fPIC -Werror=implicit-function-declaration -Werror=implicit-int -Werror=pointer-sign -Werror=pointer-arith -Werror=incompatible-pointer-types -Werror=unguarded-availability -Wno-unused-value -Wno-parentheses -I/private/tmp/mp-skarnet.BQSnVP/prefix/include -isysroot/Library/Developer/CommandLineTools/SDKs/MacOSX15.sdk -pipe -Wall -std=c99 -fno-exceptions -fno-unwind-tables -fno-asynchronous-unwind-tables -ffunction-sections -fdata-sections -O2 -fomit-frame-pointer -pipe -Os -isysroot/Library/Developer/CommandLineTools/SDKs/MacOSX15.sdk -arch arm64 -arch x86_64  -c -o src/libstddjb/buffer_0.lo src/libstddjb/buffer_0.c
exec /usr/bin/clang -D_POSIX_C_SOURCE=200809L -D_XOPEN_SOURCE=700 -Isrc/include -fPIC -Werror=implicit-function-declaration -Werror=implicit-int -Werror=pointer-sign -Werror=pointer-arith -Werror=incompatible-pointer-types -Werror=unguarded-availability -Wno-unused-value -Wno-parentheses -I/private/tmp/mp-skarnet.BQSnVP/prefix/include -isysroot/Library/Developer/CommandLineTools/SDKs/MacOSX15.sdk -pipe -Wall -std=c99 -fno-exceptions -fno-unwind-tables -fno-asynchronous-unwind-tables -ffunction-sections -fdata-sections -O2 -fomit-frame-pointer -pipe -Os -isysroot/Library/Developer/CommandLineTools/SDKs/MacOSX15.sdk -arch arm64 -arch x86_64  -c -o src/libstddjb/buffer_0f1.lo src/libstddjb/buffer_0f1.c
exec /usr/bin/clang -D_POSIX_C_SOURCE=200809L -D_XOPEN_SOURCE=700 -Isrc/include -fPIC -Werror=implicit-function-declaration -Werror=implicit-int -Werror=pointer-sign -Werror=pointer-arith -Werror=incompatible-pointer-types -Werror=unguarded-availability -Wno-unused-value -Wno-parentheses -I/private/tmp/mp-skarnet.BQSnVP/prefix/include -isysroot/Library/Developer/CommandLineTools/SDKs/MacOSX15.sdk -pipe -Wall -std=c99 -fno-exceptions -fno-unwind-tables -fno-asynchronous-unwind-tables -ffunction-sections -fdata-sections -O2 -fomit-frame-pointer -pipe -Os -isysroot/Library/Developer/CommandLineTools/SDKs/MacOSX15.sdk -arch arm64 -arch x86_64  -c -o src/libstddjb/buffer_0small.lo src/libstddjb/buffer_0small.c
exec /usr/bin/clang -D_POSIX_C_SOURCE=200809L -D_XOPEN_SOURCE=700 -Isrc/include -fPIC -Werror=implicit-function-declaration -Werror=implicit-int -Werror=pointer-sign -Werror=pointer-arith -Werror=incompatible-pointer-types -Werror=unguarded-availability -Wno-unused-value -Wno-parentheses -I/private/tmp/mp-skarnet.BQSnVP/prefix/include -isysroot/Library/Developer/CommandLineTools/SDKs/MacOSX15.sdk -pipe -Wall -std=c99 -fno-exceptions -fno-unwind-tables -fno-asynchronous-unwind-tables -ffunction-sections -fdata-sections -O2 -fomit-frame-pointer -pipe -Os -isysroot/Library/Developer/CommandLineTools/SDKs/MacOSX15.sdk -arch arm64 -arch x86_64  -c -o src/libstddjb/buffer_1.lo src/libstddjb/buffer_1.c
exec /usr/bin/clang -D_POSIX_C_SOURCE=200809L -D_XOPEN_SOURCE=700 -Isrc/include -fPIC -Werror=implicit-function-declaration -Werror=implicit-int -Werror=pointer-sign -Werror=pointer-arith -Werror=incompatible-pointer-types -Werror=unguarded-availability -Wno-unused-value -Wno-parentheses -I/private/tmp/mp-skarnet.BQSnVP/prefix/include -isysroot/Library/Developer/CommandLineTools/SDKs/MacOSX15.sdk -pipe -Wall -std=c99 -fno-exceptions -fno-unwind-tables -fno-asynchronous-unwind-tables -ffunction-sections -fdata-sections -O2 -fomit-frame-pointer -pipe -Os -isysroot/Library/Developer/CommandLineTools/SDKs/MacOSX15.sdk -arch arm64 -arch x86_64  -c -o src/libstddjb/buffer_1small.lo src/libstddjb/buffer_1small.c
exec /usr/bin/clang -D_POSIX_C_SOURCE=200809L -D_XOPEN_SOURCE=700 -Isrc/include -fPIC -Werror=implicit-function-declaration -Werror=implicit-int -Werror=pointer-sign -Werror=pointer-arith -Werror=incompatible-pointer-types -Werror=unguarded-availability -Wno-unused-value -Wno-parentheses -I/private/tmp/mp-skarnet.BQSnVP/prefix/include -isysroot/Library/Developer/CommandLineTools/SDKs/MacOSX15.sdk -pipe -Wall -std=c99 -fno-exceptions -fno-unwind-tables -fno-asynchronous-unwind-tables -ffunction-sections -fdata-sections -O2 -fomit-frame-pointer -pipe -Os -isysroot/Library/Developer/CommandLineTools/SDKs/MacOSX15.sdk -arch arm64 -arch x86_64  -c -o src/libstddjb/buffer_2.lo src/libstddjb/buffer_2.c
exec /usr/bin/clang -D_POSIX_C_SOURCE=200809L -D_XOPEN_SOURCE=700 -Isrc/include -fPIC -Werror=implicit-function-declaration -Werror=implicit-int -Werror=pointer-sign -Werror=pointer-arith -Werror=incompatible-pointer-types -Werror=unguarded-availability -Wno-unused-value -Wno-parentheses -I/private/tmp/mp-skarnet.BQSnVP/prefix/include -isysroot/Library/Developer/CommandLineTools/SDKs/MacOSX15.sdk -pipe -Wall -std=c99 -fno-exceptions -fno-unwind-tables -fno-asynchronous-unwind-tables -ffunction-sections -fdata-sections -O2 -fomit-frame-pointer -pipe -Os -isysroot/Library/Developer/CommandLineTools/SDKs/MacOSX15.sdk -arch arm64 -arch x86_64  -c -o src/libstddjb/buffer_fill.lo src/libstddjb/buffer_fill.c
exec /usr/bin/clang -D_POSIX_C_SOURCE=200809L -D_XOPEN_SOURCE=700 -Isrc/include -fPIC -Werror=implicit-function-declaration -Werror=implicit-int -Werror=pointer-sign -Werror=pointer-arith -Werror=incompatible-pointer-types -Werror=unguarded-availability -Wno-unused-value -Wno-parentheses -I/private/tmp/mp-skarnet.BQSnVP/prefix/include -isysroot/Library/Developer/CommandLineTools/SDKs/MacOSX15.sdk -pipe -Wall -std=c99 -fno-exceptions -fno-unwind-tables -fno-asynchronous-unwind-tables -ffunction-sections -fdata-sections -O2 -fomit-frame-pointer -pipe -Os -isysroot/Library/Developer/CommandLineTools/SDKs/MacOSX15.sdk -arch arm64 -arch x86_64  -c -o src/libstddjb/buffer_flush.lo src/libstddjb/buffer_flush.c
exec /usr/bin/clang -D_POSIX_C_SOURCE=200809L -D_XOPEN_SOURCE=700 -Isrc/include -fPIC -Werror=implicit-function-declaration -Werror=implicit-int -Werror=pointer-sign -Werror=pointer-arith -Werror=incompatible-pointer-types -Werror=unguarded-availability -Wno-unused-value -Wno-parentheses -I/private/tmp/mp-skarnet.BQSnVP/prefix/include -isysroot/Library/Developer/CommandLineTools/SDKs/MacOSX15.sdk -pipe -Wall -std=c99 -fno-exceptions -fno-unwind-tables -fno-asynchronous-unwind-tables -ffunction-sections -fdata-sections -O2 -fomit-frame-pointer -pipe -Os -isysroot/Library/Developer/CommandLineTools/SDKs/MacOSX15.sdk -arch arm64 -arch x86_64  -c -o src/libstddjb/buffer_flush1read.lo src/libstddjb/buffer_flush1read.c
exec /usr/bin/clang -D_POSIX_C_SOURCE=200809L -D_XOPEN_SOURCE=700 -Isrc/include -fPIC -Werror=implicit-function-declaration -Werror=implicit-int -Werror=pointer-sign -Werror=pointer-arith -Werror=incompatible-pointer-types -Werror=unguarded-availability -Wno-unused-value -Wno-parentheses -I/private/tmp/mp-skarnet.BQSnVP/prefix/include -isysroot/Library/Developer/CommandLineTools/SDKs/MacOSX15.sdk -pipe -Wall -std=c99 -fno-exceptions -fno-unwind-tables -fno-asynchronous-unwind-tables -ffunction-sections -fdata-sections -O2 -fomit-frame-pointer -pipe -Os -isysroot/Library/Developer/CommandLineTools/SDKs/MacOSX15.sdk -arch arm64 -arch x86_64  -c -o src/libstddjb/buffer_get.lo src/libstddjb/buffer_get.c
exec /usr/bin/clang -D_POSIX_C_SOURCE=200809L -D_XOPEN_SOURCE=700 -Isrc/include -fPIC -Werror=implicit-function-declaration -Werror=implicit-int -Werror=pointer-sign -Werror=pointer-arith -Werror=incompatible-pointer-types -Werror=unguarded-availability -Wno-unused-value -Wno-parentheses -I/private/tmp/mp-skarnet.BQSnVP/prefix/include -isysroot/Library/Developer/CommandLineTools/SDKs/MacOSX15.sdk -pipe -Wall -std=c99 -fno-exceptions -fno-unwind-tables -fno-asynchronous-unwind-tables -ffunction-sections -fdata-sections -O2 -fomit-frame-pointer -pipe -Os -isysroot/Library/Developer/CommandLineTools/SDKs/MacOSX15.sdk -arch arm64 -arch x86_64  -c -o src/libstddjb/buffer_getall.lo src/libstddjb/buffer_getall.c
exec /usr/bin/clang -D_POSIX_C_SOURCE=200809L -D_XOPEN_SOURCE=700 -Isrc/include -fPIC -Werror=implicit-function-declaration -Werror=implicit-int -Werror=pointer-sign -Werror=pointer-arith -Werror=incompatible-pointer-types -Werror=unguarded-availability -Wno-unused-value -Wno-parentheses -I/private/tmp/mp-skarnet.BQSnVP/prefix/include -isysroot/Library/Developer/CommandLineTools/SDKs/MacOSX15.sdk -pipe -Wall -std=c99 -fno-exceptions -fno-unwind-tables -fno-asynchronous-unwind-tables -ffunction-sections -fdata-sections -O2 -fomit-frame-pointer -pipe -Os -isysroot/Library/Developer/CommandLineTools/SDKs/MacOSX15.sdk -arch arm64 -arch x86_64  -c -o src/libstddjb/buffer_getallnf.lo src/libstddjb/buffer_getallnf.c
exec /usr/bin/clang -D_POSIX_C_SOURCE=200809L -D_XOPEN_SOURCE=700 -Isrc/include -fPIC -Werror=implicit-function-declaration -Werror=implicit-int -Werror=pointer-sign -Werror=pointer-arith -Werror=incompatible-pointer-types -Werror=unguarded-availability -Wno-unused-value -Wno-parentheses -I/private/tmp/mp-skarnet.BQSnVP/prefix/include -isysroot/Library/Developer/CommandLineTools/SDKs/MacOSX15.sdk -pipe -Wall -std=c99 -fno-exceptions -fno-unwind-tables -fno-asynchronous-unwind-tables -ffunction-sections -fdata-sections -O2 -fomit-frame-pointer -pipe -Os -isysroot/Library/Developer/CommandLineTools/SDKs/MacOSX15.sdk -arch arm64 -arch x86_64  -c -o src/libstddjb/buffer_getfd.lo src/libstddjb/buffer_getfd.c
exec /usr/bin/clang -D_POSIX_C_SOURCE=200809L -D_XOPEN_SOURCE=700 -Isrc/include -fPIC -Werror=implicit-function-declaration -Werror=implicit-int -Werror=pointer-sign -Werror=pointer-arith -Werror=incompatible-pointer-types -Werror=unguarded-availability -Wno-unused-value -Wno-parentheses -I/private/tmp/mp-skarnet.BQSnVP/prefix/include -isysroot/Library/Developer/CommandLineTools/SDKs/MacOSX15.sdk -pipe -Wall -std=c99 -fno-exceptions -fno-unwind-tables -fno-asynchronous-unwind-tables -ffunction-sections -fdata-sections -O2 -fomit-frame-pointer -pipe -Os -isysroot/Library/Developer/CommandLineTools/SDKs/MacOSX15.sdk -arch arm64 -arch x86_64  -c -o src/libstddjb/buffer_getlen.lo src/libstddjb/buffer_getlen.c
exec /usr/bin/clang -D_POSIX_C_SOURCE=200809L -D_XOPEN_SOURCE=700 -Isrc/include -fPIC -Werror=implicit-function-declaration -Werror=implicit-int -Werror=pointer-sign -Werror=pointer-arith -Werror=incompatible-pointer-types -Werror=unguarded-availability -Wno-unused-value -Wno-parentheses -I/private/tmp/mp-skarnet.BQSnVP/prefix/include -isysroot/Library/Developer/CommandLineTools/SDKs/MacOSX15.sdk -pipe -Wall -std=c99 -fno-exceptions -fno-unwind-tables -fno-asynchronous-unwind-tables -ffunction-sections -fdata-sections -O2 -fomit-frame-pointer -pipe -Os -isysroot/Library/Developer/CommandLineTools/SDKs/MacOSX15.sdk -arch arm64 -arch x86_64  -c -o src/libstddjb/buffer_getv.lo src/libstddjb/buffer_getv.c
exec /usr/bin/clang -D_POSIX_C_SOURCE=200809L -D_XOPEN_SOURCE=700 -Isrc/include -fPIC -Werror=implicit-function-declaration -Werror=implicit-int -Werror=pointer-sign -Werror=pointer-arith -Werror=incompatible-pointer-types -Werror=unguarded-availability -Wno-unused-value -Wno-parentheses -I/private/tmp/mp-skarnet.BQSnVP/prefix/include -isysroot/Library/Developer/CommandLineTools/SDKs/MacOSX15.sdk -pipe -Wall -std=c99 -fno-exceptions -fno-unwind-tables -fno-asynchronous-unwind-tables -ffunction-sections -fdata-sections -O2 -fomit-frame-pointer -pipe -Os -isysroot/Library/Developer/CommandLineTools/SDKs/MacOSX15.sdk -arch arm64 -arch x86_64  -c -o src/libstddjb/buffer_getvall.lo src/libstddjb/buffer_getvall.c
exec /usr/bin/clang -D_POSIX_C_SOURCE=200809L -D_XOPEN_SOURCE=700 -Isrc/include -fPIC -Werror=implicit-function-declaration -Werror=implicit-int -Werror=pointer-sign -Werror=pointer-arith -Werror=incompatible-pointer-types -Werror=unguarded-availability -Wno-unused-value -Wno-parentheses -I/private/tmp/mp-skarnet.BQSnVP/prefix/include -isysroot/Library/Developer/CommandLineTools/SDKs/MacOSX15.sdk -pipe -Wall -std=c99 -fno-exceptions -fno-unwind-tables -fno-asynchronous-unwind-tables -ffunction-sections -fdata-sections -O2 -fomit-frame-pointer -pipe -Os -isysroot/Library/Developer/CommandLineTools/SDKs/MacOSX15.sdk -arch arm64 -arch x86_64  -c -o src/libstddjb/buffer_getvallnf.lo src/libstddjb/buffer_getvallnf.c
exec /usr/bin/clang -D_POSIX_C_SOURCE=200809L -D_XOPEN_SOURCE=700 -Isrc/include -fPIC -Werror=implicit-function-declaration -Werror=implicit-int -Werror=pointer-sign -Werror=pointer-arith -Werror=incompatible-pointer-types -Werror=unguarded-availability -Wno-unused-value -Wno-parentheses -I/private/tmp/mp-skarnet.BQSnVP/prefix/include -isysroot/Library/Developer/CommandLineTools/SDKs/MacOSX15.sdk -pipe -Wall -std=c99 -fno-exceptions -fno-unwind-tables -fno-asynchronous-unwind-tables -ffunction-sections -fdata-sections -O2 -fomit-frame-pointer -pipe -Os -isysroot/Library/Developer/CommandLineTools/SDKs/MacOSX15.sdk -arch arm64 -arch x86_64  -c -o src/libstddjb/buffer_init.lo src/libstddjb/buffer_init.c
exec /usr/bin/clang -D_POSIX_C_SOURCE=200809L -D_XOPEN_SOURCE=700 -Isrc/include -fPIC -Werror=implicit-function-declaration -Werror=implicit-int -Werror=pointer-sign -Werror=pointer-arith -Werror=incompatible-pointer-types -Werror=unguarded-availability -Wno-unused-value -Wno-parentheses -I/private/tmp/mp-skarnet.BQSnVP/prefix/include -isysroot/Library/Developer/CommandLineTools/SDKs/MacOSX15.sdk -pipe -Wall -std=c99 -fno-exceptions -fno-unwind-tables -fno-asynchronous-unwind-tables -ffunction-sections -fdata-sections -O2 -fomit-frame-pointer -pipe -Os -isysroot/Library/Developer/CommandLineTools/SDKs/MacOSX15.sdk -arch arm64 -arch x86_64  -c -o src/libstddjb/buffer_put.lo src/libstddjb/buffer_put.c
exec /usr/bin/clang -D_POSIX_C_SOURCE=200809L -D_XOPEN_SOURCE=700 -Isrc/include -fPIC -Werror=implicit-function-declaration -Werror=implicit-int -Werror=pointer-sign -Werror=pointer-arith -Werror=incompatible-pointer-types -Werror=unguarded-availability -Wno-unused-value -Wno-parentheses -I/private/tmp/mp-skarnet.BQSnVP/prefix/include -isysroot/Library/Developer/CommandLineTools/SDKs/MacOSX15.sdk -pipe -Wall -std=c99 -fno-exceptions -fno-unwind-tables -fno-asynchronous-unwind-tables -ffunction-sections -fdata-sections -O2 -fomit-frame-pointer -pipe -Os -isysroot/Library/Developer/CommandLineTools/SDKs/MacOSX15.sdk -arch arm64 -arch x86_64  -c -o src/libstddjb/buffer_putall.lo src/libstddjb/buffer_putall.c
exec /usr/bin/clang -D_POSIX_C_SOURCE=200809L -D_XOPEN_SOURCE=700 -Isrc/include -fPIC -Werror=implicit-function-declaration -Werror=implicit-int -Werror=pointer-sign -Werror=pointer-arith -Werror=incompatible-pointer-types -Werror=unguarded-availability -Wno-unused-value -Wno-parentheses -I/private/tmp/mp-skarnet.BQSnVP/prefix/include -isysroot/Library/Developer/CommandLineTools/SDKs/MacOSX15.sdk -pipe -Wall -std=c99 -fno-exceptions -fno-unwind-tables -fno-asynchronous-unwind-tables -ffunction-sections -fdata-sections -O2 -fomit-frame-pointer -pipe -Os -isysroot/Library/Developer/CommandLineTools/SDKs/MacOSX15.sdk -arch arm64 -arch x86_64  -c -o src/libstddjb/buffer_putallnf.lo src/libstddjb/buffer_putallnf.c
exec /usr/bin/clang -D_POSIX_C_SOURCE=200809L -D_XOPEN_SOURCE=700 -Isrc/include -fPIC -Werror=implicit-function-declaration -Werror=implicit-int -Werror=pointer-sign -Werror=pointer-arith -Werror=incompatible-pointer-types -Werror=unguarded-availability -Wno-unused-value -Wno-parentheses -I/private/tmp/mp-skarnet.BQSnVP/prefix/include -isysroot/Library/Developer/CommandLineTools/SDKs/MacOSX15.sdk -pipe -Wall -std=c99 -fno-exceptions -fno-unwind-tables -fno-asynchronous-unwind-tables -ffunction-sections -fdata-sections -O2 -fomit-frame-pointer -pipe -Os -isysroot/Library/Developer/CommandLineTools/SDKs/MacOSX15.sdk -arch arm64 -arch x86_64  -c -o src/libstddjb/buffer_putflush.lo src/libstddjb/buffer_putflush.c
exec /usr/bin/clang -D_POSIX_C_SOURCE=200809L -D_XOPEN_SOURCE=700 -Isrc/include -fPIC -Werror=implicit-function-declaration -Werror=implicit-int -Werror=pointer-sign -Werror=pointer-arith -Werror=incompatible-pointer-types -Werror=unguarded-availability -Wno-unused-value -Wno-parentheses -I/private/tmp/mp-skarnet.BQSnVP/prefix/include -isysroot/Library/Developer/CommandLineTools/SDKs/MacOSX15.sdk -pipe -Wall -std=c99 -fno-exceptions -fno-unwind-tables -fno-asynchronous-unwind-tables -ffunction-sections -fdata-sections -O2 -fomit-frame-pointer -pipe -Os -isysroot/Library/Developer/CommandLineTools/SDKs/MacOSX15.sdk -arch arm64 -arch x86_64  -c -o src/libstddjb/buffer_puts.lo src/libstddjb/buffer_puts.c
exec /usr/bin/clang -D_POSIX_C_SOURCE=200809L -D_XOPEN_SOURCE=700 -Isrc/include -fPIC -Werror=implicit-function-declaration -Werror=implicit-int -Werror=pointer-sign -Werror=pointer-arith -Werror=incompatible-pointer-types -Werror=unguarded-availability -Wno-unused-value -Wno-parentheses -I/private/tmp/mp-skarnet.BQSnVP/prefix/include -isysroot/Library/Developer/CommandLineTools/SDKs/MacOSX15.sdk -pipe -Wall -std=c99 -fno-exceptions -fno-unwind-tables -fno-asynchronous-unwind-tables -ffunction-sections -fdata-sections -O2 -fomit-frame-pointer -pipe -Os -isysroot/Library/Developer/CommandLineTools/SDKs/MacOSX15.sdk -arch arm64 -arch x86_64  -c -o src/libstddjb/buffer_putsall.lo src/libstddjb/buffer_putsall.c
exec /usr/bin/clang -D_POSIX_C_SOURCE=200809L -D_XOPEN_SOURCE=700 -Isrc/include -fPIC -Werror=implicit-function-declaration -Werror=implicit-int -Werror=pointer-sign -Werror=pointer-arith -Werror=incompatible-pointer-types -Werror=unguarded-availability -Wno-unused-value -Wno-parentheses -I/private/tmp/mp-skarnet.BQSnVP/prefix/include -isysroot/Library/Developer/CommandLineTools/SDKs/MacOSX15.sdk -pipe -Wall -std=c99 -fno-exceptions -fno-unwind-tables -fno-asynchronous-unwind-tables -ffunction-sections -fdata-sections -O2 -fomit-frame-pointer -pipe -Os -isysroot/Library/Developer/CommandLineTools/SDKs/MacOSX15.sdk -arch arm64 -arch x86_64  -c -o src/libstddjb/buffer_putsallflush.lo src/libstddjb/buffer_putsallflush.c
exec /usr/bin/clang -D_POSIX_C_SOURCE=200809L -D_XOPEN_SOURCE=700 -Isrc/include -fPIC -Werror=implicit-function-declaration -Werror=implicit-int -Werror=pointer-sign -Werror=pointer-arith -Werror=incompatible-pointer-types -Werror=unguarded-availability -Wno-unused-value -Wno-parentheses -I/private/tmp/mp-skarnet.BQSnVP/prefix/include -isysroot/Library/Developer/CommandLineTools/SDKs/MacOSX15.sdk -pipe -Wall -std=c99 -fno-exceptions -fno-unwind-tables -fno-asynchronous-unwind-tables -ffunction-sections -fdata-sections -O2 -fomit-frame-pointer -pipe -Os -isysroot/Library/Developer/CommandLineTools/SDKs/MacOSX15.sdk -arch arm64 -arch x86_64  -c -o src/libstddjb/buffer_putsallnoflush.lo src/libstddjb/buffer_putsallnoflush.c
exec /usr/bin/clang -D_POSIX_C_SOURCE=200809L -D_XOPEN_SOURCE=700 -Isrc/include -fPIC -Werror=implicit-function-declaration -Werror=implicit-int -Werror=pointer-sign -Werror=pointer-arith -Werror=incompatible-pointer-types -Werror=unguarded-availability -Wno-unused-value -Wno-parentheses -I/private/tmp/mp-skarnet.BQSnVP/prefix/include -isysroot/Library/Developer/CommandLineTools/SDKs/MacOSX15.sdk -pipe -Wall -std=c99 -fno-exceptions -fno-unwind-tables -fno-asynchronous-unwind-tables -ffunction-sections -fdata-sections -O2 -fomit-frame-pointer -pipe -Os -isysroot/Library/Developer/CommandLineTools/SDKs/MacOSX15.sdk -arch arm64 -arch x86_64  -c -o src/libstddjb/buffer_putsflush.lo src/libstddjb/buffer_putsflush.c
exec /usr/bin/clang -D_POSIX_C_SOURCE=200809L -D_XOPEN_SOURCE=700 -Isrc/include -fPIC -Werror=implicit-function-declaration -Werror=implicit-int -Werror=pointer-sign -Werror=pointer-arith -Werror=incompatible-pointer-types -Werror=unguarded-availability -Wno-unused-value -Wno-parentheses -I/private/tmp/mp-skarnet.BQSnVP/prefix/include -isysroot/Library/Developer/CommandLineTools/SDKs/MacOSX15.sdk -pipe -Wall -std=c99 -fno-exceptions -fno-unwind-tables -fno-asynchronous-unwind-tables -ffunction-sections -fdata-sections -O2 -fomit-frame-pointer -pipe -Os -isysroot/Library/Developer/CommandLineTools/SDKs/MacOSX15.sdk -arch arm64 -arch x86_64  -c -o src/libstddjb/buffer_putsnoflush.lo src/libstddjb/buffer_putsnoflush.c
exec /usr/bin/clang -D_POSIX_C_SOURCE=200809L -D_XOPEN_SOURCE=700 -Isrc/include -fPIC -Werror=implicit-function-declaration -Werror=implicit-int -Werror=pointer-sign -Werror=pointer-arith -Werror=incompatible-pointer-types -Werror=unguarded-availability -Wno-unused-value -Wno-parentheses -I/private/tmp/mp-skarnet.BQSnVP/prefix/include -isysroot/Library/Developer/CommandLineTools/SDKs/MacOSX15.sdk -pipe -Wall -std=c99 -fno-exceptions -fno-unwind-tables -fno-asynchronous-unwind-tables -ffunction-sections -fdata-sections -O2 -fomit-frame-pointer -pipe -Os -isysroot/Library/Developer/CommandLineTools/SDKs/MacOSX15.sdk -arch arm64 -arch x86_64  -c -o src/libstddjb/buffer_putv.lo src/libstddjb/buffer_putv.c
exec /usr/bin/clang -D_POSIX_C_SOURCE=200809L -D_XOPEN_SOURCE=700 -Isrc/include -fPIC -Werror=implicit-function-declaration -Werror=implicit-int -Werror=pointer-sign -Werror=pointer-arith -Werror=incompatible-pointer-types -Werror=unguarded-availability -Wno-unused-value -Wno-parentheses -I/private/tmp/mp-skarnet.BQSnVP/prefix/include -isysroot/Library/Developer/CommandLineTools/SDKs/MacOSX15.sdk -pipe -Wall -std=c99 -fno-exceptions -fno-unwind-tables -fno-asynchronous-unwind-tables -ffunction-sections -fdata-sections -O2 -fomit-frame-pointer -pipe -Os -isysroot/Library/Developer/CommandLineTools/SDKs/MacOSX15.sdk -arch arm64 -arch x86_64  -c -o src/libstddjb/buffer_putvall.lo src/libstddjb/buffer_putvall.c
exec /usr/bin/clang -D_POSIX_C_SOURCE=200809L -D_XOPEN_SOURCE=700 -Isrc/include -fPIC -Werror=implicit-function-declaration -Werror=implicit-int -Werror=pointer-sign -Werror=pointer-arith -Werror=incompatible-pointer-types -Werror=unguarded-availability -Wno-unused-value -Wno-parentheses -I/private/tmp/mp-skarnet.BQSnVP/prefix/include -isysroot/Library/Developer/CommandLineTools/SDKs/MacOSX15.sdk -pipe -Wall -std=c99 -fno-exceptions -fno-unwind-tables -fno-asynchronous-unwind-tables -ffunction-sections -fdata-sections -O2 -fomit-frame-pointer -pipe -Os -isysroot/Library/Developer/CommandLineTools/SDKs/MacOSX15.sdk -arch arm64 -arch x86_64  -c -o src/libstddjb/buffer_putvallnf.lo src/libstddjb/buffer_putvallnf.c
exec /usr/bin/clang -D_POSIX_C_SOURCE=200809L -D_XOPEN_SOURCE=700 -Isrc/include -fPIC -Werror=implicit-function-declaration -Werror=implicit-int -Werror=pointer-sign -Werror=pointer-arith -Werror=incompatible-pointer-types -Werror=unguarded-availability -Wno-unused-value -Wno-parentheses -I/private/tmp/mp-skarnet.BQSnVP/prefix/include -isysroot/Library/Developer/CommandLineTools/SDKs/MacOSX15.sdk -pipe -Wall -std=c99 -fno-exceptions -fno-unwind-tables -fno-asynchronous-unwind-tables -ffunction-sections -fdata-sections -O2 -fomit-frame-pointer -pipe -Os -isysroot/Library/Developer/CommandLineTools/SDKs/MacOSX15.sdk -arch arm64 -arch x86_64  -c -o src/libstddjb/buffer_putvflush.lo src/libstddjb/buffer_putvflush.c
exec /usr/bin/clang -D_POSIX_C_SOURCE=200809L -D_XOPEN_SOURCE=700 -Isrc/include -fPIC -Werror=implicit-function-declaration -Werror=implicit-int -Werror=pointer-sign -Werror=pointer-arith -Werror=incompatible-pointer-types -Werror=unguarded-availability -Wno-unused-value -Wno-parentheses -I/private/tmp/mp-skarnet.BQSnVP/prefix/include -isysroot/Library/Developer/CommandLineTools/SDKs/MacOSX15.sdk -pipe -Wall -std=c99 -fno-exceptions -fno-unwind-tables -fno-asynchronous-unwind-tables -ffunction-sections -fdata-sections -O2 -fomit-frame-pointer -pipe -Os -isysroot/Library/Developer/CommandLineTools/SDKs/MacOSX15.sdk -arch arm64 -arch x86_64  -c -o src/libstddjb/byte_chr.lo src/libstddjb/byte_chr.c
exec /usr/bin/clang -D_POSIX_C_SOURCE=200809L -D_XOPEN_SOURCE=700 -Isrc/include -fPIC -Werror=implicit-function-declaration -Werror=implicit-int -Werror=pointer-sign -Werror=pointer-arith -Werror=incompatible-pointer-types -Werror=unguarded-availability -Wno-unused-value -Wno-parentheses -I/private/tmp/mp-skarnet.BQSnVP/prefix/include -isysroot/Library/Developer/CommandLineTools/SDKs/MacOSX15.sdk -pipe -Wall -std=c99 -fno-exceptions -fno-unwind-tables -fno-asynchronous-unwind-tables -ffunction-sections -fdata-sections -O2 -fomit-frame-pointer -pipe -Os -isysroot/Library/Developer/CommandLineTools/SDKs/MacOSX15.sdk -arch arm64 -arch x86_64  -c -o src/libstddjb/byte_count.lo src/libstddjb/byte_count.c
exec /usr/bin/clang -D_POSIX_C_SOURCE=200809L -D_XOPEN_SOURCE=700 -Isrc/include -fPIC -Werror=implicit-function-declaration -Werror=implicit-int -Werror=pointer-sign -Werror=pointer-arith -Werror=incompatible-pointer-types -Werror=unguarded-availability -Wno-unused-value -Wno-parentheses -I/private/tmp/mp-skarnet.BQSnVP/prefix/include -isysroot/Library/Developer/CommandLineTools/SDKs/MacOSX15.sdk -pipe -Wall -std=c99 -fno-exceptions -fno-unwind-tables -fno-asynchronous-unwind-tables -ffunction-sections -fdata-sections -O2 -fomit-frame-pointer -pipe -Os -isysroot/Library/Developer/CommandLineTools/SDKs/MacOSX15.sdk -arch arm64 -arch x86_64  -c -o src/libstddjb/byte_in.lo src/libstddjb/byte_in.c
exec /usr/bin/clang -D_POSIX_C_SOURCE=200809L -D_XOPEN_SOURCE=700 -Isrc/include -fPIC -Werror=implicit-function-declaration -Werror=implicit-int -Werror=pointer-sign -Werror=pointer-arith -Werror=incompatible-pointer-types -Werror=unguarded-availability -Wno-unused-value -Wno-parentheses -I/private/tmp/mp-skarnet.BQSnVP/prefix/include -isysroot/Library/Developer/CommandLineTools/SDKs/MacOSX15.sdk -pipe -Wall -std=c99 -fno-exceptions -fno-unwind-tables -fno-asynchronous-unwind-tables -ffunction-sections -fdata-sections -O2 -fomit-frame-pointer -pipe -Os -isysroot/Library/Developer/CommandLineTools/SDKs/MacOSX15.sdk -arch arm64 -arch x86_64  -c -o src/libstddjb/byte_rchr.lo src/libstddjb/byte_rchr.c
exec /usr/bin/clang -D_POSIX_C_SOURCE=200809L -D_XOPEN_SOURCE=700 -Isrc/include -fPIC -Werror=implicit-function-declaration -Werror=implicit-int -Werror=pointer-sign -Werror=pointer-arith -Werror=incompatible-pointer-types -Werror=unguarded-availability -Wno-unused-value -Wno-parentheses -I/private/tmp/mp-skarnet.BQSnVP/prefix/include -isysroot/Library/Developer/CommandLineTools/SDKs/MacOSX15.sdk -pipe -Wall -std=c99 -fno-exceptions -fno-unwind-tables -fno-asynchronous-unwind-tables -ffunction-sections -fdata-sections -O2 -fomit-frame-pointer -pipe -Os -isysroot/Library/Developer/CommandLineTools/SDKs/MacOSX15.sdk -arch arm64 -arch x86_64  -c -o src/libstddjb/byte_search.lo src/libstddjb/byte_search.c
exec /usr/bin/clang -D_POSIX_C_SOURCE=200809L -D_XOPEN_SOURCE=700 -Isrc/include -fPIC -Werror=implicit-function-declaration -Werror=implicit-int -Werror=pointer-sign -Werror=pointer-arith -Werror=incompatible-pointer-types -Werror=unguarded-availability -Wno-unused-value -Wno-parentheses -I/private/tmp/mp-skarnet.BQSnVP/prefix/include -isysroot/Library/Developer/CommandLineTools/SDKs/MacOSX15.sdk -pipe -Wall -std=c99 -fno-exceptions -fno-unwind-tables -fno-asynchronous-unwind-tables -ffunction-sections -fdata-sections -O2 -fomit-frame-pointer -pipe -Os -isysroot/Library/Developer/CommandLineTools/SDKs/MacOSX15.sdk -arch arm64 -arch x86_64  -c -o src/libstddjb/byte_zzero.lo src/libstddjb/byte_zzero.c
exec /usr/bin/clang -D_POSIX_C_SOURCE=200809L -D_XOPEN_SOURCE=700 -Isrc/include -fPIC -Werror=implicit-function-declaration -Werror=implicit-int -Werror=pointer-sign -Werror=pointer-arith -Werror=incompatible-pointer-types -Werror=unguarded-availability -Wno-unused-value -Wno-parentheses -I/private/tmp/mp-skarnet.BQSnVP/prefix/include -isysroot/Library/Developer/CommandLineTools/SDKs/MacOSX15.sdk -pipe -Wall -std=c99 -fno-exceptions -fno-unwind-tables -fno-asynchronous-unwind-tables -ffunction-sections -fdata-sections -O2 -fomit-frame-pointer -pipe -Os -isysroot/Library/Developer/CommandLineTools/SDKs/MacOSX15.sdk -arch arm64 -arch x86_64  -c -o src/libstddjb/case_lowerb.lo src/libstddjb/case_lowerb.c
exec /usr/bin/clang -D_POSIX_C_SOURCE=200809L -D_XOPEN_SOURCE=700 -Isrc/include -fPIC -Werror=implicit-function-declaration -Werror=implicit-int -Werror=pointer-sign -Werror=pointer-arith -Werror=incompatible-pointer-types -Werror=unguarded-availability -Wno-unused-value -Wno-parentheses -I/private/tmp/mp-skarnet.BQSnVP/prefix/include -isysroot/Library/Developer/CommandLineTools/SDKs/MacOSX15.sdk -pipe -Wall -std=c99 -fno-exceptions -fno-unwind-tables -fno-asynchronous-unwind-tables -ffunction-sections -fdata-sections -O2 -fomit-frame-pointer -pipe -Os -isysroot/Library/Developer/CommandLineTools/SDKs/MacOSX15.sdk -arch arm64 -arch x86_64  -c -o src/libstddjb/case_lowers.lo src/libstddjb/case_lowers.c
exec /usr/bin/clang -D_POSIX_C_SOURCE=200809L -D_XOPEN_SOURCE=700 -Isrc/include -fPIC -Werror=implicit-function-declaration -Werror=implicit-int -Werror=pointer-sign -Werror=pointer-arith -Werror=incompatible-pointer-types -Werror=unguarded-availability -Wno-unused-value -Wno-parentheses -I/private/tmp/mp-skarnet.BQSnVP/prefix/include -isysroot/Library/Developer/CommandLineTools/SDKs/MacOSX15.sdk -pipe -Wall -std=c99 -fno-exceptions -fno-unwind-tables -fno-asynchronous-unwind-tables -ffunction-sections -fdata-sections -O2 -fomit-frame-pointer -pipe -Os -isysroot/Library/Developer/CommandLineTools/SDKs/MacOSX15.sdk -arch arm64 -arch x86_64  -c -o src/libstddjb/case_startb.lo src/libstddjb/case_startb.c
exec /usr/bin/clang -D_POSIX_C_SOURCE=200809L -D_XOPEN_SOURCE=700 -Isrc/include -fPIC -Werror=implicit-function-declaration -Werror=implicit-int -Werror=pointer-sign -Werror=pointer-arith -Werror=incompatible-pointer-types -Werror=unguarded-availability -Wno-unused-value -Wno-parentheses -I/private/tmp/mp-skarnet.BQSnVP/prefix/include -isysroot/Library/Developer/CommandLineTools/SDKs/MacOSX15.sdk -pipe -Wall -std=c99 -fno-exceptions -fno-unwind-tables -fno-asynchronous-unwind-tables -ffunction-sections -fdata-sections -O2 -fomit-frame-pointer -pipe -Os -isysroot/Library/Developer/CommandLineTools/SDKs/MacOSX15.sdk -arch arm64 -arch x86_64  -c -o src/libstddjb/case_upperb.lo src/libstddjb/case_upperb.c
exec /usr/bin/clang -D_POSIX_C_SOURCE=200809L -D_XOPEN_SOURCE=700 -Isrc/include -fPIC -Werror=implicit-function-declaration -Werror=implicit-int -Werror=pointer-sign -Werror=pointer-arith -Werror=incompatible-pointer-types -Werror=unguarded-availability -Wno-unused-value -Wno-parentheses -I/private/tmp/mp-skarnet.BQSnVP/prefix/include -isysroot/Library/Developer/CommandLineTools/SDKs/MacOSX15.sdk -pipe -Wall -std=c99 -fno-exceptions -fno-unwind-tables -fno-asynchronous-unwind-tables -ffunction-sections -fdata-sections -O2 -fomit-frame-pointer -pipe -Os -isysroot/Library/Developer/CommandLineTools/SDKs/MacOSX15.sdk -arch arm64 -arch x86_64  -c -o src/libstddjb/case_uppers.lo src/libstddjb/case_uppers.c
exec /usr/bin/clang -D_POSIX_C_SOURCE=200809L -D_XOPEN_SOURCE=700 -Isrc/include -fPIC -Werror=implicit-function-declaration -Werror=implicit-int -Werror=pointer-sign -Werror=pointer-arith -Werror=incompatible-pointer-types -Werror=unguarded-availability -Wno-unused-value -Wno-parentheses -I/private/tmp/mp-skarnet.BQSnVP/prefix/include -isysroot/Library/Developer/CommandLineTools/SDKs/MacOSX15.sdk -pipe -Wall -std=c99 -fno-exceptions -fno-unwind-tables -fno-asynchronous-unwind-tables -ffunction-sections -fdata-sections -O2 -fomit-frame-pointer -pipe -Os -isysroot/Library/Developer/CommandLineTools/SDKs/MacOSX15.sdk -arch arm64 -arch x86_64  -c -o src/libstddjb/cbuffer_get.lo src/libstddjb/cbuffer_get.c
exec /usr/bin/clang -D_POSIX_C_SOURCE=200809L -D_XOPEN_SOURCE=700 -Isrc/include -fPIC -Werror=implicit-function-declaration -Werror=implicit-int -Werror=pointer-sign -Werror=pointer-arith -Werror=incompatible-pointer-types -Werror=unguarded-availability -Wno-unused-value -Wno-parentheses -I/private/tmp/mp-skarnet.BQSnVP/prefix/include -isysroot/Library/Developer/CommandLineTools/SDKs/MacOSX15.sdk -pipe -Wall -std=c99 -fno-exceptions -fno-unwind-tables -fno-asynchronous-unwind-tables -ffunction-sections -fdata-sections -O2 -fomit-frame-pointer -pipe -Os -isysroot/Library/Developer/CommandLineTools/SDKs/MacOSX15.sdk -arch arm64 -arch x86_64  -c -o src/libstddjb/cbuffer_getv.lo src/libstddjb/cbuffer_getv.c
exec /usr/bin/clang -D_POSIX_C_SOURCE=200809L -D_XOPEN_SOURCE=700 -Isrc/include -fPIC -Werror=implicit-function-declaration -Werror=implicit-int -Werror=pointer-sign -Werror=pointer-arith -Werror=incompatible-pointer-types -Werror=unguarded-availability -Wno-unused-value -Wno-parentheses -I/private/tmp/mp-skarnet.BQSnVP/prefix/include -isysroot/Library/Developer/CommandLineTools/SDKs/MacOSX15.sdk -pipe -Wall -std=c99 -fno-exceptions -fno-unwind-tables -fno-asynchronous-unwind-tables -ffunction-sections -fdata-sections -O2 -fomit-frame-pointer -pipe -Os -isysroot/Library/Developer/CommandLineTools/SDKs/MacOSX15.sdk -arch arm64 -arch x86_64  -c -o src/libstddjb/cbuffer_init.lo src/libstddjb/cbuffer_init.c
exec /usr/bin/clang -D_POSIX_C_SOURCE=200809L -D_XOPEN_SOURCE=700 -Isrc/include -fPIC -Werror=implicit-function-declaration -Werror=implicit-int -Werror=pointer-sign -Werror=pointer-arith -Werror=incompatible-pointer-types -Werror=unguarded-availability -Wno-unused-value -Wno-parentheses -I/private/tmp/mp-skarnet.BQSnVP/prefix/include -isysroot/Library/Developer/CommandLineTools/SDKs/MacOSX15.sdk -pipe -Wall -std=c99 -fno-exceptions -fno-unwind-tables -fno-asynchronous-unwind-tables -ffunction-sections -fdata-sections -O2 -fomit-frame-pointer -pipe -Os -isysroot/Library/Developer/CommandLineTools/SDKs/MacOSX15.sdk -arch arm64 -arch x86_64  -c -o src/libstddjb/cbuffer_put.lo src/libstddjb/cbuffer_put.c
exec /usr/bin/clang -D_POSIX_C_SOURCE=200809L -D_XOPEN_SOURCE=700 -Isrc/include -fPIC -Werror=implicit-function-declaration -Werror=implicit-int -Werror=pointer-sign -Werror=pointer-arith -Werror=incompatible-pointer-types -Werror=unguarded-availability -Wno-unused-value -Wno-parentheses -I/private/tmp/mp-skarnet.BQSnVP/prefix/include -isysroot/Library/Developer/CommandLineTools/SDKs/MacOSX15.sdk -pipe -Wall -std=c99 -fno-exceptions -fno-unwind-tables -fno-asynchronous-unwind-tables -ffunction-sections -fdata-sections -O2 -fomit-frame-pointer -pipe -Os -isysroot/Library/Developer/CommandLineTools/SDKs/MacOSX15.sdk -arch arm64 -arch x86_64  -c -o src/libstddjb/cbuffer_putv.lo src/libstddjb/cbuffer_putv.c
exec /usr/bin/clang -D_POSIX_C_SOURCE=200809L -D_XOPEN_SOURCE=700 -Isrc/include -fPIC -Werror=implicit-function-declaration -Werror=implicit-int -Werror=pointer-sign -Werror=pointer-arith -Werror=incompatible-pointer-types -Werror=unguarded-availability -Wno-unused-value -Wno-parentheses -I/private/tmp/mp-skarnet.BQSnVP/prefix/include -isysroot/Library/Developer/CommandLineTools/SDKs/MacOSX15.sdk -pipe -Wall -std=c99 -fno-exceptions -fno-unwind-tables -fno-asynchronous-unwind-tables -ffunction-sections -fdata-sections -O2 -fomit-frame-pointer -pipe -Os -isysroot/Library/Developer/CommandLineTools/SDKs/MacOSX15.sdk -arch arm64 -arch x86_64  -c -o src/libstddjb/cbuffer_rpeek.lo src/libstddjb/cbuffer_rpeek.c
exec /usr/bin/clang -D_POSIX_C_SOURCE=200809L -D_XOPEN_SOURCE=700 -Isrc/include -fPIC -Werror=implicit-function-declaration -Werror=implicit-int -Werror=pointer-sign -Werror=pointer-arith -Werror=incompatible-pointer-types -Werror=unguarded-availability -Wno-unused-value -Wno-parentheses -I/private/tmp/mp-skarnet.BQSnVP/prefix/include -isysroot/Library/Developer/CommandLineTools/SDKs/MacOSX15.sdk -pipe -Wall -std=c99 -fno-exceptions -fno-unwind-tables -fno-asynchronous-unwind-tables -ffunction-sections -fdata-sections -O2 -fomit-frame-pointer -pipe -Os -isysroot/Library/Developer/CommandLineTools/SDKs/MacOSX15.sdk -arch arm64 -arch x86_64  -c -o src/libstddjb/cbuffer_rseek.lo src/libstddjb/cbuffer_rseek.c
exec /usr/bin/clang -D_POSIX_C_SOURCE=200809L -D_XOPEN_SOURCE=700 -Isrc/include -fPIC -Werror=implicit-function-declaration -Werror=implicit-int -Werror=pointer-sign -Werror=pointer-arith -Werror=incompatible-pointer-types -Werror=unguarded-availability -Wno-unused-value -Wno-parentheses -I/private/tmp/mp-skarnet.BQSnVP/prefix/include -isysroot/Library/Developer/CommandLineTools/SDKs/MacOSX15.sdk -pipe -Wall -std=c99 -fno-exceptions -fno-unwind-tables -fno-asynchronous-unwind-tables -ffunction-sections -fdata-sections -O2 -fomit-frame-pointer -pipe -Os -isysroot/Library/Developer/CommandLineTools/SDKs/MacOSX15.sdk -arch arm64 -arch x86_64  -c -o src/libstddjb/cbuffer_unget.lo src/libstddjb/cbuffer_unget.c
exec /usr/bin/clang -D_POSIX_C_SOURCE=200809L -D_XOPEN_SOURCE=700 -Isrc/include -fPIC -Werror=implicit-function-declaration -Werror=implicit-int -Werror=pointer-sign -Werror=pointer-arith -Werror=incompatible-pointer-types -Werror=unguarded-availability -Wno-unused-value -Wno-parentheses -I/private/tmp/mp-skarnet.BQSnVP/prefix/include -isysroot/Library/Developer/CommandLineTools/SDKs/MacOSX15.sdk -pipe -Wall -std=c99 -fno-exceptions -fno-unwind-tables -fno-asynchronous-unwind-tables -ffunction-sections -fdata-sections -O2 -fomit-frame-pointer -pipe -Os -isysroot/Library/Developer/CommandLineTools/SDKs/MacOSX15.sdk -arch arm64 -arch x86_64  -c -o src/libstddjb/cbuffer_unput.lo src/libstddjb/cbuffer_unput.c
exec /usr/bin/clang -D_POSIX_C_SOURCE=200809L -D_XOPEN_SOURCE=700 -Isrc/include -fPIC -Werror=implicit-function-declaration -Werror=implicit-int -Werror=pointer-sign -Werror=pointer-arith -Werror=incompatible-pointer-types -Werror=unguarded-availability -Wno-unused-value -Wno-parentheses -I/private/tmp/mp-skarnet.BQSnVP/prefix/include -isysroot/Library/Developer/CommandLineTools/SDKs/MacOSX15.sdk -pipe -Wall -std=c99 -fno-exceptions -fno-unwind-tables -fno-asynchronous-unwind-tables -ffunction-sections -fdata-sections -O2 -fomit-frame-pointer -pipe -Os -isysroot/Library/Developer/CommandLineTools/SDKs/MacOSX15.sdk -arch arm64 -arch x86_64  -c -o src/libstddjb/cbuffer_wpeek.lo src/libstddjb/cbuffer_wpeek.c
exec /usr/bin/clang -D_POSIX_C_SOURCE=200809L -D_XOPEN_SOURCE=700 -Isrc/include -fPIC -Werror=implicit-function-declaration -Werror=implicit-int -Werror=pointer-sign -Werror=pointer-arith -Werror=incompatible-pointer-types -Werror=unguarded-availability -Wno-unused-value -Wno-parentheses -I/private/tmp/mp-skarnet.BQSnVP/prefix/include -isysroot/Library/Developer/CommandLineTools/SDKs/MacOSX15.sdk -pipe -Wall -std=c99 -fno-exceptions -fno-unwind-tables -fno-asynchronous-unwind-tables -ffunction-sections -fdata-sections -O2 -fomit-frame-pointer -pipe -Os -isysroot/Library/Developer/CommandLineTools/SDKs/MacOSX15.sdk -arch arm64 -arch x86_64  -c -o src/libstddjb/cbuffer_wseek.lo src/libstddjb/cbuffer_wseek.c
exec /usr/bin/clang -D_POSIX_C_SOURCE=200809L -D_XOPEN_SOURCE=700 -Isrc/include -fPIC -Werror=implicit-function-declaration -Werror=implicit-int -Werror=pointer-sign -Werror=pointer-arith -Werror=incompatible-pointer-types -Werror=unguarded-availability -Wno-unused-value -Wno-parentheses -I/private/tmp/mp-skarnet.BQSnVP/prefix/include -isysroot/Library/Developer/CommandLineTools/SDKs/MacOSX15.sdk -pipe -Wall -std=c99 -fno-exceptions -fno-unwind-tables -fno-asynchronous-unwind-tables -ffunction-sections -fdata-sections -O2 -fomit-frame-pointer -pipe -Os -isysroot/Library/Developer/CommandLineTools/SDKs/MacOSX15.sdk -arch arm64 -arch x86_64  -c -o src/libstddjb/cdb_find.lo src/libstddjb/cdb_find.c
exec /usr/bin/clang -D_POSIX_C_SOURCE=200809L -D_XOPEN_SOURCE=700 -Isrc/include -fPIC -Werror=implicit-function-declaration -Werror=implicit-int -Werror=pointer-sign -Werror=pointer-arith -Werror=incompatible-pointer-types -Werror=unguarded-availability -Wno-unused-value -Wno-parentheses -I/private/tmp/mp-skarnet.BQSnVP/prefix/include -isysroot/Library/Developer/CommandLineTools/SDKs/MacOSX15.sdk -pipe -Wall -std=c99 -fno-exceptions -fno-unwind-tables -fno-asynchronous-unwind-tables -ffunction-sections -fdata-sections -O2 -fomit-frame-pointer -pipe -Os -isysroot/Library/Developer/CommandLineTools/SDKs/MacOSX15.sdk -arch arm64 -arch x86_64  -c -o src/libstddjb/cdb_free.lo src/libstddjb/cdb_free.c
exec /usr/bin/clang -D_POSIX_C_SOURCE=200809L -D_XOPEN_SOURCE=700 -Isrc/include -fPIC -Werror=implicit-function-declaration -Werror=implicit-int -Werror=pointer-sign -Werror=pointer-arith -Werror=incompatible-pointer-types -Werror=unguarded-availability -Wno-unused-value -Wno-parentheses -I/private/tmp/mp-skarnet.BQSnVP/prefix/include -isysroot/Library/Developer/CommandLineTools/SDKs/MacOSX15.sdk -pipe -Wall -std=c99 -fno-exceptions -fno-unwind-tables -fno-asynchronous-unwind-tables -ffunction-sections -fdata-sections -O2 -fomit-frame-pointer -pipe -Os -isysroot/Library/Developer/CommandLineTools/SDKs/MacOSX15.sdk -arch arm64 -arch x86_64  -c -o src/libstddjb/cdb_hash.lo src/libstddjb/cdb_hash.c
exec /usr/bin/clang -D_POSIX_C_SOURCE=200809L -D_XOPEN_SOURCE=700 -Isrc/include -fPIC -Werror=implicit-function-declaration -Werror=implicit-int -Werror=pointer-sign -Werror=pointer-arith -Werror=incompatible-pointer-types -Werror=unguarded-availability -Wno-unused-value -Wno-parentheses -I/private/tmp/mp-skarnet.BQSnVP/prefix/include -isysroot/Library/Developer/CommandLineTools/SDKs/MacOSX15.sdk -pipe -Wall -std=c99 -fno-exceptions -fno-unwind-tables -fno-asynchronous-unwind-tables -ffunction-sections -fdata-sections -O2 -fomit-frame-pointer -pipe -Os -isysroot/Library/Developer/CommandLineTools/SDKs/MacOSX15.sdk -arch arm64 -arch x86_64  -c -o src/libstddjb/cdb_hashadd.lo src/libstddjb/cdb_hashadd.c
exec /usr/bin/clang -D_POSIX_C_SOURCE=200809L -D_XOPEN_SOURCE=700 -Isrc/include -fPIC -Werror=implicit-function-declaration -Werror=implicit-int -Werror=pointer-sign -Werror=pointer-arith -Werror=incompatible-pointer-types -Werror=unguarded-availability -Wno-unused-value -Wno-parentheses -I/private/tmp/mp-skarnet.BQSnVP/prefix/include -isysroot/Library/Developer/CommandLineTools/SDKs/MacOSX15.sdk -pipe -Wall -std=c99 -fno-exceptions -fno-unwind-tables -fno-asynchronous-unwind-tables -ffunction-sections -fdata-sections -O2 -fomit-frame-pointer -pipe -Os -isysroot/Library/Developer/CommandLineTools/SDKs/MacOSX15.sdk -arch arm64 -arch x86_64  -c -o src/libstddjb/cdb_hashv.lo src/libstddjb/cdb_hashv.c
exec /usr/bin/clang -D_POSIX_C_SOURCE=200809L -D_XOPEN_SOURCE=700 -Isrc/include -fPIC -Werror=implicit-function-declaration -Werror=implicit-int -Werror=pointer-sign -Werror=pointer-arith -Werror=incompatible-pointer-types -Werror=unguarded-availability -Wno-unused-value -Wno-parentheses -I/private/tmp/mp-skarnet.BQSnVP/prefix/include -isysroot/Library/Developer/CommandLineTools/SDKs/MacOSX15.sdk -pipe -Wall -std=c99 -fno-exceptions -fno-unwind-tables -fno-asynchronous-unwind-tables -ffunction-sections -fdata-sections -O2 -fomit-frame-pointer -pipe -Os -isysroot/Library/Developer/CommandLineTools/SDKs/MacOSX15.sdk -arch arm64 -arch x86_64  -c -o src/libstddjb/cdb_init.lo src/libstddjb/cdb_init.c
exec /usr/bin/clang -D_POSIX_C_SOURCE=200809L -D_XOPEN_SOURCE=700 -Isrc/include -fPIC -Werror=implicit-function-declaration -Werror=implicit-int -Werror=pointer-sign -Werror=pointer-arith -Werror=incompatible-pointer-types -Werror=unguarded-availability -Wno-unused-value -Wno-parentheses -I/private/tmp/mp-skarnet.BQSnVP/prefix/include -isysroot/Library/Developer/CommandLineTools/SDKs/MacOSX15.sdk -pipe -Wall -std=c99 -fno-exceptions -fno-unwind-tables -fno-asynchronous-unwind-tables -ffunction-sections -fdata-sections -O2 -fomit-frame-pointer -pipe -Os -isysroot/Library/Developer/CommandLineTools/SDKs/MacOSX15.sdk -arch arm64 -arch x86_64  -c -o src/libstddjb/cdb_init_at.lo src/libstddjb/cdb_init_at.c
exec /usr/bin/clang -D_POSIX_C_SOURCE=200809L -D_XOPEN_SOURCE=700 -Isrc/include -fPIC -Werror=implicit-function-declaration -Werror=implicit-int -Werror=pointer-sign -Werror=pointer-arith -Werror=incompatible-pointer-types -Werror=unguarded-availability -Wno-unused-value -Wno-parentheses -I/private/tmp/mp-skarnet.BQSnVP/prefix/include -isysroot/Library/Developer/CommandLineTools/SDKs/MacOSX15.sdk -pipe -Wall -std=c99 -fno-exceptions -fno-unwind-tables -fno-asynchronous-unwind-tables -ffunction-sections -fdata-sections -O2 -fomit-frame-pointer -pipe -Os -isysroot/Library/Developer/CommandLineTools/SDKs/MacOSX15.sdk -arch arm64 -arch x86_64  -c -o src/libstddjb/cdb_init_fromfd.lo src/libstddjb/cdb_init_fromfd.c
exec /usr/bin/clang -D_POSIX_C_SOURCE=200809L -D_XOPEN_SOURCE=700 -Isrc/include -fPIC -Werror=implicit-function-declaration -Werror=implicit-int -Werror=pointer-sign -Werror=pointer-arith -Werror=incompatible-pointer-types -Werror=unguarded-availability -Wno-unused-value -Wno-parentheses -I/private/tmp/mp-skarnet.BQSnVP/prefix/include -isysroot/Library/Developer/CommandLineTools/SDKs/MacOSX15.sdk -pipe -Wall -std=c99 -fno-exceptions -fno-unwind-tables -fno-asynchronous-unwind-tables -ffunction-sections -fdata-sections -O2 -fomit-frame-pointer -pipe -Os -isysroot/Library/Developer/CommandLineTools/SDKs/MacOSX15.sdk -arch arm64 -arch x86_64  -c -o src/libstddjb/cdb_p.lo src/libstddjb/cdb_p.c
exec /usr/bin/clang -D_POSIX_C_SOURCE=200809L -D_XOPEN_SOURCE=700 -Isrc/include -fPIC -Werror=implicit-function-declaration -Werror=implicit-int -Werror=pointer-sign -Werror=pointer-arith -Werror=incompatible-pointer-types -Werror=unguarded-availability -Wno-unused-value -Wno-parentheses -I/private/tmp/mp-skarnet.BQSnVP/prefix/include -isysroot/Library/Developer/CommandLineTools/SDKs/MacOSX15.sdk -pipe -Wall -std=c99 -fno-exceptions -fno-unwind-tables -fno-asynchronous-unwind-tables -ffunction-sections -fdata-sections -O2 -fomit-frame-pointer -pipe -Os -isysroot/Library/Developer/CommandLineTools/SDKs/MacOSX15.sdk -arch arm64 -arch x86_64  -c -o src/libstddjb/cdb_zero.lo src/libstddjb/cdb_zero.c
exec /usr/bin/clang -D_POSIX_C_SOURCE=200809L -D_XOPEN_SOURCE=700 -Isrc/include -fPIC -Werror=implicit-function-declaration -Werror=implicit-int -Werror=pointer-sign -Werror=pointer-arith -Werror=incompatible-pointer-types -Werror=unguarded-availability -Wno-unused-value -Wno-parentheses -I/private/tmp/mp-skarnet.BQSnVP/prefix/include -isysroot/Library/Developer/CommandLineTools/SDKs/MacOSX15.sdk -pipe -Wall -std=c99 -fno-exceptions -fno-unwind-tables -fno-asynchronous-unwind-tables -ffunction-sections -fdata-sections -O2 -fomit-frame-pointer -pipe -Os -isysroot/Library/Developer/CommandLineTools/SDKs/MacOSX15.sdk -arch arm64 -arch x86_64  -c -o src/libstddjb/cdbmake_posplus.lo src/libstddjb/cdbmake_posplus.c
exec /usr/bin/clang -D_POSIX_C_SOURCE=200809L -D_XOPEN_SOURCE=700 -Isrc/include -fPIC -Werror=implicit-function-declaration -Werror=implicit-int -Werror=pointer-sign -Werror=pointer-arith -Werror=incompatible-pointer-types -Werror=unguarded-availability -Wno-unused-value -Wno-parentheses -I/private/tmp/mp-skarnet.BQSnVP/prefix/include -isysroot/Library/Developer/CommandLineTools/SDKs/MacOSX15.sdk -pipe -Wall -std=c99 -fno-exceptions -fno-unwind-tables -fno-asynchronous-unwind-tables -ffunction-sections -fdata-sections -O2 -fomit-frame-pointer -pipe -Os -isysroot/Library/Developer/CommandLineTools/SDKs/MacOSX15.sdk -arch arm64 -arch x86_64  -c -o src/libstddjb/cdbmake_start.lo src/libstddjb/cdbmake_start.c
exec /usr/bin/clang -D_POSIX_C_SOURCE=200809L -D_XOPEN_SOURCE=700 -Isrc/include -fPIC -Werror=implicit-function-declaration -Werror=implicit-int -Werror=pointer-sign -Werror=pointer-arith -Werror=incompatible-pointer-types -Werror=unguarded-availability -Wno-unused-value -Wno-parentheses -I/private/tmp/mp-skarnet.BQSnVP/prefix/include -isysroot/Library/Developer/CommandLineTools/SDKs/MacOSX15.sdk -pipe -Wall -std=c99 -fno-exceptions -fno-unwind-tables -fno-asynchronous-unwind-tables -ffunction-sections -fdata-sections -O2 -fomit-frame-pointer -pipe -Os -isysroot/Library/Developer/CommandLineTools/SDKs/MacOSX15.sdk -arch arm64 -arch x86_64  -c -o src/libstddjb/coe.lo src/libstddjb/coe.c
exec /usr/bin/clang -D_POSIX_C_SOURCE=200809L -D_XOPEN_SOURCE=700 -Isrc/include -fPIC -Werror=implicit-function-declaration -Werror=implicit-int -Werror=pointer-sign -Werror=pointer-arith -Werror=incompatible-pointer-types -Werror=unguarded-availability -Wno-unused-value -Wno-parentheses -I/private/tmp/mp-skarnet.BQSnVP/prefix/include -isysroot/Library/Developer/CommandLineTools/SDKs/MacOSX15.sdk -pipe -Wall -std=c99 -fno-exceptions -fno-unwind-tables -fno-asynchronous-unwind-tables -ffunction-sections -fdata-sections -O2 -fomit-frame-pointer -pipe -Os -isysroot/Library/Developer/CommandLineTools/SDKs/MacOSX15.sdk -arch arm64 -arch x86_64  -c -o src/libstddjb/devino_cmp.lo src/libstddjb/devino_cmp.c
exec /usr/bin/clang -D_POSIX_C_SOURCE=200809L -D_XOPEN_SOURCE=700 -Isrc/include -fPIC -Werror=implicit-function-declaration -Werror=implicit-int -Werror=pointer-sign -Werror=pointer-arith -Werror=incompatible-pointer-types -Werror=unguarded-availability -Wno-unused-value -Wno-parentheses -I/private/tmp/mp-skarnet.BQSnVP/prefix/include -isysroot/Library/Developer/CommandLineTools/SDKs/MacOSX15.sdk -pipe -Wall -std=c99 -fno-exceptions -fno-unwind-tables -fno-asynchronous-unwind-tables -ffunction-sections -fdata-sections -O2 -fomit-frame-pointer -pipe -Os -isysroot/Library/Developer/CommandLineTools/SDKs/MacOSX15.sdk -arch arm64 -arch x86_64  -c -o src/libstddjb/dir_close.lo src/libstddjb/dir_close.c
exec /usr/bin/clang -D_POSIX_C_SOURCE=200809L -D_XOPEN_SOURCE=700 -Isrc/include -fPIC -Werror=implicit-function-declaration -Werror=implicit-int -Werror=pointer-sign -Werror=pointer-arith -Werror=incompatible-pointer-types -Werror=unguarded-availability -Wno-unused-value -Wno-parentheses -I/private/tmp/mp-skarnet.BQSnVP/prefix/include -isysroot/Library/Developer/CommandLineTools/SDKs/MacOSX15.sdk -pipe -Wall -std=c99 -fno-exceptions -fno-unwind-tables -fno-asynchronous-unwind-tables -ffunction-sections -fdata-sections -O2 -fomit-frame-pointer -pipe -Os -isysroot/Library/Developer/CommandLineTools/SDKs/MacOSX15.sdk -arch arm64 -arch x86_64  -c -o src/libstddjb/dir_fd.lo src/libstddjb/dir_fd.c
exec /usr/bin/clang -D_POSIX_C_SOURCE=200809L -D_XOPEN_SOURCE=700 -Isrc/include -fPIC -Werror=implicit-function-declaration -Werror=implicit-int -Werror=pointer-sign -Werror=pointer-arith -Werror=incompatible-pointer-types -Werror=unguarded-availability -Wno-unused-value -Wno-parentheses -I/private/tmp/mp-skarnet.BQSnVP/prefix/include -isysroot/Library/Developer/CommandLineTools/SDKs/MacOSX15.sdk -pipe -Wall -std=c99 -fno-exceptions -fno-unwind-tables -fno-asynchronous-unwind-tables -ffunction-sections -fdata-sections -O2 -fomit-frame-pointer -pipe -Os -isysroot/Library/Developer/CommandLineTools/SDKs/MacOSX15.sdk -arch arm64 -arch x86_64  -c -o src/libstddjb/error_isalready.lo src/libstddjb/error_isalready.c
exec /usr/bin/clang -D_POSIX_C_SOURCE=200809L -D_XOPEN_SOURCE=700 -Isrc/include -fPIC -Werror=implicit-function-declaration -Werror=implicit-int -Werror=pointer-sign -Werror=pointer-arith -Werror=incompatible-pointer-types -Werror=unguarded-availability -Wno-unused-value -Wno-parentheses -I/private/tmp/mp-skarnet.BQSnVP/prefix/include -isysroot/Library/Developer/CommandLineTools/SDKs/MacOSX15.sdk -pipe -Wall -std=c99 -fno-exceptions -fno-unwind-tables -fno-asynchronous-unwind-tables -ffunction-sections -fdata-sections -O2 -fomit-frame-pointer -pipe -Os -isysroot/Library/Developer/CommandLineTools/SDKs/MacOSX15.sdk -arch arm64 -arch x86_64  -c -o src/libstddjb/error_temp.lo src/libstddjb/error_temp.c
exec /usr/bin/clang -D_POSIX_C_SOURCE=200809L -D_XOPEN_SOURCE=700 -Isrc/include -fPIC -Werror=implicit-function-declaration -Werror=implicit-int -Werror=pointer-sign -Werror=pointer-arith -Werror=incompatible-pointer-types -Werror=unguarded-availability -Wno-unused-value -Wno-parentheses -I/private/tmp/mp-skarnet.BQSnVP/prefix/include -isysroot/Library/Developer/CommandLineTools/SDKs/MacOSX15.sdk -pipe -Wall -std=c99 -fno-exceptions -fno-unwind-tables -fno-asynchronous-unwind-tables -ffunction-sections -fdata-sections -O2 -fomit-frame-pointer -pipe -Os -isysroot/Library/Developer/CommandLineTools/SDKs/MacOSX15.sdk -arch arm64 -arch x86_64  -c -o src/libstddjb/fd_cat.lo src/libstddjb/fd_cat.c
exec /usr/bin/clang -D_POSIX_C_SOURCE=200809L -D_XOPEN_SOURCE=700 -Isrc/include -fPIC -Werror=implicit-function-declaration -Werror=implicit-int -Werror=pointer-sign -Werror=pointer-arith -Werror=incompatible-pointer-types -Werror=unguarded-availability -Wno-unused-value -Wno-parentheses -I/private/tmp/mp-skarnet.BQSnVP/prefix/include -isysroot/Library/Developer/CommandLineTools/SDKs/MacOSX15.sdk -pipe -Wall -std=c99 -fno-exceptions -fno-unwind-tables -fno-asynchronous-unwind-tables -ffunction-sections -fdata-sections -O2 -fomit-frame-pointer -pipe -Os -isysroot/Library/Developer/CommandLineTools/SDKs/MacOSX15.sdk -arch arm64 -arch x86_64  -c -o src/libstddjb/fd_catn.lo src/libstddjb/fd_catn.c
exec /usr/bin/clang -D_POSIX_C_SOURCE=200809L -D_XOPEN_SOURCE=700 -Isrc/include -fPIC -Werror=implicit-function-declaration -Werror=implicit-int -Werror=pointer-sign -Werror=pointer-arith -Werror=incompatible-pointer-types -Werror=unguarded-availability -Wno-unused-value -Wno-parentheses -I/private/tmp/mp-skarnet.BQSnVP/prefix/include -isysroot/Library/Developer/CommandLineTools/SDKs/MacOSX15.sdk -pipe -Wall -std=c99 -fno-exceptions -fno-unwind-tables -fno-asynchronous-unwind-tables -ffunction-sections -fdata-sections -O2 -fomit-frame-pointer -pipe -Os -isysroot/Library/Developer/CommandLineTools/SDKs/MacOSX15.sdk -arch arm64 -arch x86_64  -c -o src/libstddjb/fd_chdir.lo src/libstddjb/fd_chdir.c
exec /usr/bin/clang -D_POSIX_C_SOURCE=200809L -D_XOPEN_SOURCE=700 -Isrc/include -fPIC -Werror=implicit-function-declaration -Werror=implicit-int -Werror=pointer-sign -Werror=pointer-arith -Werror=incompatible-pointer-types -Werror=unguarded-availability -Wno-unused-value -Wno-parentheses -I/private/tmp/mp-skarnet.BQSnVP/prefix/include -isysroot/Library/Developer/CommandLineTools/SDKs/MacOSX15.sdk -pipe -Wall -std=c99 -fno-exceptions -fno-unwind-tables -fno-asynchronous-unwind-tables -ffunction-sections -fdata-sections -O2 -fomit-frame-pointer -pipe -Os -isysroot/Library/Developer/CommandLineTools/SDKs/MacOSX15.sdk -arch arm64 -arch x86_64  -c -o src/libstddjb/fd_chmod.lo src/libstddjb/fd_chmod.c
exec /usr/bin/clang -D_POSIX_C_SOURCE=200809L -D_XOPEN_SOURCE=700 -Isrc/include -fPIC -Werror=implicit-function-declaration -Werror=implicit-int -Werror=pointer-sign -Werror=pointer-arith -Werror=incompatible-pointer-types -Werror=unguarded-availability -Wno-unused-value -Wno-parentheses -I/private/tmp/mp-skarnet.BQSnVP/prefix/include -isysroot/Library/Developer/CommandLineTools/SDKs/MacOSX15.sdk -pipe -Wall -std=c99 -fno-exceptions -fno-unwind-tables -fno-asynchronous-unwind-tables -ffunction-sections -fdata-sections -O2 -fomit-frame-pointer -pipe -Os -isysroot/Library/Developer/CommandLineTools/SDKs/MacOSX15.sdk -arch arm64 -arch x86_64  -c -o src/libstddjb/fd_chown.lo src/libstddjb/fd_chown.c
exec /usr/bin/clang -D_POSIX_C_SOURCE=200809L -D_XOPEN_SOURCE=700 -Isrc/include -fPIC -Werror=implicit-function-declaration -Werror=implicit-int -Werror=pointer-sign -Werror=pointer-arith -Werror=incompatible-pointer-types -Werror=unguarded-availability -Wno-unused-value -Wno-parentheses -I/private/tmp/mp-skarnet.BQSnVP/prefix/include -isysroot/Library/Developer/CommandLineTools/SDKs/MacOSX15.sdk -pipe -Wall -std=c99 -fno-exceptions -fno-unwind-tables -fno-asynchronous-unwind-tables -ffunction-sections -fdata-sections -O2 -fomit-frame-pointer -pipe -Os -isysroot/Library/Developer/CommandLineTools/SDKs/MacOSX15.sdk -arch arm64 -arch x86_64  -c -o src/libstddjb/fd_close.lo src/libstddjb/fd_close.c
exec /usr/bin/clang -D_POSIX_C_SOURCE=200809L -D_XOPEN_SOURCE=700 -Isrc/include -fPIC -Werror=implicit-function-declaration -Werror=implicit-int -Werror=pointer-sign -Werror=pointer-arith -Werror=incompatible-pointer-types -Werror=unguarded-availability -Wno-unused-value -Wno-parentheses -I/private/tmp/mp-skarnet.BQSnVP/prefix/include -isysroot/Library/Developer/CommandLineTools/SDKs/MacOSX15.sdk -pipe -Wall -std=c99 -fno-exceptions -fno-unwind-tables -fno-asynchronous-unwind-tables -ffunction-sections -fdata-sections -O2 -fomit-frame-pointer -pipe -Os -isysroot/Library/Developer/CommandLineTools/SDKs/MacOSX15.sdk -arch arm64 -arch x86_64  -c -o src/libstddjb/fd_copy.lo src/libstddjb/fd_copy.c
exec /usr/bin/clang -D_POSIX_C_SOURCE=200809L -D_XOPEN_SOURCE=700 -Isrc/include -fPIC -Werror=implicit-function-declaration -Werror=implicit-int -Werror=pointer-sign -Werror=pointer-arith -Werror=incompatible-pointer-types -Werror=unguarded-availability -Wno-unused-value -Wno-parentheses -I/private/tmp/mp-skarnet.BQSnVP/prefix/include -isysroot/Library/Developer/CommandLineTools/SDKs/MacOSX15.sdk -pipe -Wall -std=c99 -fno-exceptions -fno-unwind-tables -fno-asynchronous-unwind-tables -ffunction-sections -fdata-sections -O2 -fomit-frame-pointer -pipe -Os -isysroot/Library/Developer/CommandLineTools/SDKs/MacOSX15.sdk -arch arm64 -arch x86_64  -c -o src/libstddjb/fd_copy2.lo src/libstddjb/fd_copy2.c
exec /usr/bin/clang -D_POSIX_C_SOURCE=200809L -D_XOPEN_SOURCE=700 -Isrc/include -fPIC -Werror=implicit-function-declaration -Werror=implicit-int -Werror=pointer-sign -Werror=pointer-arith -Werror=incompatible-pointer-types -Werror=unguarded-availability -Wno-unused-value -Wno-parentheses -I/private/tmp/mp-skarnet.BQSnVP/prefix/include -isysroot/Library/Developer/CommandLineTools/SDKs/MacOSX15.sdk -pipe -Wall -std=c99 -fno-exceptions -fno-unwind-tables -fno-asynchronous-unwind-tables -ffunction-sections -fdata-sections -O2 -fomit-frame-pointer -pipe -Os -isysroot/Library/Developer/CommandLineTools/SDKs/MacOSX15.sdk -arch arm64 -arch x86_64  -c -o src/libstddjb/fd_ensure_open.lo src/libstddjb/fd_ensure_open.c
exec /usr/bin/clang -D_POSIX_C_SOURCE=200809L -D_XOPEN_SOURCE=700 -Isrc/include -fPIC -Werror=implicit-function-declaration -Werror=implicit-int -Werror=pointer-sign -Werror=pointer-arith -Werror=incompatible-pointer-types -Werror=unguarded-availability -Wno-unused-value -Wno-parentheses -I/private/tmp/mp-skarnet.BQSnVP/prefix/include -isysroot/Library/Developer/CommandLineTools/SDKs/MacOSX15.sdk -pipe -Wall -std=c99 -fno-exceptions -fno-unwind-tables -fno-asynchronous-unwind-tables -ffunction-sections -fdata-sections -O2 -fomit-frame-pointer -pipe -Os -isysroot/Library/Developer/CommandLineTools/SDKs/MacOSX15.sdk -arch arm64 -arch x86_64  -c -o src/libstddjb/fd_islocked.lo src/libstddjb/fd_islocked.c
exec /usr/bin/clang -D_POSIX_C_SOURCE=200809L -D_XOPEN_SOURCE=700 -Isrc/include -fPIC -Werror=implicit-function-declaration -Werror=implicit-int -Werror=pointer-sign -Werror=pointer-arith -Werror=incompatible-pointer-types -Werror=unguarded-availability -Wno-unused-value -Wno-parentheses -I/private/tmp/mp-skarnet.BQSnVP/prefix/include -isysroot/Library/Developer/CommandLineTools/SDKs/MacOSX15.sdk -pipe -Wall -std=c99 -fno-exceptions -fno-unwind-tables -fno-asynchronous-unwind-tables -ffunction-sections -fdata-sections -O2 -fomit-frame-pointer -pipe -Os -isysroot/Library/Developer/CommandLineTools/SDKs/MacOSX15.sdk -arch arm64 -arch x86_64  -c -o src/libstddjb/fd_lock.lo src/libstddjb/fd_lock.c
exec /usr/bin/clang -D_POSIX_C_SOURCE=200809L -D_XOPEN_SOURCE=700 -Isrc/include -fPIC -Werror=implicit-function-declaration -Werror=implicit-int -Werror=pointer-sign -Werror=pointer-arith -Werror=incompatible-pointer-types -Werror=unguarded-availability -Wno-unused-value -Wno-parentheses -I/private/tmp/mp-skarnet.BQSnVP/prefix/include -isysroot/Library/Developer/CommandLineTools/SDKs/MacOSX15.sdk -pipe -Wall -std=c99 -fno-exceptions -fno-unwind-tables -fno-asynchronous-unwind-tables -ffunction-sections -fdata-sections -O2 -fomit-frame-pointer -pipe -Os -isysroot/Library/Developer/CommandLineTools/SDKs/MacOSX15.sdk -arch arm64 -arch x86_64  -c -o src/libstddjb/fd_move.lo src/libstddjb/fd_move.c
exec /usr/bin/clang -D_POSIX_C_SOURCE=200809L -D_XOPEN_SOURCE=700 -Isrc/include -fPIC -Werror=implicit-function-declaration -Werror=implicit-int -Werror=pointer-sign -Werror=pointer-arith -Werror=incompatible-pointer-types -Werror=unguarded-availability -Wno-unused-value -Wno-parentheses -I/private/tmp/mp-skarnet.BQSnVP/prefix/include -isysroot/Library/Developer/CommandLineTools/SDKs/MacOSX15.sdk -pipe -Wall -std=c99 -fno-exceptions -fno-unwind-tables -fno-asynchronous-unwind-tables -ffunction-sections -fdata-sections -O2 -fomit-frame-pointer -pipe -Os -isysroot/Library/Developer/CommandLineTools/SDKs/MacOSX15.sdk -arch arm64 -arch x86_64  -c -o src/libstddjb/fd_move2.lo src/libstddjb/fd_move2.c
exec /usr/bin/clang -D_POSIX_C_SOURCE=200809L -D_XOPEN_SOURCE=700 -Isrc/include -fPIC -Werror=implicit-function-declaration -Werror=implicit-int -Werror=pointer-sign -Werror=pointer-arith -Werror=incompatible-pointer-types -Werror=unguarded-availability -Wno-unused-value -Wno-parentheses -I/private/tmp/mp-skarnet.BQSnVP/prefix/include -isysroot/Library/Developer/CommandLineTools/SDKs/MacOSX15.sdk -pipe -Wall -std=c99 -fno-exceptions -fno-unwind-tables -fno-asynchronous-unwind-tables -ffunction-sections -fdata-sections -O2 -fomit-frame-pointer -pipe -Os -isysroot/Library/Developer/CommandLineTools/SDKs/MacOSX15.sdk -arch arm64 -arch x86_64  -c -o src/libstddjb/fd_read.lo src/libstddjb/fd_read.c
exec /usr/bin/clang -D_POSIX_C_SOURCE=200809L -D_XOPEN_SOURCE=700 -Isrc/include -fPIC -Werror=implicit-function-declaration -Werror=implicit-int -Werror=pointer-sign -Werror=pointer-arith -Werror=incompatible-pointer-types -Werror=unguarded-availability -Wno-unused-value -Wno-parentheses -I/private/tmp/mp-skarnet.BQSnVP/prefix/include -isysroot/Library/Developer/CommandLineTools/SDKs/MacOSX15.sdk -pipe -Wall -std=c99 -fno-exceptions -fno-unwind-tables -fno-asynchronous-unwind-tables -ffunction-sections -fdata-sections -O2 -fomit-frame-pointer -pipe -Os -isysroot/Library/Developer/CommandLineTools/SDKs/MacOSX15.sdk -arch arm64 -arch x86_64  -c -o src/libstddjb/fd_readv.lo src/libstddjb/fd_readv.c
exec /usr/bin/clang -D_POSIX_C_SOURCE=200809L -D_XOPEN_SOURCE=700 -Isrc/include -fPIC -Werror=implicit-function-declaration -Werror=implicit-int -Werror=pointer-sign -Werror=pointer-arith -Werror=incompatible-pointer-types -Werror=unguarded-availability -Wno-unused-value -Wno-parentheses -I/private/tmp/mp-skarnet.BQSnVP/prefix/include -isysroot/Library/Developer/CommandLineTools/SDKs/MacOSX15.sdk -pipe -Wall -std=c99 -fno-exceptions -fno-unwind-tables -fno-asynchronous-unwind-tables -ffunction-sections -fdata-sections -O2 -fomit-frame-pointer -pipe -Os -isysroot/Library/Developer/CommandLineTools/SDKs/MacOSX15.sdk -arch arm64 -arch x86_64  -c -o src/libstddjb/fd_recv.lo src/libstddjb/fd_recv.c
exec /usr/bin/clang -D_POSIX_C_SOURCE=200809L -D_XOPEN_SOURCE=700 -Isrc/include -fPIC -Werror=implicit-function-declaration -Werror=implicit-int -Werror=pointer-sign -Werror=pointer-arith -Werror=incompatible-pointer-types -Werror=unguarded-availability -Wno-unused-value -Wno-parentheses -I/private/tmp/mp-skarnet.BQSnVP/prefix/include -isysroot/Library/Developer/CommandLineTools/SDKs/MacOSX15.sdk -pipe -Wall -std=c99 -fno-exceptions -fno-unwind-tables -fno-asynchronous-unwind-tables -ffunction-sections -fdata-sections -O2 -fomit-frame-pointer -pipe -Os -isysroot/Library/Developer/CommandLineTools/SDKs/MacOSX15.sdk -arch arm64 -arch x86_64  -c -o src/libstddjb/fd_sanitize.lo src/libstddjb/fd_sanitize.c
exec /usr/bin/clang -D_POSIX_C_SOURCE=200809L -D_XOPEN_SOURCE=700 -Isrc/include -fPIC -Werror=implicit-function-declaration -Werror=implicit-int -Werror=pointer-sign -Werror=pointer-arith -Werror=incompatible-pointer-types -Werror=unguarded-availability -Wno-unused-value -Wno-parentheses -I/private/tmp/mp-skarnet.BQSnVP/prefix/include -isysroot/Library/Developer/CommandLineTools/SDKs/MacOSX15.sdk -pipe -Wall -std=c99 -fno-exceptions -fno-unwind-tables -fno-asynchronous-unwind-tables -ffunction-sections -fdata-sections -O2 -fomit-frame-pointer -pipe -Os -isysroot/Library/Developer/CommandLineTools/SDKs/MacOSX15.sdk -arch arm64 -arch x86_64  -c -o src/libstddjb/fd_send.lo src/libstddjb/fd_send.c
exec /usr/bin/clang -D_POSIX_C_SOURCE=200809L -D_XOPEN_SOURCE=700 -Isrc/include -fPIC -Werror=implicit-function-declaration -Werror=implicit-int -Werror=pointer-sign -Werror=pointer-arith -Werror=incompatible-pointer-types -Werror=unguarded-availability -Wno-unused-value -Wno-parentheses -I/private/tmp/mp-skarnet.BQSnVP/prefix/include -isysroot/Library/Developer/CommandLineTools/SDKs/MacOSX15.sdk -pipe -Wall -std=c99 -fno-exceptions -fno-unwind-tables -fno-asynchronous-unwind-tables -ffunction-sections -fdata-sections -O2 -fomit-frame-pointer -pipe -Os -isysroot/Library/Developer/CommandLineTools/SDKs/MacOSX15.sdk -arch arm64 -arch x86_64  -c -o src/libstddjb/fd_shutdown.lo src/libstddjb/fd_shutdown.c
exec /usr/bin/clang -D_POSIX_C_SOURCE=200809L -D_XOPEN_SOURCE=700 -Isrc/include -fPIC -Werror=implicit-function-declaration -Werror=implicit-int -Werror=pointer-sign -Werror=pointer-arith -Werror=incompatible-pointer-types -Werror=unguarded-availability -Wno-unused-value -Wno-parentheses -I/private/tmp/mp-skarnet.BQSnVP/prefix/include -isysroot/Library/Developer/CommandLineTools/SDKs/MacOSX15.sdk -pipe -Wall -std=c99 -fno-exceptions -fno-unwind-tables -fno-asynchronous-unwind-tables -ffunction-sections -fdata-sections -O2 -fomit-frame-pointer -pipe -Os -isysroot/Library/Developer/CommandLineTools/SDKs/MacOSX15.sdk -arch arm64 -arch x86_64  -c -o src/libstddjb/fd_sync.lo src/libstddjb/fd_sync.c
exec /usr/bin/clang -D_POSIX_C_SOURCE=200809L -D_XOPEN_SOURCE=700 -Isrc/include -fPIC -Werror=implicit-function-declaration -Werror=implicit-int -Werror=pointer-sign -Werror=pointer-arith -Werror=incompatible-pointer-types -Werror=unguarded-availability -Wno-unused-value -Wno-parentheses -I/private/tmp/mp-skarnet.BQSnVP/prefix/include -isysroot/Library/Developer/CommandLineTools/SDKs/MacOSX15.sdk -pipe -Wall -std=c99 -fno-exceptions -fno-unwind-tables -fno-asynchronous-unwind-tables -ffunction-sections -fdata-sections -O2 -fomit-frame-pointer -pipe -Os -isysroot/Library/Developer/CommandLineTools/SDKs/MacOSX15.sdk -arch arm64 -arch x86_64  -c -o src/libstddjb/fd_unlock.lo src/libstddjb/fd_unlock.c
exec /usr/bin/clang -D_POSIX_C_SOURCE=200809L -D_XOPEN_SOURCE=700 -Isrc/include -fPIC -Werror=implicit-function-declaration -Werror=implicit-int -Werror=pointer-sign -Werror=pointer-arith -Werror=incompatible-pointer-types -Werror=unguarded-availability -Wno-unused-value -Wno-parentheses -I/private/tmp/mp-skarnet.BQSnVP/prefix/include -isysroot/Library/Developer/CommandLineTools/SDKs/MacOSX15.sdk -pipe -Wall -std=c99 -fno-exceptions -fno-unwind-tables -fno-asynchronous-unwind-tables -ffunction-sections -fdata-sections -O2 -fomit-frame-pointer -pipe -Os -isysroot/Library/Developer/CommandLineTools/SDKs/MacOSX15.sdk -arch arm64 -arch x86_64  -c -o src/libstddjb/fd_write.lo src/libstddjb/fd_write.c
exec /usr/bin/clang -D_POSIX_C_SOURCE=200809L -D_XOPEN_SOURCE=700 -Isrc/include -fPIC -Werror=implicit-function-declaration -Werror=implicit-int -Werror=pointer-sign -Werror=pointer-arith -Werror=incompatible-pointer-types -Werror=unguarded-availability -Wno-unused-value -Wno-parentheses -I/private/tmp/mp-skarnet.BQSnVP/prefix/include -isysroot/Library/Developer/CommandLineTools/SDKs/MacOSX15.sdk -pipe -Wall -std=c99 -fno-exceptions -fno-unwind-tables -fno-asynchronous-unwind-tables -ffunction-sections -fdata-sections -O2 -fomit-frame-pointer -pipe -Os -isysroot/Library/Developer/CommandLineTools/SDKs/MacOSX15.sdk -arch arm64 -arch x86_64  -c -o src/libstddjb/fd_writev.lo src/libstddjb/fd_writev.c
exec /usr/bin/clang -D_POSIX_C_SOURCE=200809L -D_XOPEN_SOURCE=700 -Isrc/include -fPIC -Werror=implicit-function-declaration -Werror=implicit-int -Werror=pointer-sign -Werror=pointer-arith -Werror=incompatible-pointer-types -Werror=unguarded-availability -Wno-unused-value -Wno-parentheses -I/private/tmp/mp-skarnet.BQSnVP/prefix/include -isysroot/Library/Developer/CommandLineTools/SDKs/MacOSX15.sdk -pipe -Wall -std=c99 -fno-exceptions -fno-unwind-tables -fno-asynchronous-unwind-tables -ffunction-sections -fdata-sections -O2 -fomit-frame-pointer -pipe -Os -isysroot/Library/Developer/CommandLineTools/SDKs/MacOSX15.sdk -arch arm64 -arch x86_64  -c -o src/libstddjb/filecopy_suffix.lo src/libstddjb/filecopy_suffix.c
exec /usr/bin/clang -D_POSIX_C_SOURCE=200809L -D_XOPEN_SOURCE=700 -Isrc/include -fPIC -Werror=implicit-function-declaration -Werror=implicit-int -Werror=pointer-sign -Werror=pointer-arith -Werror=incompatible-pointer-types -Werror=unguarded-availability -Wno-unused-value -Wno-parentheses -I/private/tmp/mp-skarnet.BQSnVP/prefix/include -isysroot/Library/Developer/CommandLineTools/SDKs/MacOSX15.sdk -pipe -Wall -std=c99 -fno-exceptions -fno-unwind-tables -fno-asynchronous-unwind-tables -ffunction-sections -fdata-sections -O2 -fomit-frame-pointer -pipe -Os -isysroot/Library/Developer/CommandLineTools/SDKs/MacOSX15.sdk -arch arm64 -arch x86_64  -c -o src/libstddjb/filecopy_unsafe.lo src/libstddjb/filecopy_unsafe.c
exec /usr/bin/clang -D_POSIX_C_SOURCE=200809L -D_XOPEN_SOURCE=700 -Isrc/include -fPIC -Werror=implicit-function-declaration -Werror=implicit-int -Werror=pointer-sign -Werror=pointer-arith -Werror=incompatible-pointer-types -Werror=unguarded-availability -Wno-unused-value -Wno-parentheses -I/private/tmp/mp-skarnet.BQSnVP/prefix/include -isysroot/Library/Developer/CommandLineTools/SDKs/MacOSX15.sdk -pipe -Wall -std=c99 -fno-exceptions -fno-unwind-tables -fno-asynchronous-unwind-tables -ffunction-sections -fdata-sections -O2 -fomit-frame-pointer -pipe -Os -isysroot/Library/Developer/CommandLineTools/SDKs/MacOSX15.sdk -arch arm64 -arch x86_64  -c -o src/libstddjb/fmtscan_asc.lo src/libstddjb/fmtscan_asc.c
exec /usr/bin/clang -D_POSIX_C_SOURCE=200809L -D_XOPEN_SOURCE=700 -Isrc/include -fPIC -Werror=implicit-function-declaration -Werror=implicit-int -Werror=pointer-sign -Werror=pointer-arith -Werror=incompatible-pointer-types -Werror=unguarded-availability -Wno-unused-value -Wno-parentheses -I/private/tmp/mp-skarnet.BQSnVP/prefix/include -isysroot/Library/Developer/CommandLineTools/SDKs/MacOSX15.sdk -pipe -Wall -std=c99 -fno-exceptions -fno-unwind-tables -fno-asynchronous-unwind-tables -ffunction-sections -fdata-sections -O2 -fomit-frame-pointer -pipe -Os -isysroot/Library/Developer/CommandLineTools/SDKs/MacOSX15.sdk -arch arm64 -arch x86_64  -c -o src/libstddjb/fmtscan_num.lo src/libstddjb/fmtscan_num.c
exec /usr/bin/clang -D_POSIX_C_SOURCE=200809L -D_XOPEN_SOURCE=700 -Isrc/include -fPIC -Werror=implicit-function-declaration -Werror=implicit-int -Werror=pointer-sign -Werror=pointer-arith -Werror=incompatible-pointer-types -Werror=unguarded-availability -Wno-unused-value -Wno-parentheses -I/private/tmp/mp-skarnet.BQSnVP/prefix/include -isysroot/Library/Developer/CommandLineTools/SDKs/MacOSX15.sdk -pipe -Wall -std=c99 -fno-exceptions -fno-unwind-tables -fno-asynchronous-unwind-tables -ffunction-sections -fdata-sections -O2 -fomit-frame-pointer -pipe -Os -isysroot/Library/Developer/CommandLineTools/SDKs/MacOSX15.sdk -arch arm64 -arch x86_64  -c -o src/libstddjb/genalloc_deepfree.lo src/libstddjb/genalloc_deepfree.c
exec /usr/bin/clang -D_POSIX_C_SOURCE=200809L -D_XOPEN_SOURCE=700 -Isrc/include -fPIC -Werror=implicit-function-declaration -Werror=implicit-int -Werror=pointer-sign -Werror=pointer-arith -Werror=incompatible-pointer-types -Werror=unguarded-availability -Wno-unused-value -Wno-parentheses -I/private/tmp/mp-skarnet.BQSnVP/prefix/include -isysroot/Library/Developer/CommandLineTools/SDKs/MacOSX15.sdk -pipe -Wall -std=c99 -fno-exceptions -fno-unwind-tables -fno-asynchronous-unwind-tables -ffunction-sections -fdata-sections -O2 -fomit-frame-pointer -pipe -Os -isysroot/Library/Developer/CommandLineTools/SDKs/MacOSX15.sdk -arch arm64 -arch x86_64  -c -o src/libstddjb/genwrite_flush_bufalloc.lo src/libstddjb/genwrite_flush_bufalloc.c
exec /usr/bin/clang -D_POSIX_C_SOURCE=200809L -D_XOPEN_SOURCE=700 -Isrc/include -fPIC -Werror=implicit-function-declaration -Werror=implicit-int -Werror=pointer-sign -Werror=pointer-arith -Werror=incompatible-pointer-types -Werror=unguarded-availability -Wno-unused-value -Wno-parentheses -I/private/tmp/mp-skarnet.BQSnVP/prefix/include -isysroot/Library/Developer/CommandLineTools/SDKs/MacOSX15.sdk -pipe -Wall -std=c99 -fno-exceptions -fno-unwind-tables -fno-asynchronous-unwind-tables -ffunction-sections -fdata-sections -O2 -fomit-frame-pointer -pipe -Os -isysroot/Library/Developer/CommandLineTools/SDKs/MacOSX15.sdk -arch arm64 -arch x86_64  -c -o src/libstddjb/genwrite_flush_buffer.lo src/libstddjb/genwrite_flush_buffer.c
exec /usr/bin/clang -D_POSIX_C_SOURCE=200809L -D_XOPEN_SOURCE=700 -Isrc/include -fPIC -Werror=implicit-function-declaration -Werror=implicit-int -Werror=pointer-sign -Werror=pointer-arith -Werror=incompatible-pointer-types -Werror=unguarded-availability -Wno-unused-value -Wno-parentheses -I/private/tmp/mp-skarnet.BQSnVP/prefix/include -isysroot/Library/Developer/CommandLineTools/SDKs/MacOSX15.sdk -pipe -Wall -std=c99 -fno-exceptions -fno-unwind-tables -fno-asynchronous-unwind-tables -ffunction-sections -fdata-sections -O2 -fomit-frame-pointer -pipe -Os -isysroot/Library/Developer/CommandLineTools/SDKs/MacOSX15.sdk -arch arm64 -arch x86_64  -c -o src/libstddjb/genwrite_flush_stralloc.lo src/libstddjb/genwrite_flush_stralloc.c
exec /usr/bin/clang -D_POSIX_C_SOURCE=200809L -D_XOPEN_SOURCE=700 -Isrc/include -fPIC -Werror=implicit-function-declaration -Werror=implicit-int -Werror=pointer-sign -Werror=pointer-arith -Werror=incompatible-pointer-types -Werror=unguarded-availability -Wno-unused-value -Wno-parentheses -I/private/tmp/mp-skarnet.BQSnVP/prefix/include -isysroot/Library/Developer/CommandLineTools/SDKs/MacOSX15.sdk -pipe -Wall -std=c99 -fno-exceptions -fno-unwind-tables -fno-asynchronous-unwind-tables -ffunction-sections -fdata-sections -O2 -fomit-frame-pointer -pipe -Os -isysroot/Library/Developer/CommandLineTools/SDKs/MacOSX15.sdk -arch arm64 -arch x86_64  -c -o src/libstddjb/genwrite_put_bufalloc.lo src/libstddjb/genwrite_put_bufalloc.c
exec /usr/bin/clang -D_POSIX_C_SOURCE=200809L -D_XOPEN_SOURCE=700 -Isrc/include -fPIC -Werror=implicit-function-declaration -Werror=implicit-int -Werror=pointer-sign -Werror=pointer-arith -Werror=incompatible-pointer-types -Werror=unguarded-availability -Wno-unused-value -Wno-parentheses -I/private/tmp/mp-skarnet.BQSnVP/prefix/include -isysroot/Library/Developer/CommandLineTools/SDKs/MacOSX15.sdk -pipe -Wall -std=c99 -fno-exceptions -fno-unwind-tables -fno-asynchronous-unwind-tables -ffunction-sections -fdata-sections -O2 -fomit-frame-pointer -pipe -Os -isysroot/Library/Developer/CommandLineTools/SDKs/MacOSX15.sdk -arch arm64 -arch x86_64  -c -o src/libstddjb/genwrite_put_buffer.lo src/libstddjb/genwrite_put_buffer.c
exec /usr/bin/clang -D_POSIX_C_SOURCE=200809L -D_XOPEN_SOURCE=700 -Isrc/include -fPIC -Werror=implicit-function-declaration -Werror=implicit-int -Werror=pointer-sign -Werror=pointer-arith -Werror=incompatible-pointer-types -Werror=unguarded-availability -Wno-unused-value -Wno-parentheses -I/private/tmp/mp-skarnet.BQSnVP/prefix/include -isysroot/Library/Developer/CommandLineTools/SDKs/MacOSX15.sdk -pipe -Wall -std=c99 -fno-exceptions -fno-unwind-tables -fno-asynchronous-unwind-tables -ffunction-sections -fdata-sections -O2 -fomit-frame-pointer -pipe -Os -isysroot/Library/Developer/CommandLineTools/SDKs/MacOSX15.sdk -arch arm64 -arch x86_64  -c -o src/libstddjb/genwrite_put_stralloc.lo src/libstddjb/genwrite_put_stralloc.c
exec /usr/bin/clang -D_POSIX_C_SOURCE=200809L -D_XOPEN_SOURCE=700 -Isrc/include -fPIC -Werror=implicit-function-declaration -Werror=implicit-int -Werror=pointer-sign -Werror=pointer-arith -Werror=incompatible-pointer-types -Werror=unguarded-availability -Wno-unused-value -Wno-parentheses -I/private/tmp/mp-skarnet.BQSnVP/prefix/include -isysroot/Library/Developer/CommandLineTools/SDKs/MacOSX15.sdk -pipe -Wall -std=c99 -fno-exceptions -fno-unwind-tables -fno-asynchronous-unwind-tables -ffunction-sections -fdata-sections -O2 -fomit-frame-pointer -pipe -Os -isysroot/Library/Developer/CommandLineTools/SDKs/MacOSX15.sdk -arch arm64 -arch x86_64  -c -o src/libstddjb/genwrite_stderr.lo src/libstddjb/genwrite_stderr.c
exec /usr/bin/clang -D_POSIX_C_SOURCE=200809L -D_XOPEN_SOURCE=700 -Isrc/include -fPIC -Werror=implicit-function-declaration -Werror=implicit-int -Werror=pointer-sign -Werror=pointer-arith -Werror=incompatible-pointer-types -Werror=unguarded-availability -Wno-unused-value -Wno-parentheses -I/private/tmp/mp-skarnet.BQSnVP/prefix/include -isysroot/Library/Developer/CommandLineTools/SDKs/MacOSX15.sdk -pipe -Wall -std=c99 -fno-exceptions -fno-unwind-tables -fno-asynchronous-unwind-tables -ffunction-sections -fdata-sections -O2 -fomit-frame-pointer -pipe -Os -isysroot/Library/Developer/CommandLineTools/SDKs/MacOSX15.sdk -arch arm64 -arch x86_64  -c -o src/libstddjb/genwrite_stdout.lo src/libstddjb/genwrite_stdout.c
exec /usr/bin/clang -D_POSIX_C_SOURCE=200809L -D_XOPEN_SOURCE=700 -Isrc/include -fPIC -Werror=implicit-function-declaration -Werror=implicit-int -Werror=pointer-sign -Werror=pointer-arith -Werror=incompatible-pointer-types -Werror=unguarded-availability -Wno-unused-value -Wno-parentheses -I/private/tmp/mp-skarnet.BQSnVP/prefix/include -isysroot/Library/Developer/CommandLineTools/SDKs/MacOSX15.sdk -pipe -Wall -std=c99 -fno-exceptions -fno-unwind-tables -fno-asynchronous-unwind-tables -ffunction-sections -fdata-sections -O2 -fomit-frame-pointer -pipe -Os -isysroot/Library/Developer/CommandLineTools/SDKs/MacOSX15.sdk -arch arm64 -arch x86_64  -c -o src/libstddjb/getlnmax.lo src/libstddjb/getlnmax.c
exec /usr/bin/clang -D_POSIX_C_SOURCE=200809L -D_XOPEN_SOURCE=700 -Isrc/include -fPIC -Werror=implicit-function-declaration -Werror=implicit-int -Werror=pointer-sign -Werror=pointer-arith -Werror=incompatible-pointer-types -Werror=unguarded-availability -Wno-unused-value -Wno-parentheses -I/private/tmp/mp-skarnet.BQSnVP/prefix/include -isysroot/Library/Developer/CommandLineTools/SDKs/MacOSX15.sdk -pipe -Wall -std=c99 -fno-exceptions -fno-unwind-tables -fno-asynchronous-unwind-tables -ffunction-sections -fdata-sections -O2 -fomit-frame-pointer -pipe -Os -isysroot/Library/Developer/CommandLineTools/SDKs/MacOSX15.sdk -arch arm64 -arch x86_64  -c -o src/libstddjb/getlnmaxsep.lo src/libstddjb/getlnmaxsep.c
exec /usr/bin/clang -D_POSIX_C_SOURCE=200809L -D_XOPEN_SOURCE=700 -Isrc/include -fPIC -Werror=implicit-function-declaration -Werror=implicit-int -Werror=pointer-sign -Werror=pointer-arith -Werror=incompatible-pointer-types -Werror=unguarded-availability -Wno-unused-value -Wno-parentheses -I/private/tmp/mp-skarnet.BQSnVP/prefix/include -isysroot/Library/Developer/CommandLineTools/SDKs/MacOSX15.sdk -pipe -Wall -std=c99 -fno-exceptions -fno-unwind-tables -fno-asynchronous-unwind-tables -ffunction-sections -fdata-sections -O2 -fomit-frame-pointer -pipe -Os -isysroot/Library/Developer/CommandLineTools/SDKs/MacOSX15.sdk -arch arm64 -arch x86_64  -c -o src/libstddjb/gol.lo src/libstddjb/gol.c
exec /usr/bin/clang -D_POSIX_C_SOURCE=200809L -D_XOPEN_SOURCE=700 -Isrc/include -fPIC -Werror=implicit-function-declaration -Werror=implicit-int -Werror=pointer-sign -Werror=pointer-arith -Werror=incompatible-pointer-types -Werror=unguarded-availability -Wno-unused-value -Wno-parentheses -I/private/tmp/mp-skarnet.BQSnVP/prefix/include -isysroot/Library/Developer/CommandLineTools/SDKs/MacOSX15.sdk -pipe -Wall -std=c99 -fno-exceptions -fno-unwind-tables -fno-asynchronous-unwind-tables -ffunction-sections -fdata-sections -O2 -fomit-frame-pointer -pipe -Os -isysroot/Library/Developer/CommandLineTools/SDKs/MacOSX15.sdk -arch arm64 -arch x86_64  -c -o src/libstddjb/hiercopy.lo src/libstddjb/hiercopy.c
exec /usr/bin/clang -D_POSIX_C_SOURCE=200809L -D_XOPEN_SOURCE=700 -Isrc/include -fPIC -Werror=implicit-function-declaration -Werror=implicit-int -Werror=pointer-sign -Werror=pointer-arith -Werror=incompatible-pointer-types -Werror=unguarded-availability -Wno-unused-value -Wno-parentheses -I/private/tmp/mp-skarnet.BQSnVP/prefix/include -isysroot/Library/Developer/CommandLineTools/SDKs/MacOSX15.sdk -pipe -Wall -std=c99 -fno-exceptions -fno-unwind-tables -fno-asynchronous-unwind-tables -ffunction-sections -fdata-sections -O2 -fomit-frame-pointer -pipe -Os -isysroot/Library/Developer/CommandLineTools/SDKs/MacOSX15.sdk -arch arm64 -arch x86_64  -c -o src/libstddjb/hiercopy_internal.lo src/libstddjb/hiercopy_internal.c
exec /usr/bin/clang -D_POSIX_C_SOURCE=200809L -D_XOPEN_SOURCE=700 -Isrc/include -fPIC -Werror=implicit-function-declaration -Werror=implicit-int -Werror=pointer-sign -Werror=pointer-arith -Werror=incompatible-pointer-types -Werror=unguarded-availability -Wno-unused-value -Wno-parentheses -I/private/tmp/mp-skarnet.BQSnVP/prefix/include -isysroot/Library/Developer/CommandLineTools/SDKs/MacOSX15.sdk -pipe -Wall -std=c99 -fno-exceptions -fno-unwind-tables -fno-asynchronous-unwind-tables -ffunction-sections -fdata-sections -O2 -fomit-frame-pointer -pipe -Os -isysroot/Library/Developer/CommandLineTools/SDKs/MacOSX15.sdk -arch arm64 -arch x86_64  -c -o src/libstddjb/hiercopy_loose.lo src/libstddjb/hiercopy_loose.c
exec /usr/bin/clang -D_POSIX_C_SOURCE=200809L -D_XOPEN_SOURCE=700 -Isrc/include -fPIC -Werror=implicit-function-declaration -Werror=implicit-int -Werror=pointer-sign -Werror=pointer-arith -Werror=incompatible-pointer-types -Werror=unguarded-availability -Wno-unused-value -Wno-parentheses -I/private/tmp/mp-skarnet.BQSnVP/prefix/include -isysroot/Library/Developer/CommandLineTools/SDKs/MacOSX15.sdk -pipe -Wall -std=c99 -fno-exceptions -fno-unwind-tables -fno-asynchronous-unwind-tables -ffunction-sections -fdata-sections -O2 -fomit-frame-pointer -pipe -Os -isysroot/Library/Developer/CommandLineTools/SDKs/MacOSX15.sdk -arch arm64 -arch x86_64  -c -o src/libstddjb/hiercopy_loose_tmp.lo src/libstddjb/hiercopy_loose_tmp.c
exec /usr/bin/clang -D_POSIX_C_SOURCE=200809L -D_XOPEN_SOURCE=700 -Isrc/include -fPIC -Werror=implicit-function-declaration -Werror=implicit-int -Werror=pointer-sign -Werror=pointer-arith -Werror=incompatible-pointer-types -Werror=unguarded-availability -Wno-unused-value -Wno-parentheses -I/private/tmp/mp-skarnet.BQSnVP/prefix/include -isysroot/Library/Developer/CommandLineTools/SDKs/MacOSX15.sdk -pipe -Wall -std=c99 -fno-exceptions -fno-unwind-tables -fno-asynchronous-unwind-tables -ffunction-sections -fdata-sections -O2 -fomit-frame-pointer -pipe -Os -isysroot/Library/Developer/CommandLineTools/SDKs/MacOSX15.sdk -arch arm64 -arch x86_64  -c -o src/libstddjb/hiercopy_tmp.lo src/libstddjb/hiercopy_tmp.c
exec /usr/bin/clang -D_POSIX_C_SOURCE=200809L -D_XOPEN_SOURCE=700 -Isrc/include -fPIC -Werror=implicit-function-declaration -Werror=implicit-int -Werror=pointer-sign -Werror=pointer-arith -Werror=incompatible-pointer-types -Werror=unguarded-availability -Wno-unused-value -Wno-parentheses -I/private/tmp/mp-skarnet.BQSnVP/prefix/include -isysroot/Library/Developer/CommandLineTools/SDKs/MacOSX15.sdk -pipe -Wall -std=c99 -fno-exceptions -fno-unwind-tables -fno-asynchronous-unwind-tables -ffunction-sections -fdata-sections -O2 -fomit-frame-pointer -pipe -Os -isysroot/Library/Developer/CommandLineTools/SDKs/MacOSX15.sdk -arch arm64 -arch x86_64  -c -o src/libstddjb/int640_scan.lo src/libstddjb/int640_scan.c
exec /usr/bin/clang -D_POSIX_C_SOURCE=200809L -D_XOPEN_SOURCE=700 -Isrc/include -fPIC -Werror=implicit-function-declaration -Werror=implicit-int -Werror=pointer-sign -Werror=pointer-arith -Werror=incompatible-pointer-types -Werror=unguarded-availability -Wno-unused-value -Wno-parentheses -I/private/tmp/mp-skarnet.BQSnVP/prefix/include -isysroot/Library/Developer/CommandLineTools/SDKs/MacOSX15.sdk -pipe -Wall -std=c99 -fno-exceptions -fno-unwind-tables -fno-asynchronous-unwind-tables -ffunction-sections -fdata-sections -O2 -fomit-frame-pointer -pipe -Os -isysroot/Library/Developer/CommandLineTools/SDKs/MacOSX15.sdk -arch arm64 -arch x86_64  -c -o src/libstddjb/int64_fmt_generic.lo src/libstddjb/int64_fmt_generic.c
exec /usr/bin/clang -D_POSIX_C_SOURCE=200809L -D_XOPEN_SOURCE=700 -Isrc/include -fPIC -Werror=implicit-function-declaration -Werror=implicit-int -Werror=pointer-sign -Werror=pointer-arith -Werror=incompatible-pointer-types -Werror=unguarded-availability -Wno-unused-value -Wno-parentheses -I/private/tmp/mp-skarnet.BQSnVP/prefix/include -isysroot/Library/Developer/CommandLineTools/SDKs/MacOSX15.sdk -pipe -Wall -std=c99 -fno-exceptions -fno-unwind-tables -fno-asynchronous-unwind-tables -ffunction-sections -fdata-sections -O2 -fomit-frame-pointer -pipe -Os -isysroot/Library/Developer/CommandLineTools/SDKs/MacOSX15.sdk -arch arm64 -arch x86_64  -c -o src/libstddjb/int64_fmtlist.lo src/libstddjb/int64_fmtlist.c
exec /usr/bin/clang -D_POSIX_C_SOURCE=200809L -D_XOPEN_SOURCE=700 -Isrc/include -fPIC -Werror=implicit-function-declaration -Werror=implicit-int -Werror=pointer-sign -Werror=pointer-arith -Werror=incompatible-pointer-types -Werror=unguarded-availability -Wno-unused-value -Wno-parentheses -I/private/tmp/mp-skarnet.BQSnVP/prefix/include -isysroot/Library/Developer/CommandLineTools/SDKs/MacOSX15.sdk -pipe -Wall -std=c99 -fno-exceptions -fno-unwind-tables -fno-asynchronous-unwind-tables -ffunction-sections -fdata-sections -O2 -fomit-frame-pointer -pipe -Os -isysroot/Library/Developer/CommandLineTools/SDKs/MacOSX15.sdk -arch arm64 -arch x86_64  -c -o src/libstddjb/int64_scan.lo src/libstddjb/int64_scan.c
exec /usr/bin/clang -D_POSIX_C_SOURCE=200809L -D_XOPEN_SOURCE=700 -Isrc/include -fPIC -Werror=implicit-function-declaration -Werror=implicit-int -Werror=pointer-sign -Werror=pointer-arith -Werror=incompatible-pointer-types -Werror=unguarded-availability -Wno-unused-value -Wno-parentheses -I/private/tmp/mp-skarnet.BQSnVP/prefix/include -isysroot/Library/Developer/CommandLineTools/SDKs/MacOSX15.sdk -pipe -Wall -std=c99 -fno-exceptions -fno-unwind-tables -fno-asynchronous-unwind-tables -ffunction-sections -fdata-sections -O2 -fomit-frame-pointer -pipe -Os -isysroot/Library/Developer/CommandLineTools/SDKs/MacOSX15.sdk -arch arm64 -arch x86_64  -c -o src/libstddjb/int64_scan_base_max.lo src/libstddjb/int64_scan_base_max.c
exec /usr/bin/clang -D_POSIX_C_SOURCE=200809L -D_XOPEN_SOURCE=700 -Isrc/include -fPIC -Werror=implicit-function-declaration -Werror=implicit-int -Werror=pointer-sign -Werror=pointer-arith -Werror=incompatible-pointer-types -Werror=unguarded-availability -Wno-unused-value -Wno-parentheses -I/private/tmp/mp-skarnet.BQSnVP/prefix/include -isysroot/Library/Developer/CommandLineTools/SDKs/MacOSX15.sdk -pipe -Wall -std=c99 -fno-exceptions -fno-unwind-tables -fno-asynchronous-unwind-tables -ffunction-sections -fdata-sections -O2 -fomit-frame-pointer -pipe -Os -isysroot/Library/Developer/CommandLineTools/SDKs/MacOSX15.sdk -arch arm64 -arch x86_64  -c -o src/libstddjb/int64_scanlist.lo src/libstddjb/int64_scanlist.c
exec /usr/bin/clang -D_POSIX_C_SOURCE=200809L -D_XOPEN_SOURCE=700 -Isrc/include -fPIC -Werror=implicit-function-declaration -Werror=implicit-int -Werror=pointer-sign -Werror=pointer-arith -Werror=incompatible-pointer-types -Werror=unguarded-availability -Wno-unused-value -Wno-parentheses -I/private/tmp/mp-skarnet.BQSnVP/prefix/include -isysroot/Library/Developer/CommandLineTools/SDKs/MacOSX15.sdk -pipe -Wall -std=c99 -fno-exceptions -fno-unwind-tables -fno-asynchronous-unwind-tables -ffunction-sections -fdata-sections -O2 -fomit-frame-pointer -pipe -Os -isysroot/Library/Developer/CommandLineTools/SDKs/MacOSX15.sdk -arch arm64 -arch x86_64  -c -o src/libstddjb/ip4_scanlist.lo src/libstddjb/ip4_scanlist.c
exec /usr/bin/clang -D_POSIX_C_SOURCE=200809L -D_XOPEN_SOURCE=700 -Isrc/include -fPIC -Werror=implicit-function-declaration -Werror=implicit-int -Werror=pointer-sign -Werror=pointer-arith -Werror=incompatible-pointer-types -Werror=unguarded-availability -Wno-unused-value -Wno-parentheses -I/private/tmp/mp-skarnet.BQSnVP/prefix/include -isysroot/Library/Developer/CommandLineTools/SDKs/MacOSX15.sdk -pipe -Wall -std=c99 -fno-exceptions -fno-unwind-tables -fno-asynchronous-unwind-tables -ffunction-sections -fdata-sections -O2 -fomit-frame-pointer -pipe -Os -isysroot/Library/Developer/CommandLineTools/SDKs/MacOSX15.sdk -arch arm64 -arch x86_64  -c -o src/libstddjb/ip4_scanlist_u32.lo src/libstddjb/ip4_scanlist_u32.c
exec /usr/bin/clang -D_POSIX_C_SOURCE=200809L -D_XOPEN_SOURCE=700 -Isrc/include -fPIC -Werror=implicit-function-declaration -Werror=implicit-int -Werror=pointer-sign -Werror=pointer-arith -Werror=incompatible-pointer-types -Werror=unguarded-availability -Wno-unused-value -Wno-parentheses -I/private/tmp/mp-skarnet.BQSnVP/prefix/include -isysroot/Library/Developer/CommandLineTools/SDKs/MacOSX15.sdk -pipe -Wall -std=c99 -fno-exceptions -fno-unwind-tables -fno-asynchronous-unwind-tables -ffunction-sections -fdata-sections -O2 -fomit-frame-pointer -pipe -Os -isysroot/Library/Developer/CommandLineTools/SDKs/MacOSX15.sdk -arch arm64 -arch x86_64  -c -o src/libstddjb/ip6_fmt.lo src/libstddjb/ip6_fmt.c
exec /usr/bin/clang -D_POSIX_C_SOURCE=200809L -D_XOPEN_SOURCE=700 -Isrc/include -fPIC -Werror=implicit-function-declaration -Werror=implicit-int -Werror=pointer-sign -Werror=pointer-arith -Werror=incompatible-pointer-types -Werror=unguarded-availability -Wno-unused-value -Wno-parentheses -I/private/tmp/mp-skarnet.BQSnVP/prefix/include -isysroot/Library/Developer/CommandLineTools/SDKs/MacOSX15.sdk -pipe -Wall -std=c99 -fno-exceptions -fno-unwind-tables -fno-asynchronous-unwind-tables -ffunction-sections -fdata-sections -O2 -fomit-frame-pointer -pipe -Os -isysroot/Library/Developer/CommandLineTools/SDKs/MacOSX15.sdk -arch arm64 -arch x86_64  -c -o src/libstddjb/ip6_netmask.lo src/libstddjb/ip6_netmask.c
src/libstddjb/ip6_netmask.c:12:32: warning: operator '<<' has lower precedence than '-'; '-' will be evaluated first [-Wshift-op-parentheses]
   12 |   u &= netmask ? ~((1ull << 64 - netmask) - 1) : 0 ;
      |                          ~~ ~~~^~~~~~~~~
src/libstddjb/ip6_netmask.c:12:32: note: place parentheses around the '-' expression to silence this warning
   12 |   u &= netmask ? ~((1ull << 64 - netmask) - 1) : 0 ;
      |                                ^        
      |                             (           )
1 warning generated.
src/libstddjb/ip6_netmask.c:12:32: warning: operator '<<' has lower precedence than '-'; '-' will be evaluated first [-Wshift-op-parentheses]
   12 |   u &= netmask ? ~((1ull << 64 - netmask) - 1) : 0 ;
      |                          ~~ ~~~^~~~~~~~~
src/libstddjb/ip6_netmask.c:12:32: note: place parentheses around the '-' expression to silence this warning
   12 |   u &= netmask ? ~((1ull << 64 - netmask) - 1) : 0 ;
      |                                ^        
      |                             (           )
1 warning generated.
exec /usr/bin/clang -D_POSIX_C_SOURCE=200809L -D_XOPEN_SOURCE=700 -Isrc/include -fPIC -Werror=implicit-function-declaration -Werror=implicit-int -Werror=pointer-sign -Werror=pointer-arith -Werror=incompatible-pointer-types -Werror=unguarded-availability -Wno-unused-value -Wno-parentheses -I/private/tmp/mp-skarnet.BQSnVP/prefix/include -isysroot/Library/Developer/CommandLineTools/SDKs/MacOSX15.sdk -pipe -Wall -std=c99 -fno-exceptions -fno-unwind-tables -fno-asynchronous-unwind-tables -ffunction-sections -fdata-sections -O2 -fomit-frame-pointer -pipe -Os -isysroot/Library/Developer/CommandLineTools/SDKs/MacOSX15.sdk -arch arm64 -arch x86_64  -c -o src/libstddjb/ip6_scanlist.lo src/libstddjb/ip6_scanlist.c
exec /usr/bin/clang -D_POSIX_C_SOURCE=200809L -D_XOPEN_SOURCE=700 -Isrc/include -fPIC -Werror=implicit-function-declaration -Werror=implicit-int -Werror=pointer-sign -Werror=pointer-arith -Werror=incompatible-pointer-types -Werror=unguarded-availability -Wno-unused-value -Wno-parentheses -I/private/tmp/mp-skarnet.BQSnVP/prefix/include -isysroot/Library/Developer/CommandLineTools/SDKs/MacOSX15.sdk -pipe -Wall -std=c99 -fno-exceptions -fno-unwind-tables -fno-asynchronous-unwind-tables -ffunction-sections -fdata-sections -O2 -fomit-frame-pointer -pipe -Os -isysroot/Library/Developer/CommandLineTools/SDKs/MacOSX15.sdk -arch arm64 -arch x86_64  -c -o src/libstddjb/leapsecs_add.lo src/libstddjb/leapsecs_add.c
exec /usr/bin/clang -D_POSIX_C_SOURCE=200809L -D_XOPEN_SOURCE=700 -Isrc/include -fPIC -Werror=implicit-function-declaration -Werror=implicit-int -Werror=pointer-sign -Werror=pointer-arith -Werror=incompatible-pointer-types -Werror=unguarded-availability -Wno-unused-value -Wno-parentheses -I/private/tmp/mp-skarnet.BQSnVP/prefix/include -isysroot/Library/Developer/CommandLineTools/SDKs/MacOSX15.sdk -pipe -Wall -std=c99 -fno-exceptions -fno-unwind-tables -fno-asynchronous-unwind-tables -ffunction-sections -fdata-sections -O2 -fomit-frame-pointer -pipe -Os -isysroot/Library/Developer/CommandLineTools/SDKs/MacOSX15.sdk -arch arm64 -arch x86_64  -c -o src/libstddjb/leapsecs_sub.lo src/libstddjb/leapsecs_sub.c
exec /usr/bin/clang -D_POSIX_C_SOURCE=200809L -D_XOPEN_SOURCE=700 -Isrc/include -fPIC -Werror=implicit-function-declaration -Werror=implicit-int -Werror=pointer-sign -Werror=pointer-arith -Werror=incompatible-pointer-types -Werror=unguarded-availability -Wno-unused-value -Wno-parentheses -I/private/tmp/mp-skarnet.BQSnVP/prefix/include -isysroot/Library/Developer/CommandLineTools/SDKs/MacOSX15.sdk -pipe -Wall -std=c99 -fno-exceptions -fno-unwind-tables -fno-asynchronous-unwind-tables -ffunction-sections -fdata-sections -O2 -fomit-frame-pointer -pipe -Os -isysroot/Library/Developer/CommandLineTools/SDKs/MacOSX15.sdk -arch arm64 -arch x86_64  -c -o src/libstddjb/mininetstring_read.lo src/libstddjb/mininetstring_read.c
exec /usr/bin/clang -D_POSIX_C_SOURCE=200809L -D_XOPEN_SOURCE=700 -Isrc/include -fPIC -Werror=implicit-function-declaration -Werror=implicit-int -Werror=pointer-sign -Werror=pointer-arith -Werror=incompatible-pointer-types -Werror=unguarded-availability -Wno-unused-value -Wno-parentheses -I/private/tmp/mp-skarnet.BQSnVP/prefix/include -isysroot/Library/Developer/CommandLineTools/SDKs/MacOSX15.sdk -pipe -Wall -std=c99 -fno-exceptions -fno-unwind-tables -fno-asynchronous-unwind-tables -ffunction-sections -fdata-sections -O2 -fomit-frame-pointer -pipe -Os -isysroot/Library/Developer/CommandLineTools/SDKs/MacOSX15.sdk -arch arm64 -arch x86_64  -c -o src/libstddjb/ndelay_off.lo src/libstddjb/ndelay_off.c
exec /usr/bin/clang -D_POSIX_C_SOURCE=200809L -D_XOPEN_SOURCE=700 -Isrc/include -fPIC -Werror=implicit-function-declaration -Werror=implicit-int -Werror=pointer-sign -Werror=pointer-arith -Werror=incompatible-pointer-types -Werror=unguarded-availability -Wno-unused-value -Wno-parentheses -I/private/tmp/mp-skarnet.BQSnVP/prefix/include -isysroot/Library/Developer/CommandLineTools/SDKs/MacOSX15.sdk -pipe -Wall -std=c99 -fno-exceptions -fno-unwind-tables -fno-asynchronous-unwind-tables -ffunction-sections -fdata-sections -O2 -fomit-frame-pointer -pipe -Os -isysroot/Library/Developer/CommandLineTools/SDKs/MacOSX15.sdk -arch arm64 -arch x86_64  -c -o src/libstddjb/ndelay_on.lo src/libstddjb/ndelay_on.c
exec /usr/bin/clang -D_POSIX_C_SOURCE=200809L -D_XOPEN_SOURCE=700 -Isrc/include -fPIC -Werror=implicit-function-declaration -Werror=implicit-int -Werror=pointer-sign -Werror=pointer-arith -Werror=incompatible-pointer-types -Werror=unguarded-availability -Wno-unused-value -Wno-parentheses -I/private/tmp/mp-skarnet.BQSnVP/prefix/include -isysroot/Library/Developer/CommandLineTools/SDKs/MacOSX15.sdk -pipe -Wall -std=c99 -fno-exceptions -fno-unwind-tables -fno-asynchronous-unwind-tables -ffunction-sections -fdata-sections -O2 -fomit-frame-pointer -pipe -Os -isysroot/Library/Developer/CommandLineTools/SDKs/MacOSX15.sdk -arch arm64 -arch x86_64  -c -o src/libstddjb/netstring_append.lo src/libstddjb/netstring_append.c
exec /usr/bin/clang -D_POSIX_C_SOURCE=200809L -D_XOPEN_SOURCE=700 -Isrc/include -fPIC -Werror=implicit-function-declaration -Werror=implicit-int -Werror=pointer-sign -Werror=pointer-arith -Werror=incompatible-pointer-types -Werror=unguarded-availability -Wno-unused-value -Wno-parentheses -I/private/tmp/mp-skarnet.BQSnVP/prefix/include -isysroot/Library/Developer/CommandLineTools/SDKs/MacOSX15.sdk -pipe -Wall -std=c99 -fno-exceptions -fno-unwind-tables -fno-asynchronous-unwind-tables -ffunction-sections -fdata-sections -O2 -fomit-frame-pointer -pipe -Os -isysroot/Library/Developer/CommandLineTools/SDKs/MacOSX15.sdk -arch arm64 -arch x86_64  -c -o src/libstddjb/netstring_appendv.lo src/libstddjb/netstring_appendv.c
exec /usr/bin/clang -D_POSIX_C_SOURCE=200809L -D_XOPEN_SOURCE=700 -Isrc/include -fPIC -Werror=implicit-function-declaration -Werror=implicit-int -Werror=pointer-sign -Werror=pointer-arith -Werror=incompatible-pointer-types -Werror=unguarded-availability -Wno-unused-value -Wno-parentheses -I/private/tmp/mp-skarnet.BQSnVP/prefix/include -isysroot/Library/Developer/CommandLineTools/SDKs/MacOSX15.sdk -pipe -Wall -std=c99 -fno-exceptions -fno-unwind-tables -fno-asynchronous-unwind-tables -ffunction-sections -fdata-sections -O2 -fomit-frame-pointer -pipe -Os -isysroot/Library/Developer/CommandLineTools/SDKs/MacOSX15.sdk -arch arm64 -arch x86_64  -c -o src/libstddjb/netstring_decode.lo src/libstddjb/netstring_decode.c
exec /usr/bin/clang -D_POSIX_C_SOURCE=200809L -D_XOPEN_SOURCE=700 -Isrc/include -fPIC -Werror=implicit-function-declaration -Werror=implicit-int -Werror=pointer-sign -Werror=pointer-arith -Werror=incompatible-pointer-types -Werror=unguarded-availability -Wno-unused-value -Wno-parentheses -I/private/tmp/mp-skarnet.BQSnVP/prefix/include -isysroot/Library/Developer/CommandLineTools/SDKs/MacOSX15.sdk -pipe -Wall -std=c99 -fno-exceptions -fno-unwind-tables -fno-asynchronous-unwind-tables -ffunction-sections -fdata-sections -O2 -fomit-frame-pointer -pipe -Os -isysroot/Library/Developer/CommandLineTools/SDKs/MacOSX15.sdk -arch arm64 -arch x86_64  -c -o src/libstddjb/netstring_encode.lo src/libstddjb/netstring_encode.c
exec /usr/bin/clang -D_POSIX_C_SOURCE=200809L -D_XOPEN_SOURCE=700 -Isrc/include -fPIC -Werror=implicit-function-declaration -Werror=implicit-int -Werror=pointer-sign -Werror=pointer-arith -Werror=incompatible-pointer-types -Werror=unguarded-availability -Wno-unused-value -Wno-parentheses -I/private/tmp/mp-skarnet.BQSnVP/prefix/include -isysroot/Library/Developer/CommandLineTools/SDKs/MacOSX15.sdk -pipe -Wall -std=c99 -fno-exceptions -fno-unwind-tables -fno-asynchronous-unwind-tables -ffunction-sections -fdata-sections -O2 -fomit-frame-pointer -pipe -Os -isysroot/Library/Developer/CommandLineTools/SDKs/MacOSX15.sdk -arch arm64 -arch x86_64  -c -o src/libstddjb/netstring_put.lo src/libstddjb/netstring_put.c
exec /usr/bin/clang -D_POSIX_C_SOURCE=200809L -D_XOPEN_SOURCE=700 -Isrc/include -fPIC -Werror=implicit-function-declaration -Werror=implicit-int -Werror=pointer-sign -Werror=pointer-arith -Werror=incompatible-pointer-types -Werror=unguarded-availability -Wno-unused-value -Wno-parentheses -I/private/tmp/mp-skarnet.BQSnVP/prefix/include -isysroot/Library/Developer/CommandLineTools/SDKs/MacOSX15.sdk -pipe -Wall -std=c99 -fno-exceptions -fno-unwind-tables -fno-asynchronous-unwind-tables -ffunction-sections -fdata-sections -O2 -fomit-frame-pointer -pipe -Os -isysroot/Library/Developer/CommandLineTools/SDKs/MacOSX15.sdk -arch arm64 -arch x86_64  -c -o src/libstddjb/open2.lo src/libstddjb/open2.c
exec /usr/bin/clang -D_POSIX_C_SOURCE=200809L -D_XOPEN_SOURCE=700 -Isrc/include -fPIC -Werror=implicit-function-declaration -Werror=implicit-int -Werror=pointer-sign -Werror=pointer-arith -Werror=incompatible-pointer-types -Werror=unguarded-availability -Wno-unused-value -Wno-parentheses -I/private/tmp/mp-skarnet.BQSnVP/prefix/include -isysroot/Library/Developer/CommandLineTools/SDKs/MacOSX15.sdk -pipe -Wall -std=c99 -fno-exceptions -fno-unwind-tables -fno-asynchronous-unwind-tables -ffunction-sections -fdata-sections -O2 -fomit-frame-pointer -pipe -Os -isysroot/Library/Developer/CommandLineTools/SDKs/MacOSX15.sdk -arch arm64 -arch x86_64  -c -o src/libstddjb/open3.lo src/libstddjb/open3.c
exec /usr/bin/clang -D_POSIX_C_SOURCE=200809L -D_XOPEN_SOURCE=700 -Isrc/include -fPIC -Werror=implicit-function-declaration -Werror=implicit-int -Werror=pointer-sign -Werror=pointer-arith -Werror=incompatible-pointer-types -Werror=unguarded-availability -Wno-unused-value -Wno-parentheses -I/private/tmp/mp-skarnet.BQSnVP/prefix/include -isysroot/Library/Developer/CommandLineTools/SDKs/MacOSX15.sdk -pipe -Wall -std=c99 -fno-exceptions -fno-unwind-tables -fno-asynchronous-unwind-tables -ffunction-sections -fdata-sections -O2 -fomit-frame-pointer -pipe -Os -isysroot/Library/Developer/CommandLineTools/SDKs/MacOSX15.sdk -arch arm64 -arch x86_64  -c -o src/libstddjb/open_append.lo src/libstddjb/open_append.c
exec /usr/bin/clang -D_POSIX_C_SOURCE=200809L -D_XOPEN_SOURCE=700 -Isrc/include -fPIC -Werror=implicit-function-declaration -Werror=implicit-int -Werror=pointer-sign -Werror=pointer-arith -Werror=incompatible-pointer-types -Werror=unguarded-availability -Wno-unused-value -Wno-parentheses -I/private/tmp/mp-skarnet.BQSnVP/prefix/include -isysroot/Library/Developer/CommandLineTools/SDKs/MacOSX15.sdk -pipe -Wall -std=c99 -fno-exceptions -fno-unwind-tables -fno-asynchronous-unwind-tables -ffunction-sections -fdata-sections -O2 -fomit-frame-pointer -pipe -Os -isysroot/Library/Developer/CommandLineTools/SDKs/MacOSX15.sdk -arch arm64 -arch x86_64  -c -o src/libstddjb/open_create.lo src/libstddjb/open_create.c
exec /usr/bin/clang -D_POSIX_C_SOURCE=200809L -D_XOPEN_SOURCE=700 -Isrc/include -fPIC -Werror=implicit-function-declaration -Werror=implicit-int -Werror=pointer-sign -Werror=pointer-arith -Werror=incompatible-pointer-types -Werror=unguarded-availability -Wno-unused-value -Wno-parentheses -I/private/tmp/mp-skarnet.BQSnVP/prefix/include -isysroot/Library/Developer/CommandLineTools/SDKs/MacOSX15.sdk -pipe -Wall -std=c99 -fno-exceptions -fno-unwind-tables -fno-asynchronous-unwind-tables -ffunction-sections -fdata-sections -O2 -fomit-frame-pointer -pipe -Os -isysroot/Library/Developer/CommandLineTools/SDKs/MacOSX15.sdk -arch arm64 -arch x86_64  -c -o src/libstddjb/open_excl.lo src/libstddjb/open_excl.c
exec /usr/bin/clang -D_POSIX_C_SOURCE=200809L -D_XOPEN_SOURCE=700 -Isrc/include -fPIC -Werror=implicit-function-declaration -Werror=implicit-int -Werror=pointer-sign -Werror=pointer-arith -Werror=incompatible-pointer-types -Werror=unguarded-availability -Wno-unused-value -Wno-parentheses -I/private/tmp/mp-skarnet.BQSnVP/prefix/include -isysroot/Library/Developer/CommandLineTools/SDKs/MacOSX15.sdk -pipe -Wall -std=c99 -fno-exceptions -fno-unwind-tables -fno-asynchronous-unwind-tables -ffunction-sections -fdata-sections -O2 -fomit-frame-pointer -pipe -Os -isysroot/Library/Developer/CommandLineTools/SDKs/MacOSX15.sdk -arch arm64 -arch x86_64  -c -o src/libstddjb/open_read.lo src/libstddjb/open_read.c
exec /usr/bin/clang -D_POSIX_C_SOURCE=200809L -D_XOPEN_SOURCE=700 -Isrc/include -fPIC -Werror=implicit-function-declaration -Werror=implicit-int -Werror=pointer-sign -Werror=pointer-arith -Werror=incompatible-pointer-types -Werror=unguarded-availability -Wno-unused-value -Wno-parentheses -I/private/tmp/mp-skarnet.BQSnVP/prefix/include -isysroot/Library/Developer/CommandLineTools/SDKs/MacOSX15.sdk -pipe -Wall -std=c99 -fno-exceptions -fno-unwind-tables -fno-asynchronous-unwind-tables -ffunction-sections -fdata-sections -O2 -fomit-frame-pointer -pipe -Os -isysroot/Library/Developer/CommandLineTools/SDKs/MacOSX15.sdk -arch arm64 -arch x86_64  -c -o src/libstddjb/open_readb.lo src/libstddjb/open_readb.c
exec /usr/bin/clang -D_POSIX_C_SOURCE=200809L -D_XOPEN_SOURCE=700 -Isrc/include -fPIC -Werror=implicit-function-declaration -Werror=implicit-int -Werror=pointer-sign -Werror=pointer-arith -Werror=incompatible-pointer-types -Werror=unguarded-availability -Wno-unused-value -Wno-parentheses -I/private/tmp/mp-skarnet.BQSnVP/prefix/include -isysroot/Library/Developer/CommandLineTools/SDKs/MacOSX15.sdk -pipe -Wall -std=c99 -fno-exceptions -fno-unwind-tables -fno-asynchronous-unwind-tables -ffunction-sections -fdata-sections -O2 -fomit-frame-pointer -pipe -Os -isysroot/Library/Developer/CommandLineTools/SDKs/MacOSX15.sdk -arch arm64 -arch x86_64  -c -o src/libstddjb/open_trunc.lo src/libstddjb/open_trunc.c
exec /usr/bin/clang -D_POSIX_C_SOURCE=200809L -D_XOPEN_SOURCE=700 -Isrc/include -fPIC -Werror=implicit-function-declaration -Werror=implicit-int -Werror=pointer-sign -Werror=pointer-arith -Werror=incompatible-pointer-types -Werror=unguarded-availability -Wno-unused-value -Wno-parentheses -I/private/tmp/mp-skarnet.BQSnVP/prefix/include -isysroot/Library/Developer/CommandLineTools/SDKs/MacOSX15.sdk -pipe -Wall -std=c99 -fno-exceptions -fno-unwind-tables -fno-asynchronous-unwind-tables -ffunction-sections -fdata-sections -O2 -fomit-frame-pointer -pipe -Os -isysroot/Library/Developer/CommandLineTools/SDKs/MacOSX15.sdk -arch arm64 -arch x86_64  -c -o src/libstddjb/open_write.lo src/libstddjb/open_write.c
exec /usr/bin/clang -D_POSIX_C_SOURCE=200809L -D_XOPEN_SOURCE=700 -Isrc/include -fPIC -Werror=implicit-function-declaration -Werror=implicit-int -Werror=pointer-sign -Werror=pointer-arith -Werror=incompatible-pointer-types -Werror=unguarded-availability -Wno-unused-value -Wno-parentheses -I/private/tmp/mp-skarnet.BQSnVP/prefix/include -isysroot/Library/Developer/CommandLineTools/SDKs/MacOSX15.sdk -pipe -Wall -std=c99 -fno-exceptions -fno-unwind-tables -fno-asynchronous-unwind-tables -ffunction-sections -fdata-sections -O2 -fomit-frame-pointer -pipe -Os -isysroot/Library/Developer/CommandLineTools/SDKs/MacOSX15.sdk -arch arm64 -arch x86_64  -c -o src/libstddjb/openb_read.lo src/libstddjb/openb_read.c
exec /usr/bin/clang -D_POSIX_C_SOURCE=200809L -D_XOPEN_SOURCE=700 -Isrc/include -fPIC -Werror=implicit-function-declaration -Werror=implicit-int -Werror=pointer-sign -Werror=pointer-arith -Werror=incompatible-pointer-types -Werror=unguarded-availability -Wno-unused-value -Wno-parentheses -I/private/tmp/mp-skarnet.BQSnVP/prefix/include -isysroot/Library/Developer/CommandLineTools/SDKs/MacOSX15.sdk -pipe -Wall -std=c99 -fno-exceptions -fno-unwind-tables -fno-asynchronous-unwind-tables -ffunction-sections -fdata-sections -O2 -fomit-frame-pointer -pipe -Os -isysroot/Library/Developer/CommandLineTools/SDKs/MacOSX15.sdk -arch arm64 -arch x86_64  -c -o src/libstddjb/openbc_read.lo src/libstddjb/openbc_read.c
exec /usr/bin/clang -D_POSIX_C_SOURCE=200809L -D_XOPEN_SOURCE=700 -Isrc/include -fPIC -Werror=implicit-function-declaration -Werror=implicit-int -Werror=pointer-sign -Werror=pointer-arith -Werror=incompatible-pointer-types -Werror=unguarded-availability -Wno-unused-value -Wno-parentheses -I/private/tmp/mp-skarnet.BQSnVP/prefix/include -isysroot/Library/Developer/CommandLineTools/SDKs/MacOSX15.sdk -pipe -Wall -std=c99 -fno-exceptions -fno-unwind-tables -fno-asynchronous-unwind-tables -ffunction-sections -fdata-sections -O2 -fomit-frame-pointer -pipe -Os -isysroot/Library/Developer/CommandLineTools/SDKs/MacOSX15.sdk -arch arm64 -arch x86_64  -c -o src/libstddjb/openc_append.lo src/libstddjb/openc_append.c
exec /usr/bin/clang -D_POSIX_C_SOURCE=200809L -D_XOPEN_SOURCE=700 -Isrc/include -fPIC -Werror=implicit-function-declaration -Werror=implicit-int -Werror=pointer-sign -Werror=pointer-arith -Werror=incompatible-pointer-types -Werror=unguarded-availability -Wno-unused-value -Wno-parentheses -I/private/tmp/mp-skarnet.BQSnVP/prefix/include -isysroot/Library/Developer/CommandLineTools/SDKs/MacOSX15.sdk -pipe -Wall -std=c99 -fno-exceptions -fno-unwind-tables -fno-asynchronous-unwind-tables -ffunction-sections -fdata-sections -O2 -fomit-frame-pointer -pipe -Os -isysroot/Library/Developer/CommandLineTools/SDKs/MacOSX15.sdk -arch arm64 -arch x86_64  -c -o src/libstddjb/openc_create.lo src/libstddjb/openc_create.c
exec /usr/bin/clang -D_POSIX_C_SOURCE=200809L -D_XOPEN_SOURCE=700 -Isrc/include -fPIC -Werror=implicit-function-declaration -Werror=implicit-int -Werror=pointer-sign -Werror=pointer-arith -Werror=incompatible-pointer-types -Werror=unguarded-availability -Wno-unused-value -Wno-parentheses -I/private/tmp/mp-skarnet.BQSnVP/prefix/include -isysroot/Library/Developer/CommandLineTools/SDKs/MacOSX15.sdk -pipe -Wall -std=c99 -fno-exceptions -fno-unwind-tables -fno-asynchronous-unwind-tables -ffunction-sections -fdata-sections -O2 -fomit-frame-pointer -pipe -Os -isysroot/Library/Developer/CommandLineTools/SDKs/MacOSX15.sdk -arch arm64 -arch x86_64  -c -o src/libstddjb/openc_excl.lo src/libstddjb/openc_excl.c
exec /usr/bin/clang -D_POSIX_C_SOURCE=200809L -D_XOPEN_SOURCE=700 -Isrc/include -fPIC -Werror=implicit-function-declaration -Werror=implicit-int -Werror=pointer-sign -Werror=pointer-arith -Werror=incompatible-pointer-types -Werror=unguarded-availability -Wno-unused-value -Wno-parentheses -I/private/tmp/mp-skarnet.BQSnVP/prefix/include -isysroot/Library/Developer/CommandLineTools/SDKs/MacOSX15.sdk -pipe -Wall -std=c99 -fno-exceptions -fno-unwind-tables -fno-asynchronous-unwind-tables -ffunction-sections -fdata-sections -O2 -fomit-frame-pointer -pipe -Os -isysroot/Library/Developer/CommandLineTools/SDKs/MacOSX15.sdk -arch arm64 -arch x86_64  -c -o src/libstddjb/openc_read.lo src/libstddjb/openc_read.c
exec /usr/bin/clang -D_POSIX_C_SOURCE=200809L -D_XOPEN_SOURCE=700 -Isrc/include -fPIC -Werror=implicit-function-declaration -Werror=implicit-int -Werror=pointer-sign -Werror=pointer-arith -Werror=incompatible-pointer-types -Werror=unguarded-availability -Wno-unused-value -Wno-parentheses -I/private/tmp/mp-skarnet.BQSnVP/prefix/include -isysroot/Library/Developer/CommandLineTools/SDKs/MacOSX15.sdk -pipe -Wall -std=c99 -fno-exceptions -fno-unwind-tables -fno-asynchronous-unwind-tables -ffunction-sections -fdata-sections -O2 -fomit-frame-pointer -pipe -Os -isysroot/Library/Developer/CommandLineTools/SDKs/MacOSX15.sdk -arch arm64 -arch x86_64  -c -o src/libstddjb/openc_readb.lo src/libstddjb/openc_readb.c
exec /usr/bin/clang -D_POSIX_C_SOURCE=200809L -D_XOPEN_SOURCE=700 -Isrc/include -fPIC -Werror=implicit-function-declaration -Werror=implicit-int -Werror=pointer-sign -Werror=pointer-arith -Werror=incompatible-pointer-types -Werror=unguarded-availability -Wno-unused-value -Wno-parentheses -I/private/tmp/mp-skarnet.BQSnVP/prefix/include -isysroot/Library/Developer/CommandLineTools/SDKs/MacOSX15.sdk -pipe -Wall -std=c99 -fno-exceptions -fno-unwind-tables -fno-asynchronous-unwind-tables -ffunction-sections -fdata-sections -O2 -fomit-frame-pointer -pipe -Os -isysroot/Library/Developer/CommandLineTools/SDKs/MacOSX15.sdk -arch arm64 -arch x86_64  -c -o src/libstddjb/openc_trunc.lo src/libstddjb/openc_trunc.c
exec /usr/bin/clang -D_POSIX_C_SOURCE=200809L -D_XOPEN_SOURCE=700 -Isrc/include -fPIC -Werror=implicit-function-declaration -Werror=implicit-int -Werror=pointer-sign -Werror=pointer-arith -Werror=incompatible-pointer-types -Werror=unguarded-availability -Wno-unused-value -Wno-parentheses -I/private/tmp/mp-skarnet.BQSnVP/prefix/include -isysroot/Library/Developer/CommandLineTools/SDKs/MacOSX15.sdk -pipe -Wall -std=c99 -fno-exceptions -fno-unwind-tables -fno-asynchronous-unwind-tables -ffunction-sections -fdata-sections -O2 -fomit-frame-pointer -pipe -Os -isysroot/Library/Developer/CommandLineTools/SDKs/MacOSX15.sdk -arch arm64 -arch x86_64  -c -o src/libstddjb/openc_write.lo src/libstddjb/openc_write.c
exec /usr/bin/clang -D_POSIX_C_SOURCE=200809L -D_XOPEN_SOURCE=700 -Isrc/include -fPIC -Werror=implicit-function-declaration -Werror=implicit-int -Werror=pointer-sign -Werror=pointer-arith -Werror=incompatible-pointer-types -Werror=unguarded-availability -Wno-unused-value -Wno-parentheses -I/private/tmp/mp-skarnet.BQSnVP/prefix/include -isysroot/Library/Developer/CommandLineTools/SDKs/MacOSX15.sdk -pipe -Wall -std=c99 -fno-exceptions -fno-unwind-tables -fno-asynchronous-unwind-tables -ffunction-sections -fdata-sections -O2 -fomit-frame-pointer -pipe -Os -isysroot/Library/Developer/CommandLineTools/SDKs/MacOSX15.sdk -arch arm64 -arch x86_64  -c -o src/libstddjb/openreadfileclose.lo src/libstddjb/openreadfileclose.c
exec /usr/bin/clang -D_POSIX_C_SOURCE=200809L -D_XOPEN_SOURCE=700 -Isrc/include -fPIC -Werror=implicit-function-declaration -Werror=implicit-int -Werror=pointer-sign -Werror=pointer-arith -Werror=incompatible-pointer-types -Werror=unguarded-availability -Wno-unused-value -Wno-parentheses -I/private/tmp/mp-skarnet.BQSnVP/prefix/include -isysroot/Library/Developer/CommandLineTools/SDKs/MacOSX15.sdk -pipe -Wall -std=c99 -fno-exceptions -fno-unwind-tables -fno-asynchronous-unwind-tables -ffunction-sections -fdata-sections -O2 -fomit-frame-pointer -pipe -Os -isysroot/Library/Developer/CommandLineTools/SDKs/MacOSX15.sdk -arch arm64 -arch x86_64  -c -o src/libstddjb/openreadnclose.lo src/libstddjb/openreadnclose.c
exec /usr/bin/clang -D_POSIX_C_SOURCE=200809L -D_XOPEN_SOURCE=700 -Isrc/include -fPIC -Werror=implicit-function-declaration -Werror=implicit-int -Werror=pointer-sign -Werror=pointer-arith -Werror=incompatible-pointer-types -Werror=unguarded-availability -Wno-unused-value -Wno-parentheses -I/private/tmp/mp-skarnet.BQSnVP/prefix/include -isysroot/Library/Developer/CommandLineTools/SDKs/MacOSX15.sdk -pipe -Wall -std=c99 -fno-exceptions -fno-unwind-tables -fno-asynchronous-unwind-tables -ffunction-sections -fdata-sections -O2 -fomit-frame-pointer -pipe -Os -isysroot/Library/Developer/CommandLineTools/SDKs/MacOSX15.sdk -arch arm64 -arch x86_64  -c -o src/libstddjb/openreadnclose_nb.lo src/libstddjb/openreadnclose_nb.c
exec /usr/bin/clang -D_POSIX_C_SOURCE=200809L -D_XOPEN_SOURCE=700 -Isrc/include -fPIC -Werror=implicit-function-declaration -Werror=implicit-int -Werror=pointer-sign -Werror=pointer-arith -Werror=incompatible-pointer-types -Werror=unguarded-availability -Wno-unused-value -Wno-parentheses -I/private/tmp/mp-skarnet.BQSnVP/prefix/include -isysroot/Library/Developer/CommandLineTools/SDKs/MacOSX15.sdk -pipe -Wall -std=c99 -fno-exceptions -fno-unwind-tables -fno-asynchronous-unwind-tables -ffunction-sections -fdata-sections -O2 -fomit-frame-pointer -pipe -Os -isysroot/Library/Developer/CommandLineTools/SDKs/MacOSX15.sdk -arch arm64 -arch x86_64  -c -o src/libstddjb/openslurpnclose.lo src/libstddjb/openslurpnclose.c
exec /usr/bin/clang -D_POSIX_C_SOURCE=200809L -D_XOPEN_SOURCE=700 -Isrc/include -fPIC -Werror=implicit-function-declaration -Werror=implicit-int -Werror=pointer-sign -Werror=pointer-arith -Werror=incompatible-pointer-types -Werror=unguarded-availability -Wno-unused-value -Wno-parentheses -I/private/tmp/mp-skarnet.BQSnVP/prefix/include -isysroot/Library/Developer/CommandLineTools/SDKs/MacOSX15.sdk -pipe -Wall -std=c99 -fno-exceptions -fno-unwind-tables -fno-asynchronous-unwind-tables -ffunction-sections -fdata-sections -O2 -fomit-frame-pointer -pipe -Os -isysroot/Library/Developer/CommandLineTools/SDKs/MacOSX15.sdk -arch arm64 -arch x86_64  -c -o src/libstddjb/openwritenclose5.lo src/libstddjb/openwritenclose5.c
exec /usr/bin/clang -D_POSIX_C_SOURCE=200809L -D_XOPEN_SOURCE=700 -Isrc/include -fPIC -Werror=implicit-function-declaration -Werror=implicit-int -Werror=pointer-sign -Werror=pointer-arith -Werror=incompatible-pointer-types -Werror=unguarded-availability -Wno-unused-value -Wno-parentheses -I/private/tmp/mp-skarnet.BQSnVP/prefix/include -isysroot/Library/Developer/CommandLineTools/SDKs/MacOSX15.sdk -pipe -Wall -std=c99 -fno-exceptions -fno-unwind-tables -fno-asynchronous-unwind-tables -ffunction-sections -fdata-sections -O2 -fomit-frame-pointer -pipe -Os -isysroot/Library/Developer/CommandLineTools/SDKs/MacOSX15.sdk -arch arm64 -arch x86_64  -c -o src/libstddjb/openwritenclose_suffix6.lo src/libstddjb/openwritenclose_suffix6.c
exec /usr/bin/clang -D_POSIX_C_SOURCE=200809L -D_XOPEN_SOURCE=700 -Isrc/include -fPIC -Werror=implicit-function-declaration -Werror=implicit-int -Werror=pointer-sign -Werror=pointer-arith -Werror=incompatible-pointer-types -Werror=unguarded-availability -Wno-unused-value -Wno-parentheses -I/private/tmp/mp-skarnet.BQSnVP/prefix/include -isysroot/Library/Developer/CommandLineTools/SDKs/MacOSX15.sdk -pipe -Wall -std=c99 -fno-exceptions -fno-unwind-tables -fno-asynchronous-unwind-tables -ffunction-sections -fdata-sections -O2 -fomit-frame-pointer -pipe -Os -isysroot/Library/Developer/CommandLineTools/SDKs/MacOSX15.sdk -arch arm64 -arch x86_64  -c -o src/libstddjb/openwritenclose_unsafe5.lo src/libstddjb/openwritenclose_unsafe5.c
exec /usr/bin/clang -D_POSIX_C_SOURCE=200809L -D_XOPEN_SOURCE=700 -Isrc/include -fPIC -Werror=implicit-function-declaration -Werror=implicit-int -Werror=pointer-sign -Werror=pointer-arith -Werror=incompatible-pointer-types -Werror=unguarded-availability -Wno-unused-value -Wno-parentheses -I/private/tmp/mp-skarnet.BQSnVP/prefix/include -isysroot/Library/Developer/CommandLineTools/SDKs/MacOSX15.sdk -pipe -Wall -std=c99 -fno-exceptions -fno-unwind-tables -fno-asynchronous-unwind-tables -ffunction-sections -fdata-sections -O2 -fomit-frame-pointer -pipe -Os -isysroot/Library/Developer/CommandLineTools/SDKs/MacOSX15.sdk -arch arm64 -arch x86_64  -c -o src/libstddjb/openwritevnclose5.lo src/libstddjb/openwritevnclose5.c
exec /usr/bin/clang -D_POSIX_C_SOURCE=200809L -D_XOPEN_SOURCE=700 -Isrc/include -fPIC -Werror=implicit-function-declaration -Werror=implicit-int -Werror=pointer-sign -Werror=pointer-arith -Werror=incompatible-pointer-types -Werror=unguarded-availability -Wno-unused-value -Wno-parentheses -I/private/tmp/mp-skarnet.BQSnVP/prefix/include -isysroot/Library/Developer/CommandLineTools/SDKs/MacOSX15.sdk -pipe -Wall -std=c99 -fno-exceptions -fno-unwind-tables -fno-asynchronous-unwind-tables -ffunction-sections -fdata-sections -O2 -fomit-frame-pointer -pipe -Os -isysroot/Library/Developer/CommandLineTools/SDKs/MacOSX15.sdk -arch arm64 -arch x86_64  -c -o src/libstddjb/openwritevnclose_suffix6.lo src/libstddjb/openwritevnclose_suffix6.c
exec /usr/bin/clang -D_POSIX_C_SOURCE=200809L -D_XOPEN_SOURCE=700 -Isrc/include -fPIC -Werror=implicit-function-declaration -Werror=implicit-int -Werror=pointer-sign -Werror=pointer-arith -Werror=incompatible-pointer-types -Werror=unguarded-availability -Wno-unused-value -Wno-parentheses -I/private/tmp/mp-skarnet.BQSnVP/prefix/include -isysroot/Library/Developer/CommandLineTools/SDKs/MacOSX15.sdk -pipe -Wall -std=c99 -fno-exceptions -fno-unwind-tables -fno-asynchronous-unwind-tables -ffunction-sections -fdata-sections -O2 -fomit-frame-pointer -pipe -Os -isysroot/Library/Developer/CommandLineTools/SDKs/MacOSX15.sdk -arch arm64 -arch x86_64  -c -o src/libstddjb/openwritevnclose_unsafe5.lo src/libstddjb/openwritevnclose_unsafe5.c
exec /usr/bin/clang -D_POSIX_C_SOURCE=200809L -D_XOPEN_SOURCE=700 -Isrc/include -fPIC -Werror=implicit-function-declaration -Werror=implicit-int -Werror=pointer-sign -Werror=pointer-arith -Werror=incompatible-pointer-types -Werror=unguarded-availability -Wno-unused-value -Wno-parentheses -I/private/tmp/mp-skarnet.BQSnVP/prefix/include -isysroot/Library/Developer/CommandLineTools/SDKs/MacOSX15.sdk -pipe -Wall -std=c99 -fno-exceptions -fno-unwind-tables -fno-asynchronous-unwind-tables -ffunction-sections -fdata-sections -O2 -fomit-frame-pointer -pipe -Os -isysroot/Library/Developer/CommandLineTools/SDKs/MacOSX15.sdk -arch arm64 -arch x86_64  -c -o src/libstddjb/path_canonicalize.lo src/libstddjb/path_canonicalize.c
exec /usr/bin/clang -D_POSIX_C_SOURCE=200809L -D_XOPEN_SOURCE=700 -Isrc/include -fPIC -Werror=implicit-function-declaration -Werror=implicit-int -Werror=pointer-sign -Werror=pointer-arith -Werror=incompatible-pointer-types -Werror=unguarded-availability -Wno-unused-value -Wno-parentheses -I/private/tmp/mp-skarnet.BQSnVP/prefix/include -isysroot/Library/Developer/CommandLineTools/SDKs/MacOSX15.sdk -pipe -Wall -std=c99 -fno-exceptions -fno-unwind-tables -fno-asynchronous-unwind-tables -ffunction-sections -fdata-sections -O2 -fomit-frame-pointer -pipe -Os -isysroot/Library/Developer/CommandLineTools/SDKs/MacOSX15.sdk -arch arm64 -arch x86_64  -c -o src/libstddjb/pipe_internal.lo src/libstddjb/pipe_internal.c
exec /usr/bin/clang -D_POSIX_C_SOURCE=200809L -D_XOPEN_SOURCE=700 -Isrc/include -fPIC -Werror=implicit-function-declaration -Werror=implicit-int -Werror=pointer-sign -Werror=pointer-arith -Werror=incompatible-pointer-types -Werror=unguarded-availability -Wno-unused-value -Wno-parentheses -I/private/tmp/mp-skarnet.BQSnVP/prefix/include -isysroot/Library/Developer/CommandLineTools/SDKs/MacOSX15.sdk -pipe -Wall -std=c99 -fno-exceptions -fno-unwind-tables -fno-asynchronous-unwind-tables -ffunction-sections -fdata-sections -O2 -fomit-frame-pointer -pipe -Os -isysroot/Library/Developer/CommandLineTools/SDKs/MacOSX15.sdk -arch arm64 -arch x86_64  -c -o src/libstddjb/readnclose.lo src/libstddjb/readnclose.c
exec /usr/bin/clang -D_POSIX_C_SOURCE=200809L -D_XOPEN_SOURCE=700 -Isrc/include -fPIC -Werror=implicit-function-declaration -Werror=implicit-int -Werror=pointer-sign -Werror=pointer-arith -Werror=incompatible-pointer-types -Werror=unguarded-availability -Wno-unused-value -Wno-parentheses -I/private/tmp/mp-skarnet.BQSnVP/prefix/include -isysroot/Library/Developer/CommandLineTools/SDKs/MacOSX15.sdk -pipe -Wall -std=c99 -fno-exceptions -fno-unwind-tables -fno-asynchronous-unwind-tables -ffunction-sections -fdata-sections -O2 -fomit-frame-pointer -pipe -Os -isysroot/Library/Developer/CommandLineTools/SDKs/MacOSX15.sdk -arch arm64 -arch x86_64  -c -o src/libstddjb/rm_rf.lo src/libstddjb/rm_rf.c
exec /usr/bin/clang -D_POSIX_C_SOURCE=200809L -D_XOPEN_SOURCE=700 -Isrc/include -fPIC -Werror=implicit-function-declaration -Werror=implicit-int -Werror=pointer-sign -Werror=pointer-arith -Werror=incompatible-pointer-types -Werror=unguarded-availability -Wno-unused-value -Wno-parentheses -I/private/tmp/mp-skarnet.BQSnVP/prefix/include -isysroot/Library/Developer/CommandLineTools/SDKs/MacOSX15.sdk -pipe -Wall -std=c99 -fno-exceptions -fno-unwind-tables -fno-asynchronous-unwind-tables -ffunction-sections -fdata-sections -O2 -fomit-frame-pointer -pipe -Os -isysroot/Library/Developer/CommandLineTools/SDKs/MacOSX15.sdk -arch arm64 -arch x86_64  -c -o src/libstddjb/rm_rf_in_tmp.lo src/libstddjb/rm_rf_in_tmp.c
exec /usr/bin/clang -D_POSIX_C_SOURCE=200809L -D_XOPEN_SOURCE=700 -Isrc/include -fPIC -Werror=implicit-function-declaration -Werror=implicit-int -Werror=pointer-sign -Werror=pointer-arith -Werror=incompatible-pointer-types -Werror=unguarded-availability -Wno-unused-value -Wno-parentheses -I/private/tmp/mp-skarnet.BQSnVP/prefix/include -isysroot/Library/Developer/CommandLineTools/SDKs/MacOSX15.sdk -pipe -Wall -std=c99 -fno-exceptions -fno-unwind-tables -fno-asynchronous-unwind-tables -ffunction-sections -fdata-sections -O2 -fomit-frame-pointer -pipe -Os -isysroot/Library/Developer/CommandLineTools/SDKs/MacOSX15.sdk -arch arm64 -arch x86_64  -c -o src/libstddjb/rm_rf_tmp.lo src/libstddjb/rm_rf_tmp.c
exec /usr/bin/clang -D_POSIX_C_SOURCE=200809L -D_XOPEN_SOURCE=700 -Isrc/include -fPIC -Werror=implicit-function-declaration -Werror=implicit-int -Werror=pointer-sign -Werror=pointer-arith -Werror=incompatible-pointer-types -Werror=unguarded-availability -Wno-unused-value -Wno-parentheses -I/private/tmp/mp-skarnet.BQSnVP/prefix/include -isysroot/Library/Developer/CommandLineTools/SDKs/MacOSX15.sdk -pipe -Wall -std=c99 -fno-exceptions -fno-unwind-tables -fno-asynchronous-unwind-tables -ffunction-sections -fdata-sections -O2 -fomit-frame-pointer -pipe -Os -isysroot/Library/Developer/CommandLineTools/SDKs/MacOSX15.sdk -arch arm64 -arch x86_64  -c -o src/libstddjb/rmstar.lo src/libstddjb/rmstar.c
exec /usr/bin/clang -D_POSIX_C_SOURCE=200809L -D_XOPEN_SOURCE=700 -Isrc/include -fPIC -Werror=implicit-function-declaration -Werror=implicit-int -Werror=pointer-sign -Werror=pointer-arith -Werror=incompatible-pointer-types -Werror=unguarded-availability -Wno-unused-value -Wno-parentheses -I/private/tmp/mp-skarnet.BQSnVP/prefix/include -isysroot/Library/Developer/CommandLineTools/SDKs/MacOSX15.sdk -pipe -Wall -std=c99 -fno-exceptions -fno-unwind-tables -fno-asynchronous-unwind-tables -ffunction-sections -fdata-sections -O2 -fomit-frame-pointer -pipe -Os -isysroot/Library/Developer/CommandLineTools/SDKs/MacOSX15.sdk -arch arm64 -arch x86_64  -c -o src/libstddjb/sabasename.lo src/libstddjb/sabasename.c
exec /usr/bin/clang -D_POSIX_C_SOURCE=200809L -D_XOPEN_SOURCE=700 -Isrc/include -fPIC -Werror=implicit-function-declaration -Werror=implicit-int -Werror=pointer-sign -Werror=pointer-arith -Werror=incompatible-pointer-types -Werror=unguarded-availability -Wno-unused-value -Wno-parentheses -I/private/tmp/mp-skarnet.BQSnVP/prefix/include -isysroot/Library/Developer/CommandLineTools/SDKs/MacOSX15.sdk -pipe -Wall -std=c99 -fno-exceptions -fno-unwind-tables -fno-asynchronous-unwind-tables -ffunction-sections -fdata-sections -O2 -fomit-frame-pointer -pipe -Os -isysroot/Library/Developer/CommandLineTools/SDKs/MacOSX15.sdk -arch arm64 -arch x86_64  -c -o src/libstddjb/sadirname.lo src/libstddjb/sadirname.c
exec /usr/bin/clang -D_POSIX_C_SOURCE=200809L -D_XOPEN_SOURCE=700 -Isrc/include -fPIC -Werror=implicit-function-declaration -Werror=implicit-int -Werror=pointer-sign -Werror=pointer-arith -Werror=incompatible-pointer-types -Werror=unguarded-availability -Wno-unused-value -Wno-parentheses -I/private/tmp/mp-skarnet.BQSnVP/prefix/include -isysroot/Library/Developer/CommandLineTools/SDKs/MacOSX15.sdk -pipe -Wall -std=c99 -fno-exceptions -fno-unwind-tables -fno-asynchronous-unwind-tables -ffunction-sections -fdata-sections -O2 -fomit-frame-pointer -pipe -Os -isysroot/Library/Developer/CommandLineTools/SDKs/MacOSX15.sdk -arch arm64 -arch x86_64  -c -o src/libstddjb/sagetcwd.lo src/libstddjb/sagetcwd.c
exec /usr/bin/clang -D_POSIX_C_SOURCE=200809L -D_XOPEN_SOURCE=700 -Isrc/include -fPIC -Werror=implicit-function-declaration -Werror=implicit-int -Werror=pointer-sign -Werror=pointer-arith -Werror=incompatible-pointer-types -Werror=unguarded-availability -Wno-unused-value -Wno-parentheses -I/private/tmp/mp-skarnet.BQSnVP/prefix/include -isysroot/Library/Developer/CommandLineTools/SDKs/MacOSX15.sdk -pipe -Wall -std=c99 -fno-exceptions -fno-unwind-tables -fno-asynchronous-unwind-tables -ffunction-sections -fdata-sections -O2 -fomit-frame-pointer -pipe -Os -isysroot/Library/Developer/CommandLineTools/SDKs/MacOSX15.sdk -arch arm64 -arch x86_64  -c -o src/libstddjb/sagetexecname.lo src/libstddjb/sagetexecname.c
exec /usr/bin/clang -D_POSIX_C_SOURCE=200809L -D_XOPEN_SOURCE=700 -Isrc/include -fPIC -Werror=implicit-function-declaration -Werror=implicit-int -Werror=pointer-sign -Werror=pointer-arith -Werror=incompatible-pointer-types -Werror=unguarded-availability -Wno-unused-value -Wno-parentheses -I/private/tmp/mp-skarnet.BQSnVP/prefix/include -isysroot/Library/Developer/CommandLineTools/SDKs/MacOSX15.sdk -pipe -Wall -std=c99 -fno-exceptions -fno-unwind-tables -fno-asynchronous-unwind-tables -ffunction-sections -fdata-sections -O2 -fomit-frame-pointer -pipe -Os -isysroot/Library/Developer/CommandLineTools/SDKs/MacOSX15.sdk -arch arm64 -arch x86_64  -c -o src/libstddjb/sagethostname.lo src/libstddjb/sagethostname.c
exec /usr/bin/clang -D_POSIX_C_SOURCE=200809L -D_XOPEN_SOURCE=700 -Isrc/include -fPIC -Werror=implicit-function-declaration -Werror=implicit-int -Werror=pointer-sign -Werror=pointer-arith -Werror=incompatible-pointer-types -Werror=unguarded-availability -Wno-unused-value -Wno-parentheses -I/private/tmp/mp-skarnet.BQSnVP/prefix/include -isysroot/Library/Developer/CommandLineTools/SDKs/MacOSX15.sdk -pipe -Wall -std=c99 -fno-exceptions -fno-unwind-tables -fno-asynchronous-unwind-tables -ffunction-sections -fdata-sections -O2 -fomit-frame-pointer -pipe -Os -isysroot/Library/Developer/CommandLineTools/SDKs/MacOSX15.sdk -arch arm64 -arch x86_64  -c -o src/libstddjb/sals.lo src/libstddjb/sals.c
exec /usr/bin/clang -D_POSIX_C_SOURCE=200809L -D_XOPEN_SOURCE=700 -Isrc/include -fPIC -Werror=implicit-function-declaration -Werror=implicit-int -Werror=pointer-sign -Werror=pointer-arith -Werror=incompatible-pointer-types -Werror=unguarded-availability -Wno-unused-value -Wno-parentheses -I/private/tmp/mp-skarnet.BQSnVP/prefix/include -isysroot/Library/Developer/CommandLineTools/SDKs/MacOSX15.sdk -pipe -Wall -std=c99 -fno-exceptions -fno-unwind-tables -fno-asynchronous-unwind-tables -ffunction-sections -fdata-sections -O2 -fomit-frame-pointer -pipe -Os -isysroot/Library/Developer/CommandLineTools/SDKs/MacOSX15.sdk -arch arm64 -arch x86_64  -c -o src/libstddjb/sanitize_read.lo src/libstddjb/sanitize_read.c
exec /usr/bin/clang -D_POSIX_C_SOURCE=200809L -D_XOPEN_SOURCE=700 -Isrc/include -fPIC -Werror=implicit-function-declaration -Werror=implicit-int -Werror=pointer-sign -Werror=pointer-arith -Werror=incompatible-pointer-types -Werror=unguarded-availability -Wno-unused-value -Wno-parentheses -I/private/tmp/mp-skarnet.BQSnVP/prefix/include -isysroot/Library/Developer/CommandLineTools/SDKs/MacOSX15.sdk -pipe -Wall -std=c99 -fno-exceptions -fno-unwind-tables -fno-asynchronous-unwind-tables -ffunction-sections -fdata-sections -O2 -fomit-frame-pointer -pipe -Os -isysroot/Library/Developer/CommandLineTools/SDKs/MacOSX15.sdk -arch arm64 -arch x86_64  -c -o src/libstddjb/sareadlink.lo src/libstddjb/sareadlink.c
exec /usr/bin/clang -D_POSIX_C_SOURCE=200809L -D_XOPEN_SOURCE=700 -Isrc/include -fPIC -Werror=implicit-function-declaration -Werror=implicit-int -Werror=pointer-sign -Werror=pointer-arith -Werror=incompatible-pointer-types -Werror=unguarded-availability -Wno-unused-value -Wno-parentheses -I/private/tmp/mp-skarnet.BQSnVP/prefix/include -isysroot/Library/Developer/CommandLineTools/SDKs/MacOSX15.sdk -pipe -Wall -std=c99 -fno-exceptions -fno-unwind-tables -fno-asynchronous-unwind-tables -ffunction-sections -fdata-sections -O2 -fomit-frame-pointer -pipe -Os -isysroot/Library/Developer/CommandLineTools/SDKs/MacOSX15.sdk -arch arm64 -arch x86_64  -c -o src/libstddjb/sarealpath.lo src/libstddjb/sarealpath.c
exec /usr/bin/clang -D_POSIX_C_SOURCE=200809L -D_XOPEN_SOURCE=700 -Isrc/include -fPIC -Werror=implicit-function-declaration -Werror=implicit-int -Werror=pointer-sign -Werror=pointer-arith -Werror=incompatible-pointer-types -Werror=unguarded-availability -Wno-unused-value -Wno-parentheses -I/private/tmp/mp-skarnet.BQSnVP/prefix/include -isysroot/Library/Developer/CommandLineTools/SDKs/MacOSX15.sdk -pipe -Wall -std=c99 -fno-exceptions -fno-unwind-tables -fno-asynchronous-unwind-tables -ffunction-sections -fdata-sections -O2 -fomit-frame-pointer -pipe -Os -isysroot/Library/Developer/CommandLineTools/SDKs/MacOSX15.sdk -arch arm64 -arch x86_64  -c -o src/libstddjb/satmp.lo src/libstddjb/satmp.c
exec /usr/bin/clang -D_POSIX_C_SOURCE=200809L -D_XOPEN_SOURCE=700 -Isrc/include -fPIC -Werror=implicit-function-declaration -Werror=implicit-int -Werror=pointer-sign -Werror=pointer-arith -Werror=incompatible-pointer-types -Werror=unguarded-availability -Wno-unused-value -Wno-parentheses -I/private/tmp/mp-skarnet.BQSnVP/prefix/include -isysroot/Library/Developer/CommandLineTools/SDKs/MacOSX15.sdk -pipe -Wall -std=c99 -fno-exceptions -fno-unwind-tables -fno-asynchronous-unwind-tables -ffunction-sections -fdata-sections -O2 -fomit-frame-pointer -pipe -Os -isysroot/Library/Developer/CommandLineTools/SDKs/MacOSX15.sdk -arch arm64 -arch x86_64  -c -o src/libstddjb/selfpipe.lo src/libstddjb/selfpipe.c
exec /usr/bin/clang -D_POSIX_C_SOURCE=200809L -D_XOPEN_SOURCE=700 -Isrc/include -fPIC -Werror=implicit-function-declaration -Werror=implicit-int -Werror=pointer-sign -Werror=pointer-arith -Werror=incompatible-pointer-types -Werror=unguarded-availability -Wno-unused-value -Wno-parentheses -I/private/tmp/mp-skarnet.BQSnVP/prefix/include -isysroot/Library/Developer/CommandLineTools/SDKs/MacOSX15.sdk -pipe -Wall -std=c99 -fno-exceptions -fno-unwind-tables -fno-asynchronous-unwind-tables -ffunction-sections -fdata-sections -O2 -fomit-frame-pointer -pipe -Os -isysroot/Library/Developer/CommandLineTools/SDKs/MacOSX15.sdk -arch arm64 -arch x86_64  -c -o src/libstddjb/sgetopt.lo src/libstddjb/sgetopt.c
exec /usr/bin/clang -D_POSIX_C_SOURCE=200809L -D_XOPEN_SOURCE=700 -Isrc/include -fPIC -Werror=implicit-function-declaration -Werror=implicit-int -Werror=pointer-sign -Werror=pointer-arith -Werror=incompatible-pointer-types -Werror=unguarded-availability -Wno-unused-value -Wno-parentheses -I/private/tmp/mp-skarnet.BQSnVP/prefix/include -isysroot/Library/Developer/CommandLineTools/SDKs/MacOSX15.sdk -pipe -Wall -std=c99 -fno-exceptions -fno-unwind-tables -fno-asynchronous-unwind-tables -ffunction-sections -fdata-sections -O2 -fomit-frame-pointer -pipe -Os -isysroot/Library/Developer/CommandLineTools/SDKs/MacOSX15.sdk -arch arm64 -arch x86_64  -c -o src/libstddjb/sig_altignore.lo src/libstddjb/sig_altignore.c
exec /usr/bin/clang -D_POSIX_C_SOURCE=200809L -D_XOPEN_SOURCE=700 -Isrc/include -fPIC -Werror=implicit-function-declaration -Werror=implicit-int -Werror=pointer-sign -Werror=pointer-arith -Werror=incompatible-pointer-types -Werror=unguarded-availability -Wno-unused-value -Wno-parentheses -I/private/tmp/mp-skarnet.BQSnVP/prefix/include -isysroot/Library/Developer/CommandLineTools/SDKs/MacOSX15.sdk -pipe -Wall -std=c99 -fno-exceptions -fno-unwind-tables -fno-asynchronous-unwind-tables -ffunction-sections -fdata-sections -O2 -fomit-frame-pointer -pipe -Os -isysroot/Library/Developer/CommandLineTools/SDKs/MacOSX15.sdk -arch arm64 -arch x86_64  -c -o src/libstddjb/sig_block.lo src/libstddjb/sig_block.c
exec /usr/bin/clang -D_POSIX_C_SOURCE=200809L -D_XOPEN_SOURCE=700 -Isrc/include -fPIC -Werror=implicit-function-declaration -Werror=implicit-int -Werror=pointer-sign -Werror=pointer-arith -Werror=incompatible-pointer-types -Werror=unguarded-availability -Wno-unused-value -Wno-parentheses -I/private/tmp/mp-skarnet.BQSnVP/prefix/include -isysroot/Library/Developer/CommandLineTools/SDKs/MacOSX15.sdk -pipe -Wall -std=c99 -fno-exceptions -fno-unwind-tables -fno-asynchronous-unwind-tables -ffunction-sections -fdata-sections -O2 -fomit-frame-pointer -pipe -Os -isysroot/Library/Developer/CommandLineTools/SDKs/MacOSX15.sdk -arch arm64 -arch x86_64  -c -o src/libstddjb/sig_blocknone.lo src/libstddjb/sig_blocknone.c
exec /usr/bin/clang -D_POSIX_C_SOURCE=200809L -D_XOPEN_SOURCE=700 -Isrc/include -fPIC -Werror=implicit-function-declaration -Werror=implicit-int -Werror=pointer-sign -Werror=pointer-arith -Werror=incompatible-pointer-types -Werror=unguarded-availability -Wno-unused-value -Wno-parentheses -I/private/tmp/mp-skarnet.BQSnVP/prefix/include -isysroot/Library/Developer/CommandLineTools/SDKs/MacOSX15.sdk -pipe -Wall -std=c99 -fno-exceptions -fno-unwind-tables -fno-asynchronous-unwind-tables -ffunction-sections -fdata-sections -O2 -fomit-frame-pointer -pipe -Os -isysroot/Library/Developer/CommandLineTools/SDKs/MacOSX15.sdk -arch arm64 -arch x86_64  -c -o src/libstddjb/sig_catch.lo src/libstddjb/sig_catch.c
exec /usr/bin/clang -D_POSIX_C_SOURCE=200809L -D_XOPEN_SOURCE=700 -Isrc/include -fPIC -Werror=implicit-function-declaration -Werror=implicit-int -Werror=pointer-sign -Werror=pointer-arith -Werror=incompatible-pointer-types -Werror=unguarded-availability -Wno-unused-value -Wno-parentheses -I/private/tmp/mp-skarnet.BQSnVP/prefix/include -isysroot/Library/Developer/CommandLineTools/SDKs/MacOSX15.sdk -pipe -Wall -std=c99 -fno-exceptions -fno-unwind-tables -fno-asynchronous-unwind-tables -ffunction-sections -fdata-sections -O2 -fomit-frame-pointer -pipe -Os -isysroot/Library/Developer/CommandLineTools/SDKs/MacOSX15.sdk -arch arm64 -arch x86_64  -c -o src/libstddjb/sig_name.lo src/libstddjb/sig_name.c
exec /usr/bin/clang -D_POSIX_C_SOURCE=200809L -D_XOPEN_SOURCE=700 -Isrc/include -fPIC -Werror=implicit-function-declaration -Werror=implicit-int -Werror=pointer-sign -Werror=pointer-arith -Werror=incompatible-pointer-types -Werror=unguarded-availability -Wno-unused-value -Wno-parentheses -I/private/tmp/mp-skarnet.BQSnVP/prefix/include -isysroot/Library/Developer/CommandLineTools/SDKs/MacOSX15.sdk -pipe -Wall -std=c99 -fno-exceptions -fno-unwind-tables -fno-asynchronous-unwind-tables -ffunction-sections -fdata-sections -O2 -fomit-frame-pointer -pipe -Os -isysroot/Library/Developer/CommandLineTools/SDKs/MacOSX15.sdk -arch arm64 -arch x86_64  -c -o src/libstddjb/sig_number.lo src/libstddjb/sig_number.c
src/libstddjb/sig_name.c:55:14: warning: initializer overrides prior initialization of this subobject [-Winitializer-overrides]
   55 |   [SIGIOT] = "IOT",
      |              ^~~~~
src/libstddjb/sig_name.c:10:15: note: previous initialization is here
   10 |   [SIGABRT] = "ABRT",
      |               ^~~~~~
1 warning generated.
src/libstddjb/sig_name.c:55:14: warning: initializer overrides prior initialization of this subobject [-Winitializer-overrides]
   55 |   [SIGIOT] = "IOT",
      |              ^~~~~
src/libstddjb/sig_name.c:10:15: note: previous initialization is here
   10 |   [SIGABRT] = "ABRT",
      |               ^~~~~~
1 warning generated.
exec /usr/bin/clang -D_POSIX_C_SOURCE=200809L -D_XOPEN_SOURCE=700 -Isrc/include -fPIC -Werror=implicit-function-declaration -Werror=implicit-int -Werror=pointer-sign -Werror=pointer-arith -Werror=incompatible-pointer-types -Werror=unguarded-availability -Wno-unused-value -Wno-parentheses -I/private/tmp/mp-skarnet.BQSnVP/prefix/include -isysroot/Library/Developer/CommandLineTools/SDKs/MacOSX15.sdk -pipe -Wall -std=c99 -fno-exceptions -fno-unwind-tables -fno-asynchronous-unwind-tables -ffunction-sections -fdata-sections -O2 -fomit-frame-pointer -pipe -Os -isysroot/Library/Developer/CommandLineTools/SDKs/MacOSX15.sdk -arch arm64 -arch x86_64  -c -o src/libstddjb/sig_restoreto.lo src/libstddjb/sig_restoreto.c
exec /usr/bin/clang -D_POSIX_C_SOURCE=200809L -D_XOPEN_SOURCE=700 -Isrc/include -fPIC -Werror=implicit-function-declaration -Werror=implicit-int -Werror=pointer-sign -Werror=pointer-arith -Werror=incompatible-pointer-types -Werror=unguarded-availability -Wno-unused-value -Wno-parentheses -I/private/tmp/mp-skarnet.BQSnVP/prefix/include -isysroot/Library/Developer/CommandLineTools/SDKs/MacOSX15.sdk -pipe -Wall -std=c99 -fno-exceptions -fno-unwind-tables -fno-asynchronous-unwind-tables -ffunction-sections -fdata-sections -O2 -fomit-frame-pointer -pipe -Os -isysroot/Library/Developer/CommandLineTools/SDKs/MacOSX15.sdk -arch arm64 -arch x86_64  -c -o src/libstddjb/sig_unblock.lo src/libstddjb/sig_unblock.c
exec /usr/bin/clang -D_POSIX_C_SOURCE=200809L -D_XOPEN_SOURCE=700 -Isrc/include -fPIC -Werror=implicit-function-declaration -Werror=implicit-int -Werror=pointer-sign -Werror=pointer-arith -Werror=incompatible-pointer-types -Werror=unguarded-availability -Wno-unused-value -Wno-parentheses -I/private/tmp/mp-skarnet.BQSnVP/prefix/include -isysroot/Library/Developer/CommandLineTools/SDKs/MacOSX15.sdk -pipe -Wall -std=c99 -fno-exceptions -fno-unwind-tables -fno-asynchronous-unwind-tables -ffunction-sections -fdata-sections -O2 -fomit-frame-pointer -pipe -Os -isysroot/Library/Developer/CommandLineTools/SDKs/MacOSX15.sdk -arch arm64 -arch x86_64  -c -o src/libstddjb/sigfpe.lo src/libstddjb/sigfpe.c
exec /usr/bin/clang -D_POSIX_C_SOURCE=200809L -D_XOPEN_SOURCE=700 -Isrc/include -fPIC -Werror=implicit-function-declaration -Werror=implicit-int -Werror=pointer-sign -Werror=pointer-arith -Werror=incompatible-pointer-types -Werror=unguarded-availability -Wno-unused-value -Wno-parentheses -I/private/tmp/mp-skarnet.BQSnVP/prefix/include -isysroot/Library/Developer/CommandLineTools/SDKs/MacOSX15.sdk -pipe -Wall -std=c99 -fno-exceptions -fno-unwind-tables -fno-asynchronous-unwind-tables -ffunction-sections -fdata-sections -O2 -fomit-frame-pointer -pipe -Os -isysroot/Library/Developer/CommandLineTools/SDKs/MacOSX15.sdk -arch arm64 -arch x86_64  -c -o src/libstddjb/sigsegv.lo src/libstddjb/sigsegv.c
exec /usr/bin/clang -D_POSIX_C_SOURCE=200809L -D_XOPEN_SOURCE=700 -Isrc/include -fPIC -Werror=implicit-function-declaration -Werror=implicit-int -Werror=pointer-sign -Werror=pointer-arith -Werror=incompatible-pointer-types -Werror=unguarded-availability -Wno-unused-value -Wno-parentheses -I/private/tmp/mp-skarnet.BQSnVP/prefix/include -isysroot/Library/Developer/CommandLineTools/SDKs/MacOSX15.sdk -pipe -Wall -std=c99 -fno-exceptions -fno-unwind-tables -fno-asynchronous-unwind-tables -ffunction-sections -fdata-sections -O2 -fomit-frame-pointer -pipe -Os -isysroot/Library/Developer/CommandLineTools/SDKs/MacOSX15.sdk -arch arm64 -arch x86_64  -c -o src/libstddjb/siovec_bytechr.lo src/libstddjb/siovec_bytechr.c
exec /usr/bin/clang -D_POSIX_C_SOURCE=200809L -D_XOPEN_SOURCE=700 -Isrc/include -fPIC -Werror=implicit-function-declaration -Werror=implicit-int -Werror=pointer-sign -Werror=pointer-arith -Werror=incompatible-pointer-types -Werror=unguarded-availability -Wno-unused-value -Wno-parentheses -I/private/tmp/mp-skarnet.BQSnVP/prefix/include -isysroot/Library/Developer/CommandLineTools/SDKs/MacOSX15.sdk -pipe -Wall -std=c99 -fno-exceptions -fno-unwind-tables -fno-asynchronous-unwind-tables -ffunction-sections -fdata-sections -O2 -fomit-frame-pointer -pipe -Os -isysroot/Library/Developer/CommandLineTools/SDKs/MacOSX15.sdk -arch arm64 -arch x86_64  -c -o src/libstddjb/siovec_bytein.lo src/libstddjb/siovec_bytein.c
exec /usr/bin/clang -D_POSIX_C_SOURCE=200809L -D_XOPEN_SOURCE=700 -Isrc/include -fPIC -Werror=implicit-function-declaration -Werror=implicit-int -Werror=pointer-sign -Werror=pointer-arith -Werror=incompatible-pointer-types -Werror=unguarded-availability -Wno-unused-value -Wno-parentheses -I/private/tmp/mp-skarnet.BQSnVP/prefix/include -isysroot/Library/Developer/CommandLineTools/SDKs/MacOSX15.sdk -pipe -Wall -std=c99 -fno-exceptions -fno-unwind-tables -fno-asynchronous-unwind-tables -ffunction-sections -fdata-sections -O2 -fomit-frame-pointer -pipe -Os -isysroot/Library/Developer/CommandLineTools/SDKs/MacOSX15.sdk -arch arm64 -arch x86_64  -c -o src/libstddjb/siovec_deal.lo src/libstddjb/siovec_deal.c
exec /usr/bin/clang -D_POSIX_C_SOURCE=200809L -D_XOPEN_SOURCE=700 -Isrc/include -fPIC -Werror=implicit-function-declaration -Werror=implicit-int -Werror=pointer-sign -Werror=pointer-arith -Werror=incompatible-pointer-types -Werror=unguarded-availability -Wno-unused-value -Wno-parentheses -I/private/tmp/mp-skarnet.BQSnVP/prefix/include -isysroot/Library/Developer/CommandLineTools/SDKs/MacOSX15.sdk -pipe -Wall -std=c99 -fno-exceptions -fno-unwind-tables -fno-asynchronous-unwind-tables -ffunction-sections -fdata-sections -O2 -fomit-frame-pointer -pipe -Os -isysroot/Library/Developer/CommandLineTools/SDKs/MacOSX15.sdk -arch arm64 -arch x86_64  -c -o src/libstddjb/siovec_gather.lo src/libstddjb/siovec_gather.c
exec /usr/bin/clang -D_POSIX_C_SOURCE=200809L -D_XOPEN_SOURCE=700 -Isrc/include -fPIC -Werror=implicit-function-declaration -Werror=implicit-int -Werror=pointer-sign -Werror=pointer-arith -Werror=incompatible-pointer-types -Werror=unguarded-availability -Wno-unused-value -Wno-parentheses -I/private/tmp/mp-skarnet.BQSnVP/prefix/include -isysroot/Library/Developer/CommandLineTools/SDKs/MacOSX15.sdk -pipe -Wall -std=c99 -fno-exceptions -fno-unwind-tables -fno-asynchronous-unwind-tables -ffunction-sections -fdata-sections -O2 -fomit-frame-pointer -pipe -Os -isysroot/Library/Developer/CommandLineTools/SDKs/MacOSX15.sdk -arch arm64 -arch x86_64  -c -o src/libstddjb/siovec_len.lo src/libstddjb/siovec_len.c
exec /usr/bin/clang -D_POSIX_C_SOURCE=200809L -D_XOPEN_SOURCE=700 -Isrc/include -fPIC -Werror=implicit-function-declaration -Werror=implicit-int -Werror=pointer-sign -Werror=pointer-arith -Werror=incompatible-pointer-types -Werror=unguarded-availability -Wno-unused-value -Wno-parentheses -I/private/tmp/mp-skarnet.BQSnVP/prefix/include -isysroot/Library/Developer/CommandLineTools/SDKs/MacOSX15.sdk -pipe -Wall -std=c99 -fno-exceptions -fno-unwind-tables -fno-asynchronous-unwind-tables -ffunction-sections -fdata-sections -O2 -fomit-frame-pointer -pipe -Os -isysroot/Library/Developer/CommandLineTools/SDKs/MacOSX15.sdk -arch arm64 -arch x86_64  -c -o src/libstddjb/siovec_scatter.lo src/libstddjb/siovec_scatter.c
exec /usr/bin/clang -D_POSIX_C_SOURCE=200809L -D_XOPEN_SOURCE=700 -Isrc/include -fPIC -Werror=implicit-function-declaration -Werror=implicit-int -Werror=pointer-sign -Werror=pointer-arith -Werror=incompatible-pointer-types -Werror=unguarded-availability -Wno-unused-value -Wno-parentheses -I/private/tmp/mp-skarnet.BQSnVP/prefix/include -isysroot/Library/Developer/CommandLineTools/SDKs/MacOSX15.sdk -pipe -Wall -std=c99 -fno-exceptions -fno-unwind-tables -fno-asynchronous-unwind-tables -ffunction-sections -fdata-sections -O2 -fomit-frame-pointer -pipe -Os -isysroot/Library/Developer/CommandLineTools/SDKs/MacOSX15.sdk -arch arm64 -arch x86_64  -c -o src/libstddjb/siovec_search.lo src/libstddjb/siovec_search.c
exec /usr/bin/clang -D_POSIX_C_SOURCE=200809L -D_XOPEN_SOURCE=700 -Isrc/include -fPIC -Werror=implicit-function-declaration -Werror=implicit-int -Werror=pointer-sign -Werror=pointer-arith -Werror=incompatible-pointer-types -Werror=unguarded-availability -Wno-unused-value -Wno-parentheses -I/private/tmp/mp-skarnet.BQSnVP/prefix/include -isysroot/Library/Developer/CommandLineTools/SDKs/MacOSX15.sdk -pipe -Wall -std=c99 -fno-exceptions -fno-unwind-tables -fno-asynchronous-unwind-tables -ffunction-sections -fdata-sections -O2 -fomit-frame-pointer -pipe -Os -isysroot/Library/Developer/CommandLineTools/SDKs/MacOSX15.sdk -arch arm64 -arch x86_64  -c -o src/libstddjb/siovec_seek.lo src/libstddjb/siovec_seek.c
exec /usr/bin/clang -D_POSIX_C_SOURCE=200809L -D_XOPEN_SOURCE=700 -Isrc/include -fPIC -Werror=implicit-function-declaration -Werror=implicit-int -Werror=pointer-sign -Werror=pointer-arith -Werror=incompatible-pointer-types -Werror=unguarded-availability -Wno-unused-value -Wno-parentheses -I/private/tmp/mp-skarnet.BQSnVP/prefix/include -isysroot/Library/Developer/CommandLineTools/SDKs/MacOSX15.sdk -pipe -Wall -std=c99 -fno-exceptions -fno-unwind-tables -fno-asynchronous-unwind-tables -ffunction-sections -fdata-sections -O2 -fomit-frame-pointer -pipe -Os -isysroot/Library/Developer/CommandLineTools/SDKs/MacOSX15.sdk -arch arm64 -arch x86_64  -c -o src/libstddjb/siovec_trunc.lo src/libstddjb/siovec_trunc.c
exec /usr/bin/clang -D_POSIX_C_SOURCE=200809L -D_XOPEN_SOURCE=700 -Isrc/include -fPIC -Werror=implicit-function-declaration -Werror=implicit-int -Werror=pointer-sign -Werror=pointer-arith -Werror=incompatible-pointer-types -Werror=unguarded-availability -Wno-unused-value -Wno-parentheses -I/private/tmp/mp-skarnet.BQSnVP/prefix/include -isysroot/Library/Developer/CommandLineTools/SDKs/MacOSX15.sdk -pipe -Wall -std=c99 -fno-exceptions -fno-unwind-tables -fno-asynchronous-unwind-tables -ffunction-sections -fdata-sections -O2 -fomit-frame-pointer -pipe -Os -isysroot/Library/Developer/CommandLineTools/SDKs/MacOSX15.sdk -arch arm64 -arch x86_64  -c -o src/libstddjb/skagetln.lo src/libstddjb/skagetln.c
exec /usr/bin/clang -D_POSIX_C_SOURCE=200809L -D_XOPEN_SOURCE=700 -Isrc/include -fPIC -Werror=implicit-function-declaration -Werror=implicit-int -Werror=pointer-sign -Werror=pointer-arith -Werror=incompatible-pointer-types -Werror=unguarded-availability -Wno-unused-value -Wno-parentheses -I/private/tmp/mp-skarnet.BQSnVP/prefix/include -isysroot/Library/Developer/CommandLineTools/SDKs/MacOSX15.sdk -pipe -Wall -std=c99 -fno-exceptions -fno-unwind-tables -fno-asynchronous-unwind-tables -ffunction-sections -fdata-sections -O2 -fomit-frame-pointer -pipe -Os -isysroot/Library/Developer/CommandLineTools/SDKs/MacOSX15.sdk -arch arm64 -arch x86_64  -c -o src/libstddjb/skagetln_loose.lo src/libstddjb/skagetln_loose.c
exec /usr/bin/clang -D_POSIX_C_SOURCE=200809L -D_XOPEN_SOURCE=700 -Isrc/include -fPIC -Werror=implicit-function-declaration -Werror=implicit-int -Werror=pointer-sign -Werror=pointer-arith -Werror=incompatible-pointer-types -Werror=unguarded-availability -Wno-unused-value -Wno-parentheses -I/private/tmp/mp-skarnet.BQSnVP/prefix/include -isysroot/Library/Developer/CommandLineTools/SDKs/MacOSX15.sdk -pipe -Wall -std=c99 -fno-exceptions -fno-unwind-tables -fno-asynchronous-unwind-tables -ffunction-sections -fdata-sections -O2 -fomit-frame-pointer -pipe -Os -isysroot/Library/Developer/CommandLineTools/SDKs/MacOSX15.sdk -arch arm64 -arch x86_64  -c -o src/libstddjb/skagetln_nofill.lo src/libstddjb/skagetln_nofill.c
exec /usr/bin/clang -D_POSIX_C_SOURCE=200809L -D_XOPEN_SOURCE=700 -Isrc/include -fPIC -Werror=implicit-function-declaration -Werror=implicit-int -Werror=pointer-sign -Werror=pointer-arith -Werror=incompatible-pointer-types -Werror=unguarded-availability -Wno-unused-value -Wno-parentheses -I/private/tmp/mp-skarnet.BQSnVP/prefix/include -isysroot/Library/Developer/CommandLineTools/SDKs/MacOSX15.sdk -pipe -Wall -std=c99 -fno-exceptions -fno-unwind-tables -fno-asynchronous-unwind-tables -ffunction-sections -fdata-sections -O2 -fomit-frame-pointer -pipe -Os -isysroot/Library/Developer/CommandLineTools/SDKs/MacOSX15.sdk -arch arm64 -arch x86_64  -c -o src/libstddjb/skagetlnmaxsep.lo src/libstddjb/skagetlnmaxsep.c
exec /usr/bin/clang -D_POSIX_C_SOURCE=200809L -D_XOPEN_SOURCE=700 -Isrc/include -fPIC -Werror=implicit-function-declaration -Werror=implicit-int -Werror=pointer-sign -Werror=pointer-arith -Werror=incompatible-pointer-types -Werror=unguarded-availability -Wno-unused-value -Wno-parentheses -I/private/tmp/mp-skarnet.BQSnVP/prefix/include -isysroot/Library/Developer/CommandLineTools/SDKs/MacOSX15.sdk -pipe -Wall -std=c99 -fno-exceptions -fno-unwind-tables -fno-asynchronous-unwind-tables -ffunction-sections -fdata-sections -O2 -fomit-frame-pointer -pipe -Os -isysroot/Library/Developer/CommandLineTools/SDKs/MacOSX15.sdk -arch arm64 -arch x86_64  -c -o src/libstddjb/skagetlnsep.lo src/libstddjb/skagetlnsep.c
exec /usr/bin/clang -D_POSIX_C_SOURCE=200809L -D_XOPEN_SOURCE=700 -Isrc/include -fPIC -Werror=implicit-function-declaration -Werror=implicit-int -Werror=pointer-sign -Werror=pointer-arith -Werror=incompatible-pointer-types -Werror=unguarded-availability -Wno-unused-value -Wno-parentheses -I/private/tmp/mp-skarnet.BQSnVP/prefix/include -isysroot/Library/Developer/CommandLineTools/SDKs/MacOSX15.sdk -pipe -Wall -std=c99 -fno-exceptions -fno-unwind-tables -fno-asynchronous-unwind-tables -ffunction-sections -fdata-sections -O2 -fomit-frame-pointer -pipe -Os -isysroot/Library/Developer/CommandLineTools/SDKs/MacOSX15.sdk -arch arm64 -arch x86_64  -c -o src/libstddjb/skagetlnsep_loose.lo src/libstddjb/skagetlnsep_loose.c
exec /usr/bin/clang -D_POSIX_C_SOURCE=200809L -D_XOPEN_SOURCE=700 -Isrc/include -fPIC -Werror=implicit-function-declaration -Werror=implicit-int -Werror=pointer-sign -Werror=pointer-arith -Werror=incompatible-pointer-types -Werror=unguarded-availability -Wno-unused-value -Wno-parentheses -I/private/tmp/mp-skarnet.BQSnVP/prefix/include -isysroot/Library/Developer/CommandLineTools/SDKs/MacOSX15.sdk -pipe -Wall -std=c99 -fno-exceptions -fno-unwind-tables -fno-asynchronous-unwind-tables -ffunction-sections -fdata-sections -O2 -fomit-frame-pointer -pipe -Os -isysroot/Library/Developer/CommandLineTools/SDKs/MacOSX15.sdk -arch arm64 -arch x86_64  -c -o src/libstddjb/skalibs_tzisright.lo src/libstddjb/skalibs_tzisright.c
exec /usr/bin/clang -D_POSIX_C_SOURCE=200809L -D_XOPEN_SOURCE=700 -Isrc/include -fPIC -Werror=implicit-function-declaration -Werror=implicit-int -Werror=pointer-sign -Werror=pointer-arith -Werror=incompatible-pointer-types -Werror=unguarded-availability -Wno-unused-value -Wno-parentheses -I/private/tmp/mp-skarnet.BQSnVP/prefix/include -isysroot/Library/Developer/CommandLineTools/SDKs/MacOSX15.sdk -pipe -Wall -std=c99 -fno-exceptions -fno-unwind-tables -fno-asynchronous-unwind-tables -ffunction-sections -fdata-sections -O2 -fomit-frame-pointer -pipe -Os -isysroot/Library/Developer/CommandLineTools/SDKs/MacOSX15.sdk -arch arm64 -arch x86_64  -c -o src/libstddjb/slurpn.lo src/libstddjb/slurpn.c
exec /usr/bin/clang -D_POSIX_C_SOURCE=200809L -D_XOPEN_SOURCE=700 -Isrc/include -fPIC -Werror=implicit-function-declaration -Werror=implicit-int -Werror=pointer-sign -Werror=pointer-arith -Werror=incompatible-pointer-types -Werror=unguarded-availability -Wno-unused-value -Wno-parentheses -I/private/tmp/mp-skarnet.BQSnVP/prefix/include -isysroot/Library/Developer/CommandLineTools/SDKs/MacOSX15.sdk -pipe -Wall -std=c99 -fno-exceptions -fno-unwind-tables -fno-asynchronous-unwind-tables -ffunction-sections -fdata-sections -O2 -fomit-frame-pointer -pipe -Os -isysroot/Library/Developer/CommandLineTools/SDKs/MacOSX15.sdk -arch arm64 -arch x86_64  -c -o src/libstddjb/str_bcasecmp.lo src/libstddjb/str_bcasecmp.c
exec /usr/bin/clang -D_POSIX_C_SOURCE=200809L -D_XOPEN_SOURCE=700 -Isrc/include -fPIC -Werror=implicit-function-declaration -Werror=implicit-int -Werror=pointer-sign -Werror=pointer-arith -Werror=incompatible-pointer-types -Werror=unguarded-availability -Wno-unused-value -Wno-parentheses -I/private/tmp/mp-skarnet.BQSnVP/prefix/include -isysroot/Library/Developer/CommandLineTools/SDKs/MacOSX15.sdk -pipe -Wall -std=c99 -fno-exceptions -fno-unwind-tables -fno-asynchronous-unwind-tables -ffunction-sections -fdata-sections -O2 -fomit-frame-pointer -pipe -Os -isysroot/Library/Developer/CommandLineTools/SDKs/MacOSX15.sdk -arch arm64 -arch x86_64  -c -o src/libstddjb/str_bcmp.lo src/libstddjb/str_bcmp.c
exec /usr/bin/clang -D_POSIX_C_SOURCE=200809L -D_XOPEN_SOURCE=700 -Isrc/include -fPIC -Werror=implicit-function-declaration -Werror=implicit-int -Werror=pointer-sign -Werror=pointer-arith -Werror=incompatible-pointer-types -Werror=unguarded-availability -Wno-unused-value -Wno-parentheses -I/private/tmp/mp-skarnet.BQSnVP/prefix/include -isysroot/Library/Developer/CommandLineTools/SDKs/MacOSX15.sdk -pipe -Wall -std=c99 -fno-exceptions -fno-unwind-tables -fno-asynchronous-unwind-tables -ffunction-sections -fdata-sections -O2 -fomit-frame-pointer -pipe -Os -isysroot/Library/Developer/CommandLineTools/SDKs/MacOSX15.sdk -arch arm64 -arch x86_64  -c -o src/libstddjb/str_casecmp.lo src/libstddjb/str_casecmp.c
exec /usr/bin/clang -D_POSIX_C_SOURCE=200809L -D_XOPEN_SOURCE=700 -Isrc/include -fPIC -Werror=implicit-function-declaration -Werror=implicit-int -Werror=pointer-sign -Werror=pointer-arith -Werror=incompatible-pointer-types -Werror=unguarded-availability -Wno-unused-value -Wno-parentheses -I/private/tmp/mp-skarnet.BQSnVP/prefix/include -isysroot/Library/Developer/CommandLineTools/SDKs/MacOSX15.sdk -pipe -Wall -std=c99 -fno-exceptions -fno-unwind-tables -fno-asynchronous-unwind-tables -ffunction-sections -fdata-sections -O2 -fomit-frame-pointer -pipe -Os -isysroot/Library/Developer/CommandLineTools/SDKs/MacOSX15.sdk -arch arm64 -arch x86_64  -c -o src/libstddjb/str_chr.lo src/libstddjb/str_chr.c
exec /usr/bin/clang -D_POSIX_C_SOURCE=200809L -D_XOPEN_SOURCE=700 -Isrc/include -fPIC -Werror=implicit-function-declaration -Werror=implicit-int -Werror=pointer-sign -Werror=pointer-arith -Werror=incompatible-pointer-types -Werror=unguarded-availability -Wno-unused-value -Wno-parentheses -I/private/tmp/mp-skarnet.BQSnVP/prefix/include -isysroot/Library/Developer/CommandLineTools/SDKs/MacOSX15.sdk -pipe -Wall -std=c99 -fno-exceptions -fno-unwind-tables -fno-asynchronous-unwind-tables -ffunction-sections -fdata-sections -O2 -fomit-frame-pointer -pipe -Os -isysroot/Library/Developer/CommandLineTools/SDKs/MacOSX15.sdk -arch arm64 -arch x86_64  -c -o src/libstddjb/str_cmp.lo src/libstddjb/str_cmp.c
exec /usr/bin/clang -D_POSIX_C_SOURCE=200809L -D_XOPEN_SOURCE=700 -Isrc/include -fPIC -Werror=implicit-function-declaration -Werror=implicit-int -Werror=pointer-sign -Werror=pointer-arith -Werror=incompatible-pointer-types -Werror=unguarded-availability -Wno-unused-value -Wno-parentheses -I/private/tmp/mp-skarnet.BQSnVP/prefix/include -isysroot/Library/Developer/CommandLineTools/SDKs/MacOSX15.sdk -pipe -Wall -std=c99 -fno-exceptions -fno-unwind-tables -fno-asynchronous-unwind-tables -ffunction-sections -fdata-sections -O2 -fomit-frame-pointer -pipe -Os -isysroot/Library/Developer/CommandLineTools/SDKs/MacOSX15.sdk -arch arm64 -arch x86_64  -c -o src/libstddjb/str_fmt.lo src/libstddjb/str_fmt.c
exec /usr/bin/clang -D_POSIX_C_SOURCE=200809L -D_XOPEN_SOURCE=700 -Isrc/include -fPIC -Werror=implicit-function-declaration -Werror=implicit-int -Werror=pointer-sign -Werror=pointer-arith -Werror=incompatible-pointer-types -Werror=unguarded-availability -Wno-unused-value -Wno-parentheses -I/private/tmp/mp-skarnet.BQSnVP/prefix/include -isysroot/Library/Developer/CommandLineTools/SDKs/MacOSX15.sdk -pipe -Wall -std=c99 -fno-exceptions -fno-unwind-tables -fno-asynchronous-unwind-tables -ffunction-sections -fdata-sections -O2 -fomit-frame-pointer -pipe -Os -isysroot/Library/Developer/CommandLineTools/SDKs/MacOSX15.sdk -arch arm64 -arch x86_64  -c -o src/libstddjb/str_rchr.lo src/libstddjb/str_rchr.c
exec /usr/bin/clang -D_POSIX_C_SOURCE=200809L -D_XOPEN_SOURCE=700 -Isrc/include -fPIC -Werror=implicit-function-declaration -Werror=implicit-int -Werror=pointer-sign -Werror=pointer-arith -Werror=incompatible-pointer-types -Werror=unguarded-availability -Wno-unused-value -Wno-parentheses -I/private/tmp/mp-skarnet.BQSnVP/prefix/include -isysroot/Library/Developer/CommandLineTools/SDKs/MacOSX15.sdk -pipe -Wall -std=c99 -fno-exceptions -fno-unwind-tables -fno-asynchronous-unwind-tables -ffunction-sections -fdata-sections -O2 -fomit-frame-pointer -pipe -Os -isysroot/Library/Developer/CommandLineTools/SDKs/MacOSX15.sdk -arch arm64 -arch x86_64  -c -o src/libstddjb/str_start.lo src/libstddjb/str_start.c
exec /usr/bin/clang -D_POSIX_C_SOURCE=200809L -D_XOPEN_SOURCE=700 -Isrc/include -fPIC -Werror=implicit-function-declaration -Werror=implicit-int -Werror=pointer-sign -Werror=pointer-arith -Werror=incompatible-pointer-types -Werror=unguarded-availability -Wno-unused-value -Wno-parentheses -I/private/tmp/mp-skarnet.BQSnVP/prefix/include -isysroot/Library/Developer/CommandLineTools/SDKs/MacOSX15.sdk -pipe -Wall -std=c99 -fno-exceptions -fno-unwind-tables -fno-asynchronous-unwind-tables -ffunction-sections -fdata-sections -O2 -fomit-frame-pointer -pipe -Os -isysroot/Library/Developer/CommandLineTools/SDKs/MacOSX15.sdk -arch arm64 -arch x86_64  -c -o src/libstddjb/str_strn.lo src/libstddjb/str_strn.c
exec /usr/bin/clang -D_POSIX_C_SOURCE=200809L -D_XOPEN_SOURCE=700 -Isrc/include -fPIC -Werror=implicit-function-declaration -Werror=implicit-int -Werror=pointer-sign -Werror=pointer-arith -Werror=incompatible-pointer-types -Werror=unguarded-availability -Wno-unused-value -Wno-parentheses -I/private/tmp/mp-skarnet.BQSnVP/prefix/include -isysroot/Library/Developer/CommandLineTools/SDKs/MacOSX15.sdk -pipe -Wall -std=c99 -fno-exceptions -fno-unwind-tables -fno-asynchronous-unwind-tables -ffunction-sections -fdata-sections -O2 -fomit-frame-pointer -pipe -Os -isysroot/Library/Developer/CommandLineTools/SDKs/MacOSX15.sdk -arch arm64 -arch x86_64  -c -o src/libstddjb/stralloc_append.lo src/libstddjb/stralloc_append.c
exec /usr/bin/clang -D_POSIX_C_SOURCE=200809L -D_XOPEN_SOURCE=700 -Isrc/include -fPIC -Werror=implicit-function-declaration -Werror=implicit-int -Werror=pointer-sign -Werror=pointer-arith -Werror=incompatible-pointer-types -Werror=unguarded-availability -Wno-unused-value -Wno-parentheses -I/private/tmp/mp-skarnet.BQSnVP/prefix/include -isysroot/Library/Developer/CommandLineTools/SDKs/MacOSX15.sdk -pipe -Wall -std=c99 -fno-exceptions -fno-unwind-tables -fno-asynchronous-unwind-tables -ffunction-sections -fdata-sections -O2 -fomit-frame-pointer -pipe -Os -isysroot/Library/Developer/CommandLineTools/SDKs/MacOSX15.sdk -arch arm64 -arch x86_64  -c -o src/libstddjb/stralloc_catb.lo src/libstddjb/stralloc_catb.c
exec /usr/bin/clang -D_POSIX_C_SOURCE=200809L -D_XOPEN_SOURCE=700 -Isrc/include -fPIC -Werror=implicit-function-declaration -Werror=implicit-int -Werror=pointer-sign -Werror=pointer-arith -Werror=incompatible-pointer-types -Werror=unguarded-availability -Wno-unused-value -Wno-parentheses -I/private/tmp/mp-skarnet.BQSnVP/prefix/include -isysroot/Library/Developer/CommandLineTools/SDKs/MacOSX15.sdk -pipe -Wall -std=c99 -fno-exceptions -fno-unwind-tables -fno-asynchronous-unwind-tables -ffunction-sections -fdata-sections -O2 -fomit-frame-pointer -pipe -Os -isysroot/Library/Developer/CommandLineTools/SDKs/MacOSX15.sdk -arch arm64 -arch x86_64  -c -o src/libstddjb/stralloc_catv.lo src/libstddjb/stralloc_catv.c
exec /usr/bin/clang -D_POSIX_C_SOURCE=200809L -D_XOPEN_SOURCE=700 -Isrc/include -fPIC -Werror=implicit-function-declaration -Werror=implicit-int -Werror=pointer-sign -Werror=pointer-arith -Werror=incompatible-pointer-types -Werror=unguarded-availability -Wno-unused-value -Wno-parentheses -I/private/tmp/mp-skarnet.BQSnVP/prefix/include -isysroot/Library/Developer/CommandLineTools/SDKs/MacOSX15.sdk -pipe -Wall -std=c99 -fno-exceptions -fno-unwind-tables -fno-asynchronous-unwind-tables -ffunction-sections -fdata-sections -O2 -fomit-frame-pointer -pipe -Os -isysroot/Library/Developer/CommandLineTools/SDKs/MacOSX15.sdk -arch arm64 -arch x86_64  -c -o src/libstddjb/stralloc_copyb.lo src/libstddjb/stralloc_copyb.c
exec /usr/bin/clang -D_POSIX_C_SOURCE=200809L -D_XOPEN_SOURCE=700 -Isrc/include -fPIC -Werror=implicit-function-declaration -Werror=implicit-int -Werror=pointer-sign -Werror=pointer-arith -Werror=incompatible-pointer-types -Werror=unguarded-availability -Wno-unused-value -Wno-parentheses -I/private/tmp/mp-skarnet.BQSnVP/prefix/include -isysroot/Library/Developer/CommandLineTools/SDKs/MacOSX15.sdk -pipe -Wall -std=c99 -fno-exceptions -fno-unwind-tables -fno-asynchronous-unwind-tables -ffunction-sections -fdata-sections -O2 -fomit-frame-pointer -pipe -Os -isysroot/Library/Developer/CommandLineTools/SDKs/MacOSX15.sdk -arch arm64 -arch x86_64  -c -o src/libstddjb/stralloc_free.lo src/libstddjb/stralloc_free.c
exec /usr/bin/clang -D_POSIX_C_SOURCE=200809L -D_XOPEN_SOURCE=700 -Isrc/include -fPIC -Werror=implicit-function-declaration -Werror=implicit-int -Werror=pointer-sign -Werror=pointer-arith -Werror=incompatible-pointer-types -Werror=unguarded-availability -Wno-unused-value -Wno-parentheses -I/private/tmp/mp-skarnet.BQSnVP/prefix/include -isysroot/Library/Developer/CommandLineTools/SDKs/MacOSX15.sdk -pipe -Wall -std=c99 -fno-exceptions -fno-unwind-tables -fno-asynchronous-unwind-tables -ffunction-sections -fdata-sections -O2 -fomit-frame-pointer -pipe -Os -isysroot/Library/Developer/CommandLineTools/SDKs/MacOSX15.sdk -arch arm64 -arch x86_64  -c -o src/libstddjb/stralloc_insertb.lo src/libstddjb/stralloc_insertb.c
exec /usr/bin/clang -D_POSIX_C_SOURCE=200809L -D_XOPEN_SOURCE=700 -Isrc/include -fPIC -Werror=implicit-function-declaration -Werror=implicit-int -Werror=pointer-sign -Werror=pointer-arith -Werror=incompatible-pointer-types -Werror=unguarded-availability -Wno-unused-value -Wno-parentheses -I/private/tmp/mp-skarnet.BQSnVP/prefix/include -isysroot/Library/Developer/CommandLineTools/SDKs/MacOSX15.sdk -pipe -Wall -std=c99 -fno-exceptions -fno-unwind-tables -fno-asynchronous-unwind-tables -ffunction-sections -fdata-sections -O2 -fomit-frame-pointer -pipe -Os -isysroot/Library/Developer/CommandLineTools/SDKs/MacOSX15.sdk -arch arm64 -arch x86_64  -c -o src/libstddjb/stralloc_ready_tuned.lo src/libstddjb/stralloc_ready_tuned.c
exec /usr/bin/clang -D_POSIX_C_SOURCE=200809L -D_XOPEN_SOURCE=700 -Isrc/include -fPIC -Werror=implicit-function-declaration -Werror=implicit-int -Werror=pointer-sign -Werror=pointer-arith -Werror=incompatible-pointer-types -Werror=unguarded-availability -Wno-unused-value -Wno-parentheses -I/private/tmp/mp-skarnet.BQSnVP/prefix/include -isysroot/Library/Developer/CommandLineTools/SDKs/MacOSX15.sdk -pipe -Wall -std=c99 -fno-exceptions -fno-unwind-tables -fno-asynchronous-unwind-tables -ffunction-sections -fdata-sections -O2 -fomit-frame-pointer -pipe -Os -isysroot/Library/Developer/CommandLineTools/SDKs/MacOSX15.sdk -arch arm64 -arch x86_64  -c -o src/libstddjb/stralloc_readyplus_tuned.lo src/libstddjb/stralloc_readyplus_tuned.c
exec /usr/bin/clang -D_POSIX_C_SOURCE=200809L -D_XOPEN_SOURCE=700 -Isrc/include -fPIC -Werror=implicit-function-declaration -Werror=implicit-int -Werror=pointer-sign -Werror=pointer-arith -Werror=incompatible-pointer-types -Werror=unguarded-availability -Wno-unused-value -Wno-parentheses -I/private/tmp/mp-skarnet.BQSnVP/prefix/include -isysroot/Library/Developer/CommandLineTools/SDKs/MacOSX15.sdk -pipe -Wall -std=c99 -fno-exceptions -fno-unwind-tables -fno-asynchronous-unwind-tables -ffunction-sections -fdata-sections -O2 -fomit-frame-pointer -pipe -Os -isysroot/Library/Developer/CommandLineTools/SDKs/MacOSX15.sdk -arch arm64 -arch x86_64  -c -o src/libstddjb/stralloc_reverse.lo src/libstddjb/stralloc_reverse.c
exec /usr/bin/clang -D_POSIX_C_SOURCE=200809L -D_XOPEN_SOURCE=700 -Isrc/include -fPIC -Werror=implicit-function-declaration -Werror=implicit-int -Werror=pointer-sign -Werror=pointer-arith -Werror=incompatible-pointer-types -Werror=unguarded-availability -Wno-unused-value -Wno-parentheses -I/private/tmp/mp-skarnet.BQSnVP/prefix/include -isysroot/Library/Developer/CommandLineTools/SDKs/MacOSX15.sdk -pipe -Wall -std=c99 -fno-exceptions -fno-unwind-tables -fno-asynchronous-unwind-tables -ffunction-sections -fdata-sections -O2 -fomit-frame-pointer -pipe -Os -isysroot/Library/Developer/CommandLineTools/SDKs/MacOSX15.sdk -arch arm64 -arch x86_64  -c -o src/libstddjb/stralloc_reverse_blocks.lo src/libstddjb/stralloc_reverse_blocks.c
exec /usr/bin/clang -D_POSIX_C_SOURCE=200809L -D_XOPEN_SOURCE=700 -Isrc/include -fPIC -Werror=implicit-function-declaration -Werror=implicit-int -Werror=pointer-sign -Werror=pointer-arith -Werror=incompatible-pointer-types -Werror=unguarded-availability -Wno-unused-value -Wno-parentheses -I/private/tmp/mp-skarnet.BQSnVP/prefix/include -isysroot/Library/Developer/CommandLineTools/SDKs/MacOSX15.sdk -pipe -Wall -std=c99 -fno-exceptions -fno-unwind-tables -fno-asynchronous-unwind-tables -ffunction-sections -fdata-sections -O2 -fomit-frame-pointer -pipe -Os -isysroot/Library/Developer/CommandLineTools/SDKs/MacOSX15.sdk -arch arm64 -arch x86_64  -c -o src/libstddjb/stralloc_shrink.lo src/libstddjb/stralloc_shrink.c
exec /usr/bin/clang -D_POSIX_C_SOURCE=200809L -D_XOPEN_SOURCE=700 -Isrc/include -fPIC -Werror=implicit-function-declaration -Werror=implicit-int -Werror=pointer-sign -Werror=pointer-arith -Werror=incompatible-pointer-types -Werror=unguarded-availability -Wno-unused-value -Wno-parentheses -I/private/tmp/mp-skarnet.BQSnVP/prefix/include -isysroot/Library/Developer/CommandLineTools/SDKs/MacOSX15.sdk -pipe -Wall -std=c99 -fno-exceptions -fno-unwind-tables -fno-asynchronous-unwind-tables -ffunction-sections -fdata-sections -O2 -fomit-frame-pointer -pipe -Os -isysroot/Library/Developer/CommandLineTools/SDKs/MacOSX15.sdk -arch arm64 -arch x86_64  -c -o src/libstddjb/stralloc_zero.lo src/libstddjb/stralloc_zero.c
exec /usr/bin/clang -D_POSIX_C_SOURCE=200809L -D_XOPEN_SOURCE=700 -Isrc/include -fPIC -Werror=implicit-function-declaration -Werror=implicit-int -Werror=pointer-sign -Werror=pointer-arith -Werror=incompatible-pointer-types -Werror=unguarded-availability -Wno-unused-value -Wno-parentheses -I/private/tmp/mp-skarnet.BQSnVP/prefix/include -isysroot/Library/Developer/CommandLineTools/SDKs/MacOSX15.sdk -pipe -Wall -std=c99 -fno-exceptions -fno-unwind-tables -fno-asynchronous-unwind-tables -ffunction-sections -fdata-sections -O2 -fomit-frame-pointer -pipe -Os -isysroot/Library/Developer/CommandLineTools/SDKs/MacOSX15.sdk -arch arm64 -arch x86_64  -c -o src/libstddjb/string_format.lo src/libstddjb/string_format.c
exec /usr/bin/clang -D_POSIX_C_SOURCE=200809L -D_XOPEN_SOURCE=700 -Isrc/include -fPIC -Werror=implicit-function-declaration -Werror=implicit-int -Werror=pointer-sign -Werror=pointer-arith -Werror=incompatible-pointer-types -Werror=unguarded-availability -Wno-unused-value -Wno-parentheses -I/private/tmp/mp-skarnet.BQSnVP/prefix/include -isysroot/Library/Developer/CommandLineTools/SDKs/MacOSX15.sdk -pipe -Wall -std=c99 -fno-exceptions -fno-unwind-tables -fno-asynchronous-unwind-tables -ffunction-sections -fdata-sections -O2 -fomit-frame-pointer -pipe -Os -isysroot/Library/Developer/CommandLineTools/SDKs/MacOSX15.sdk -arch arm64 -arch x86_64  -c -o src/libstddjb/string_index.lo src/libstddjb/string_index.c
exec /usr/bin/clang -D_POSIX_C_SOURCE=200809L -D_XOPEN_SOURCE=700 -Isrc/include -fPIC -Werror=implicit-function-declaration -Werror=implicit-int -Werror=pointer-sign -Werror=pointer-arith -Werror=incompatible-pointer-types -Werror=unguarded-availability -Wno-unused-value -Wno-parentheses -I/private/tmp/mp-skarnet.BQSnVP/prefix/include -isysroot/Library/Developer/CommandLineTools/SDKs/MacOSX15.sdk -pipe -Wall -std=c99 -fno-exceptions -fno-unwind-tables -fno-asynchronous-unwind-tables -ffunction-sections -fdata-sections -O2 -fomit-frame-pointer -pipe -Os -isysroot/Library/Developer/CommandLineTools/SDKs/MacOSX15.sdk -arch arm64 -arch x86_64  -c -o src/libstddjb/string_quote.lo src/libstddjb/string_quote.c
exec /usr/bin/clang -D_POSIX_C_SOURCE=200809L -D_XOPEN_SOURCE=700 -Isrc/include -fPIC -Werror=implicit-function-declaration -Werror=implicit-int -Werror=pointer-sign -Werror=pointer-arith -Werror=incompatible-pointer-types -Werror=unguarded-availability -Wno-unused-value -Wno-parentheses -I/private/tmp/mp-skarnet.BQSnVP/prefix/include -isysroot/Library/Developer/CommandLineTools/SDKs/MacOSX15.sdk -pipe -Wall -std=c99 -fno-exceptions -fno-unwind-tables -fno-asynchronous-unwind-tables -ffunction-sections -fdata-sections -O2 -fomit-frame-pointer -pipe -Os -isysroot/Library/Developer/CommandLineTools/SDKs/MacOSX15.sdk -arch arm64 -arch x86_64  -c -o src/libstddjb/string_quote_nodelim_mustquote.lo src/libstddjb/string_quote_nodelim_mustquote.c
exec /usr/bin/clang -D_POSIX_C_SOURCE=200809L -D_XOPEN_SOURCE=700 -Isrc/include -fPIC -Werror=implicit-function-declaration -Werror=implicit-int -Werror=pointer-sign -Werror=pointer-arith -Werror=incompatible-pointer-types -Werror=unguarded-availability -Wno-unused-value -Wno-parentheses -I/private/tmp/mp-skarnet.BQSnVP/prefix/include -isysroot/Library/Developer/CommandLineTools/SDKs/MacOSX15.sdk -pipe -Wall -std=c99 -fno-exceptions -fno-unwind-tables -fno-asynchronous-unwind-tables -ffunction-sections -fdata-sections -O2 -fomit-frame-pointer -pipe -Os -isysroot/Library/Developer/CommandLineTools/SDKs/MacOSX15.sdk -arch arm64 -arch x86_64  -c -o src/libstddjb/string_unquote.lo src/libstddjb/string_unquote.c
exec /usr/bin/clang -D_POSIX_C_SOURCE=200809L -D_XOPEN_SOURCE=700 -Isrc/include -fPIC -Werror=implicit-function-declaration -Werror=implicit-int -Werror=pointer-sign -Werror=pointer-arith -Werror=incompatible-pointer-types -Werror=unguarded-availability -Wno-unused-value -Wno-parentheses -I/private/tmp/mp-skarnet.BQSnVP/prefix/include -isysroot/Library/Developer/CommandLineTools/SDKs/MacOSX15.sdk -pipe -Wall -std=c99 -fno-exceptions -fno-unwind-tables -fno-asynchronous-unwind-tables -ffunction-sections -fdata-sections -O2 -fomit-frame-pointer -pipe -Os -isysroot/Library/Developer/CommandLineTools/SDKs/MacOSX15.sdk -arch arm64 -arch x86_64  -c -o src/libstddjb/string_unquote_nodelim.lo src/libstddjb/string_unquote_nodelim.c
exec /usr/bin/clang -D_POSIX_C_SOURCE=200809L -D_XOPEN_SOURCE=700 -Isrc/include -fPIC -Werror=implicit-function-declaration -Werror=implicit-int -Werror=pointer-sign -Werror=pointer-arith -Werror=incompatible-pointer-types -Werror=unguarded-availability -Wno-unused-value -Wno-parentheses -I/private/tmp/mp-skarnet.BQSnVP/prefix/include -isysroot/Library/Developer/CommandLineTools/SDKs/MacOSX15.sdk -pipe -Wall -std=c99 -fno-exceptions -fno-unwind-tables -fno-asynchronous-unwind-tables -ffunction-sections -fdata-sections -O2 -fomit-frame-pointer -pipe -Os -isysroot/Library/Developer/CommandLineTools/SDKs/MacOSX15.sdk -arch arm64 -arch x86_64  -c -o src/libstddjb/string_unquote_withdelim.lo src/libstddjb/string_unquote_withdelim.c
exec /usr/bin/clang -D_POSIX_C_SOURCE=200809L -D_XOPEN_SOURCE=700 -Isrc/include -fPIC -Werror=implicit-function-declaration -Werror=implicit-int -Werror=pointer-sign -Werror=pointer-arith -Werror=incompatible-pointer-types -Werror=unguarded-availability -Wno-unused-value -Wno-parentheses -I/private/tmp/mp-skarnet.BQSnVP/prefix/include -isysroot/Library/Developer/CommandLineTools/SDKs/MacOSX15.sdk -pipe -Wall -std=c99 -fno-exceptions -fno-unwind-tables -fno-asynchronous-unwind-tables -ffunction-sections -fdata-sections -O2 -fomit-frame-pointer -pipe -Os -isysroot/Library/Developer/CommandLineTools/SDKs/MacOSX15.sdk -arch arm64 -arch x86_64  -c -o src/libstddjb/stringkey_bcasecmp.lo src/libstddjb/stringkey_bcasecmp.c
exec /usr/bin/clang -D_POSIX_C_SOURCE=200809L -D_XOPEN_SOURCE=700 -Isrc/include -fPIC -Werror=implicit-function-declaration -Werror=implicit-int -Werror=pointer-sign -Werror=pointer-arith -Werror=incompatible-pointer-types -Werror=unguarded-availability -Wno-unused-value -Wno-parentheses -I/private/tmp/mp-skarnet.BQSnVP/prefix/include -isysroot/Library/Developer/CommandLineTools/SDKs/MacOSX15.sdk -pipe -Wall -std=c99 -fno-exceptions -fno-unwind-tables -fno-asynchronous-unwind-tables -ffunction-sections -fdata-sections -O2 -fomit-frame-pointer -pipe -Os -isysroot/Library/Developer/CommandLineTools/SDKs/MacOSX15.sdk -arch arm64 -arch x86_64  -c -o src/libstddjb/stringkey_bcmp.lo src/libstddjb/stringkey_bcmp.c
exec /usr/bin/clang -D_POSIX_C_SOURCE=200809L -D_XOPEN_SOURCE=700 -Isrc/include -fPIC -Werror=implicit-function-declaration -Werror=implicit-int -Werror=pointer-sign -Werror=pointer-arith -Werror=incompatible-pointer-types -Werror=unguarded-availability -Wno-unused-value -Wno-parentheses -I/private/tmp/mp-skarnet.BQSnVP/prefix/include -isysroot/Library/Developer/CommandLineTools/SDKs/MacOSX15.sdk -pipe -Wall -std=c99 -fno-exceptions -fno-unwind-tables -fno-asynchronous-unwind-tables -ffunction-sections -fdata-sections -O2 -fomit-frame-pointer -pipe -Os -isysroot/Library/Developer/CommandLineTools/SDKs/MacOSX15.sdk -arch arm64 -arch x86_64  -c -o src/libstddjb/stringkey_casecmp.lo src/libstddjb/stringkey_casecmp.c
exec /usr/bin/clang -D_POSIX_C_SOURCE=200809L -D_XOPEN_SOURCE=700 -Isrc/include -fPIC -Werror=implicit-function-declaration -Werror=implicit-int -Werror=pointer-sign -Werror=pointer-arith -Werror=incompatible-pointer-types -Werror=unguarded-availability -Wno-unused-value -Wno-parentheses -I/private/tmp/mp-skarnet.BQSnVP/prefix/include -isysroot/Library/Developer/CommandLineTools/SDKs/MacOSX15.sdk -pipe -Wall -std=c99 -fno-exceptions -fno-unwind-tables -fno-asynchronous-unwind-tables -ffunction-sections -fdata-sections -O2 -fomit-frame-pointer -pipe -Os -isysroot/Library/Developer/CommandLineTools/SDKs/MacOSX15.sdk -arch arm64 -arch x86_64  -c -o src/libstddjb/stringkey_cmp.lo src/libstddjb/stringkey_cmp.c
exec /usr/bin/clang -D_POSIX_C_SOURCE=200809L -D_XOPEN_SOURCE=700 -Isrc/include -fPIC -Werror=implicit-function-declaration -Werror=implicit-int -Werror=pointer-sign -Werror=pointer-arith -Werror=incompatible-pointer-types -Werror=unguarded-availability -Wno-unused-value -Wno-parentheses -I/private/tmp/mp-skarnet.BQSnVP/prefix/include -isysroot/Library/Developer/CommandLineTools/SDKs/MacOSX15.sdk -pipe -Wall -std=c99 -fno-exceptions -fno-unwind-tables -fno-asynchronous-unwind-tables -ffunction-sections -fdata-sections -O2 -fomit-frame-pointer -pipe -Os -isysroot/Library/Developer/CommandLineTools/SDKs/MacOSX15.sdk -arch arm64 -arch x86_64  -c -o src/libstddjb/subgetopt.lo src/libstddjb/subgetopt.c
exec /usr/bin/clang -D_POSIX_C_SOURCE=200809L -D_XOPEN_SOURCE=700 -Isrc/include -fPIC -Werror=implicit-function-declaration -Werror=implicit-int -Werror=pointer-sign -Werror=pointer-arith -Werror=incompatible-pointer-types -Werror=unguarded-availability -Wno-unused-value -Wno-parentheses -I/private/tmp/mp-skarnet.BQSnVP/prefix/include -isysroot/Library/Developer/CommandLineTools/SDKs/MacOSX15.sdk -pipe -Wall -std=c99 -fno-exceptions -fno-unwind-tables -fno-asynchronous-unwind-tables -ffunction-sections -fdata-sections -O2 -fomit-frame-pointer -pipe -Os -isysroot/Library/Developer/CommandLineTools/SDKs/MacOSX15.sdk -arch arm64 -arch x86_64  -c -o src/libstddjb/subgetopt_here.lo src/libstddjb/subgetopt_here.c
exec /usr/bin/clang -D_POSIX_C_SOURCE=200809L -D_XOPEN_SOURCE=700 -Isrc/include -fPIC -Werror=implicit-function-declaration -Werror=implicit-int -Werror=pointer-sign -Werror=pointer-arith -Werror=incompatible-pointer-types -Werror=unguarded-availability -Wno-unused-value -Wno-parentheses -I/private/tmp/mp-skarnet.BQSnVP/prefix/include -isysroot/Library/Developer/CommandLineTools/SDKs/MacOSX15.sdk -pipe -Wall -std=c99 -fno-exceptions -fno-unwind-tables -fno-asynchronous-unwind-tables -ffunction-sections -fdata-sections -O2 -fomit-frame-pointer -pipe -Os -isysroot/Library/Developer/CommandLineTools/SDKs/MacOSX15.sdk -arch arm64 -arch x86_64  -c -o src/libstddjb/ucharn_findlen.lo src/libstddjb/ucharn_findlen.c
exec /usr/bin/clang -D_POSIX_C_SOURCE=200809L -D_XOPEN_SOURCE=700 -Isrc/include -fPIC -Werror=implicit-function-declaration -Werror=implicit-int -Werror=pointer-sign -Werror=pointer-arith -Werror=incompatible-pointer-types -Werror=unguarded-availability -Wno-unused-value -Wno-parentheses -I/private/tmp/mp-skarnet.BQSnVP/prefix/include -isysroot/Library/Developer/CommandLineTools/SDKs/MacOSX15.sdk -pipe -Wall -std=c99 -fno-exceptions -fno-unwind-tables -fno-asynchronous-unwind-tables -ffunction-sections -fdata-sections -O2 -fomit-frame-pointer -pipe -Os -isysroot/Library/Developer/CommandLineTools/SDKs/MacOSX15.sdk -arch arm64 -arch x86_64  -c -o src/libstddjb/ucharn_fmt.lo src/libstddjb/ucharn_fmt.c
exec /usr/bin/clang -D_POSIX_C_SOURCE=200809L -D_XOPEN_SOURCE=700 -Isrc/include -fPIC -Werror=implicit-function-declaration -Werror=implicit-int -Werror=pointer-sign -Werror=pointer-arith -Werror=incompatible-pointer-types -Werror=unguarded-availability -Wno-unused-value -Wno-parentheses -I/private/tmp/mp-skarnet.BQSnVP/prefix/include -isysroot/Library/Developer/CommandLineTools/SDKs/MacOSX15.sdk -pipe -Wall -std=c99 -fno-exceptions -fno-unwind-tables -fno-asynchronous-unwind-tables -ffunction-sections -fdata-sections -O2 -fomit-frame-pointer -pipe -Os -isysroot/Library/Developer/CommandLineTools/SDKs/MacOSX15.sdk -arch arm64 -arch x86_64  -c -o src/libstddjb/ucharn_fmt_little.lo src/libstddjb/ucharn_fmt_little.c
exec /usr/bin/clang -D_POSIX_C_SOURCE=200809L -D_XOPEN_SOURCE=700 -Isrc/include -fPIC -Werror=implicit-function-declaration -Werror=implicit-int -Werror=pointer-sign -Werror=pointer-arith -Werror=incompatible-pointer-types -Werror=unguarded-availability -Wno-unused-value -Wno-parentheses -I/private/tmp/mp-skarnet.BQSnVP/prefix/include -isysroot/Library/Developer/CommandLineTools/SDKs/MacOSX15.sdk -pipe -Wall -std=c99 -fno-exceptions -fno-unwind-tables -fno-asynchronous-unwind-tables -ffunction-sections -fdata-sections -O2 -fomit-frame-pointer -pipe -Os -isysroot/Library/Developer/CommandLineTools/SDKs/MacOSX15.sdk -arch arm64 -arch x86_64  -c -o src/libstddjb/ucharn_scan.lo src/libstddjb/ucharn_scan.c
exec /usr/bin/clang -D_POSIX_C_SOURCE=200809L -D_XOPEN_SOURCE=700 -Isrc/include -fPIC -Werror=implicit-function-declaration -Werror=implicit-int -Werror=pointer-sign -Werror=pointer-arith -Werror=incompatible-pointer-types -Werror=unguarded-availability -Wno-unused-value -Wno-parentheses -I/private/tmp/mp-skarnet.BQSnVP/prefix/include -isysroot/Library/Developer/CommandLineTools/SDKs/MacOSX15.sdk -pipe -Wall -std=c99 -fno-exceptions -fno-unwind-tables -fno-asynchronous-unwind-tables -ffunction-sections -fdata-sections -O2 -fomit-frame-pointer -pipe -Os -isysroot/Library/Developer/CommandLineTools/SDKs/MacOSX15.sdk -arch arm64 -arch x86_64  -c -o src/libstddjb/ucharn_scan_little.lo src/libstddjb/ucharn_scan_little.c
exec /usr/bin/clang -D_POSIX_C_SOURCE=200809L -D_XOPEN_SOURCE=700 -Isrc/include -fPIC -Werror=implicit-function-declaration -Werror=implicit-int -Werror=pointer-sign -Werror=pointer-arith -Werror=incompatible-pointer-types -Werror=unguarded-availability -Wno-unused-value -Wno-parentheses -I/private/tmp/mp-skarnet.BQSnVP/prefix/include -isysroot/Library/Developer/CommandLineTools/SDKs/MacOSX15.sdk -pipe -Wall -std=c99 -fno-exceptions -fno-unwind-tables -fno-asynchronous-unwind-tables -ffunction-sections -fdata-sections -O2 -fomit-frame-pointer -pipe -Os -isysroot/Library/Developer/CommandLineTools/SDKs/MacOSX15.sdk -arch arm64 -arch x86_64  -c -o src/libstddjb/ucspi_get.lo src/libstddjb/ucspi_get.c
exec /usr/bin/clang -D_POSIX_C_SOURCE=200809L -D_XOPEN_SOURCE=700 -Isrc/include -fPIC -Werror=implicit-function-declaration -Werror=implicit-int -Werror=pointer-sign -Werror=pointer-arith -Werror=incompatible-pointer-types -Werror=unguarded-availability -Wno-unused-value -Wno-parentheses -I/private/tmp/mp-skarnet.BQSnVP/prefix/include -isysroot/Library/Developer/CommandLineTools/SDKs/MacOSX15.sdk -pipe -Wall -std=c99 -fno-exceptions -fno-unwind-tables -fno-asynchronous-unwind-tables -ffunction-sections -fdata-sections -O2 -fomit-frame-pointer -pipe -Os -isysroot/Library/Developer/CommandLineTools/SDKs/MacOSX15.sdk -arch arm64 -arch x86_64  -c -o src/libstddjb/uint640_fmt_generic.lo src/libstddjb/uint640_fmt_generic.c
exec /usr/bin/clang -D_POSIX_C_SOURCE=200809L -D_XOPEN_SOURCE=700 -Isrc/include -fPIC -Werror=implicit-function-declaration -Werror=implicit-int -Werror=pointer-sign -Werror=pointer-arith -Werror=incompatible-pointer-types -Werror=unguarded-availability -Wno-unused-value -Wno-parentheses -I/private/tmp/mp-skarnet.BQSnVP/prefix/include -isysroot/Library/Developer/CommandLineTools/SDKs/MacOSX15.sdk -pipe -Wall -std=c99 -fno-exceptions -fno-unwind-tables -fno-asynchronous-unwind-tables -ffunction-sections -fdata-sections -O2 -fomit-frame-pointer -pipe -Os -isysroot/Library/Developer/CommandLineTools/SDKs/MacOSX15.sdk -arch arm64 -arch x86_64  -c -o src/libstddjb/uint640_scan.lo src/libstddjb/uint640_scan.c
exec /usr/bin/clang -D_POSIX_C_SOURCE=200809L -D_XOPEN_SOURCE=700 -Isrc/include -fPIC -Werror=implicit-function-declaration -Werror=implicit-int -Werror=pointer-sign -Werror=pointer-arith -Werror=incompatible-pointer-types -Werror=unguarded-availability -Wno-unused-value -Wno-parentheses -I/private/tmp/mp-skarnet.BQSnVP/prefix/include -isysroot/Library/Developer/CommandLineTools/SDKs/MacOSX15.sdk -pipe -Wall -std=c99 -fno-exceptions -fno-unwind-tables -fno-asynchronous-unwind-tables -ffunction-sections -fdata-sections -O2 -fomit-frame-pointer -pipe -Os -isysroot/Library/Developer/CommandLineTools/SDKs/MacOSX15.sdk -arch arm64 -arch x86_64  -c -o src/libstddjb/uint640_scan_base_max.lo src/libstddjb/uint640_scan_base_max.c
exec /usr/bin/clang -D_POSIX_C_SOURCE=200809L -D_XOPEN_SOURCE=700 -Isrc/include -fPIC -Werror=implicit-function-declaration -Werror=implicit-int -Werror=pointer-sign -Werror=pointer-arith -Werror=incompatible-pointer-types -Werror=unguarded-availability -Wno-unused-value -Wno-parentheses -I/private/tmp/mp-skarnet.BQSnVP/prefix/include -isysroot/Library/Developer/CommandLineTools/SDKs/MacOSX15.sdk -pipe -Wall -std=c99 -fno-exceptions -fno-unwind-tables -fno-asynchronous-unwind-tables -ffunction-sections -fdata-sections -O2 -fomit-frame-pointer -pipe -Os -isysroot/Library/Developer/CommandLineTools/SDKs/MacOSX15.sdk -arch arm64 -arch x86_64  -c -o src/libstddjb/uint64_bswap.lo src/libstddjb/uint64_bswap.c
exec /usr/bin/clang -D_POSIX_C_SOURCE=200809L -D_XOPEN_SOURCE=700 -Isrc/include -fPIC -Werror=implicit-function-declaration -Werror=implicit-int -Werror=pointer-sign -Werror=pointer-arith -Werror=incompatible-pointer-types -Werror=unguarded-availability -Wno-unused-value -Wno-parentheses -I/private/tmp/mp-skarnet.BQSnVP/prefix/include -isysroot/Library/Developer/CommandLineTools/SDKs/MacOSX15.sdk -pipe -Wall -std=c99 -fno-exceptions -fno-unwind-tables -fno-asynchronous-unwind-tables -ffunction-sections -fdata-sections -O2 -fomit-frame-pointer -pipe -Os -isysroot/Library/Developer/CommandLineTools/SDKs/MacOSX15.sdk -arch arm64 -arch x86_64  -c -o src/libstddjb/uint64_bswapn.lo src/libstddjb/uint64_bswapn.c
exec /usr/bin/clang -D_POSIX_C_SOURCE=200809L -D_XOPEN_SOURCE=700 -Isrc/include -fPIC -Werror=implicit-function-declaration -Werror=implicit-int -Werror=pointer-sign -Werror=pointer-arith -Werror=incompatible-pointer-types -Werror=unguarded-availability -Wno-unused-value -Wno-parentheses -I/private/tmp/mp-skarnet.BQSnVP/prefix/include -isysroot/Library/Developer/CommandLineTools/SDKs/MacOSX15.sdk -pipe -Wall -std=c99 -fno-exceptions -fno-unwind-tables -fno-asynchronous-unwind-tables -ffunction-sections -fdata-sections -O2 -fomit-frame-pointer -pipe -Os -isysroot/Library/Developer/CommandLineTools/SDKs/MacOSX15.sdk -arch arm64 -arch x86_64  -c -o src/libstddjb/uint64_bswapp.lo src/libstddjb/uint64_bswapp.c
exec /usr/bin/clang -D_POSIX_C_SOURCE=200809L -D_XOPEN_SOURCE=700 -Isrc/include -fPIC -Werror=implicit-function-declaration -Werror=implicit-int -Werror=pointer-sign -Werror=pointer-arith -Werror=incompatible-pointer-types -Werror=unguarded-availability -Wno-unused-value -Wno-parentheses -I/private/tmp/mp-skarnet.BQSnVP/prefix/include -isysroot/Library/Developer/CommandLineTools/SDKs/MacOSX15.sdk -pipe -Wall -std=c99 -fno-exceptions -fno-unwind-tables -fno-asynchronous-unwind-tables -ffunction-sections -fdata-sections -O2 -fomit-frame-pointer -pipe -Os -isysroot/Library/Developer/CommandLineTools/SDKs/MacOSX15.sdk -arch arm64 -arch x86_64  -c -o src/libstddjb/uint64_fmt_generic.lo src/libstddjb/uint64_fmt_generic.c
exec /usr/bin/clang -D_POSIX_C_SOURCE=200809L -D_XOPEN_SOURCE=700 -Isrc/include -fPIC -Werror=implicit-function-declaration -Werror=implicit-int -Werror=pointer-sign -Werror=pointer-arith -Werror=incompatible-pointer-types -Werror=unguarded-availability -Wno-unused-value -Wno-parentheses -I/private/tmp/mp-skarnet.BQSnVP/prefix/include -isysroot/Library/Developer/CommandLineTools/SDKs/MacOSX15.sdk -pipe -Wall -std=c99 -fno-exceptions -fno-unwind-tables -fno-asynchronous-unwind-tables -ffunction-sections -fdata-sections -O2 -fomit-frame-pointer -pipe -Os -isysroot/Library/Developer/CommandLineTools/SDKs/MacOSX15.sdk -arch arm64 -arch x86_64  -c -o src/libstddjb/uint64_fmtlist.lo src/libstddjb/uint64_fmtlist.c
exec /usr/bin/clang -D_POSIX_C_SOURCE=200809L -D_XOPEN_SOURCE=700 -Isrc/include -fPIC -Werror=implicit-function-declaration -Werror=implicit-int -Werror=pointer-sign -Werror=pointer-arith -Werror=incompatible-pointer-types -Werror=unguarded-availability -Wno-unused-value -Wno-parentheses -I/private/tmp/mp-skarnet.BQSnVP/prefix/include -isysroot/Library/Developer/CommandLineTools/SDKs/MacOSX15.sdk -pipe -Wall -std=c99 -fno-exceptions -fno-unwind-tables -fno-asynchronous-unwind-tables -ffunction-sections -fdata-sections -O2 -fomit-frame-pointer -pipe -Os -isysroot/Library/Developer/CommandLineTools/SDKs/MacOSX15.sdk -arch arm64 -arch x86_64  -c -o src/libstddjb/uint64_fmtlist_generic.lo src/libstddjb/uint64_fmtlist_generic.c
exec /usr/bin/clang -D_POSIX_C_SOURCE=200809L -D_XOPEN_SOURCE=700 -Isrc/include -fPIC -Werror=implicit-function-declaration -Werror=implicit-int -Werror=pointer-sign -Werror=pointer-arith -Werror=incompatible-pointer-types -Werror=unguarded-availability -Wno-unused-value -Wno-parentheses -I/private/tmp/mp-skarnet.BQSnVP/prefix/include -isysroot/Library/Developer/CommandLineTools/SDKs/MacOSX15.sdk -pipe -Wall -std=c99 -fno-exceptions -fno-unwind-tables -fno-asynchronous-unwind-tables -ffunction-sections -fdata-sections -O2 -fomit-frame-pointer -pipe -Os -isysroot/Library/Developer/CommandLineTools/SDKs/MacOSX15.sdk -arch arm64 -arch x86_64  -c -o src/libstddjb/uint64_pack.lo src/libstddjb/uint64_pack.c
exec /usr/bin/clang -D_POSIX_C_SOURCE=200809L -D_XOPEN_SOURCE=700 -Isrc/include -fPIC -Werror=implicit-function-declaration -Werror=implicit-int -Werror=pointer-sign -Werror=pointer-arith -Werror=incompatible-pointer-types -Werror=unguarded-availability -Wno-unused-value -Wno-parentheses -I/private/tmp/mp-skarnet.BQSnVP/prefix/include -isysroot/Library/Developer/CommandLineTools/SDKs/MacOSX15.sdk -pipe -Wall -std=c99 -fno-exceptions -fno-unwind-tables -fno-asynchronous-unwind-tables -ffunction-sections -fdata-sections -O2 -fomit-frame-pointer -pipe -Os -isysroot/Library/Developer/CommandLineTools/SDKs/MacOSX15.sdk -arch arm64 -arch x86_64  -c -o src/libstddjb/uint64_pack_big.lo src/libstddjb/uint64_pack_big.c
exec /usr/bin/clang -D_POSIX_C_SOURCE=200809L -D_XOPEN_SOURCE=700 -Isrc/include -fPIC -Werror=implicit-function-declaration -Werror=implicit-int -Werror=pointer-sign -Werror=pointer-arith -Werror=incompatible-pointer-types -Werror=unguarded-availability -Wno-unused-value -Wno-parentheses -I/private/tmp/mp-skarnet.BQSnVP/prefix/include -isysroot/Library/Developer/CommandLineTools/SDKs/MacOSX15.sdk -pipe -Wall -std=c99 -fno-exceptions -fno-unwind-tables -fno-asynchronous-unwind-tables -ffunction-sections -fdata-sections -O2 -fomit-frame-pointer -pipe -Os -isysroot/Library/Developer/CommandLineTools/SDKs/MacOSX15.sdk -arch arm64 -arch x86_64  -c -o src/libstddjb/uint64_scan.lo src/libstddjb/uint64_scan.c
exec /usr/bin/clang -D_POSIX_C_SOURCE=200809L -D_XOPEN_SOURCE=700 -Isrc/include -fPIC -Werror=implicit-function-declaration -Werror=implicit-int -Werror=pointer-sign -Werror=pointer-arith -Werror=incompatible-pointer-types -Werror=unguarded-availability -Wno-unused-value -Wno-parentheses -I/private/tmp/mp-skarnet.BQSnVP/prefix/include -isysroot/Library/Developer/CommandLineTools/SDKs/MacOSX15.sdk -pipe -Wall -std=c99 -fno-exceptions -fno-unwind-tables -fno-asynchronous-unwind-tables -ffunction-sections -fdata-sections -O2 -fomit-frame-pointer -pipe -Os -isysroot/Library/Developer/CommandLineTools/SDKs/MacOSX15.sdk -arch arm64 -arch x86_64  -c -o src/libstddjb/uint64_scan_base_max.lo src/libstddjb/uint64_scan_base_max.c
exec /usr/bin/clang -D_POSIX_C_SOURCE=200809L -D_XOPEN_SOURCE=700 -Isrc/include -fPIC -Werror=implicit-function-declaration -Werror=implicit-int -Werror=pointer-sign -Werror=pointer-arith -Werror=incompatible-pointer-types -Werror=unguarded-availability -Wno-unused-value -Wno-parentheses -I/private/tmp/mp-skarnet.BQSnVP/prefix/include -isysroot/Library/Developer/CommandLineTools/SDKs/MacOSX15.sdk -pipe -Wall -std=c99 -fno-exceptions -fno-unwind-tables -fno-asynchronous-unwind-tables -ffunction-sections -fdata-sections -O2 -fomit-frame-pointer -pipe -Os -isysroot/Library/Developer/CommandLineTools/SDKs/MacOSX15.sdk -arch arm64 -arch x86_64  -c -o src/libstddjb/uint64_scanlist.lo src/libstddjb/uint64_scanlist.c
exec /usr/bin/clang -D_POSIX_C_SOURCE=200809L -D_XOPEN_SOURCE=700 -Isrc/include -fPIC -Werror=implicit-function-declaration -Werror=implicit-int -Werror=pointer-sign -Werror=pointer-arith -Werror=incompatible-pointer-types -Werror=unguarded-availability -Wno-unused-value -Wno-parentheses -I/private/tmp/mp-skarnet.BQSnVP/prefix/include -isysroot/Library/Developer/CommandLineTools/SDKs/MacOSX15.sdk -pipe -Wall -std=c99 -fno-exceptions -fno-unwind-tables -fno-asynchronous-unwind-tables -ffunction-sections -fdata-sections -O2 -fomit-frame-pointer -pipe -Os -isysroot/Library/Developer/CommandLineTools/SDKs/MacOSX15.sdk -arch arm64 -arch x86_64  -c -o src/libstddjb/uint64_unpack.lo src/libstddjb/uint64_unpack.c
exec /usr/bin/clang -D_POSIX_C_SOURCE=200809L -D_XOPEN_SOURCE=700 -Isrc/include -fPIC -Werror=implicit-function-declaration -Werror=implicit-int -Werror=pointer-sign -Werror=pointer-arith -Werror=incompatible-pointer-types -Werror=unguarded-availability -Wno-unused-value -Wno-parentheses -I/private/tmp/mp-skarnet.BQSnVP/prefix/include -isysroot/Library/Developer/CommandLineTools/SDKs/MacOSX15.sdk -pipe -Wall -std=c99 -fno-exceptions -fno-unwind-tables -fno-asynchronous-unwind-tables -ffunction-sections -fdata-sections -O2 -fomit-frame-pointer -pipe -Os -isysroot/Library/Developer/CommandLineTools/SDKs/MacOSX15.sdk -arch arm64 -arch x86_64  -c -o src/libstddjb/uint64_unpack_big.lo src/libstddjb/uint64_unpack_big.c
exec /usr/bin/clang -D_POSIX_C_SOURCE=200809L -D_XOPEN_SOURCE=700 -Isrc/include -fPIC -Werror=implicit-function-declaration -Werror=implicit-int -Werror=pointer-sign -Werror=pointer-arith -Werror=incompatible-pointer-types -Werror=unguarded-availability -Wno-unused-value -Wno-parentheses -I/private/tmp/mp-skarnet.BQSnVP/prefix/include -isysroot/Library/Developer/CommandLineTools/SDKs/MacOSX15.sdk -pipe -Wall -std=c99 -fno-exceptions -fno-unwind-tables -fno-asynchronous-unwind-tables -ffunction-sections -fdata-sections -O2 -fomit-frame-pointer -pipe -Os -isysroot/Library/Developer/CommandLineTools/SDKs/MacOSX15.sdk -arch arm64 -arch x86_64  -c -o src/libstddjb/uncoe.lo src/libstddjb/uncoe.c
exec /usr/bin/clang -D_POSIX_C_SOURCE=200809L -D_XOPEN_SOURCE=700 -Isrc/include -fPIC -Werror=implicit-function-declaration -Werror=implicit-int -Werror=pointer-sign -Werror=pointer-arith -Werror=incompatible-pointer-types -Werror=unguarded-availability -Wno-unused-value -Wno-parentheses -I/private/tmp/mp-skarnet.BQSnVP/prefix/include -isysroot/Library/Developer/CommandLineTools/SDKs/MacOSX15.sdk -pipe -Wall -std=c99 -fno-exceptions -fno-unwind-tables -fno-asynchronous-unwind-tables -ffunction-sections -fdata-sections -O2 -fomit-frame-pointer -pipe -Os -isysroot/Library/Developer/CommandLineTools/SDKs/MacOSX15.sdk -arch arm64 -arch x86_64  -c -o src/libstddjb/unsanitize_read.lo src/libstddjb/unsanitize_read.c
exec /usr/bin/clang -D_POSIX_C_SOURCE=200809L -D_XOPEN_SOURCE=700 -Isrc/include -fPIC -Werror=implicit-function-declaration -Werror=implicit-int -Werror=pointer-sign -Werror=pointer-arith -Werror=incompatible-pointer-types -Werror=unguarded-availability -Wno-unused-value -Wno-parentheses -I/private/tmp/mp-skarnet.BQSnVP/prefix/include -isysroot/Library/Developer/CommandLineTools/SDKs/MacOSX15.sdk -pipe -Wall -std=c99 -fno-exceptions -fno-unwind-tables -fno-asynchronous-unwind-tables -ffunction-sections -fdata-sections -O2 -fomit-frame-pointer -pipe -Os -isysroot/Library/Developer/CommandLineTools/SDKs/MacOSX15.sdk -arch arm64 -arch x86_64  -c -o src/libstddjb/wait_nointr.lo src/libstddjb/wait_nointr.c
exec /usr/bin/clang -D_POSIX_C_SOURCE=200809L -D_XOPEN_SOURCE=700 -Isrc/include -fPIC -Werror=implicit-function-declaration -Werror=implicit-int -Werror=pointer-sign -Werror=pointer-arith -Werror=incompatible-pointer-types -Werror=unguarded-availability -Wno-unused-value -Wno-parentheses -I/private/tmp/mp-skarnet.BQSnVP/prefix/include -isysroot/Library/Developer/CommandLineTools/SDKs/MacOSX15.sdk -pipe -Wall -std=c99 -fno-exceptions -fno-unwind-tables -fno-asynchronous-unwind-tables -ffunction-sections -fdata-sections -O2 -fomit-frame-pointer -pipe -Os -isysroot/Library/Developer/CommandLineTools/SDKs/MacOSX15.sdk -arch arm64 -arch x86_64  -c -o src/libstddjb/wait_pid_nohang.lo src/libstddjb/wait_pid_nohang.c
exec /usr/bin/clang -D_POSIX_C_SOURCE=200809L -D_XOPEN_SOURCE=700 -Isrc/include -fPIC -Werror=implicit-function-declaration -Werror=implicit-int -Werror=pointer-sign -Werror=pointer-arith -Werror=incompatible-pointer-types -Werror=unguarded-availability -Wno-unused-value -Wno-parentheses -I/private/tmp/mp-skarnet.BQSnVP/prefix/include -isysroot/Library/Developer/CommandLineTools/SDKs/MacOSX15.sdk -pipe -Wall -std=c99 -fno-exceptions -fno-unwind-tables -fno-asynchronous-unwind-tables -ffunction-sections -fdata-sections -O2 -fomit-frame-pointer -pipe -Os -isysroot/Library/Developer/CommandLineTools/SDKs/MacOSX15.sdk -arch arm64 -arch x86_64  -c -o src/libstddjb/wait_pids_nohang.lo src/libstddjb/wait_pids_nohang.c
exec /usr/bin/clang -D_POSIX_C_SOURCE=200809L -D_XOPEN_SOURCE=700 -Isrc/include -fPIC -Werror=implicit-function-declaration -Werror=implicit-int -Werror=pointer-sign -Werror=pointer-arith -Werror=incompatible-pointer-types -Werror=unguarded-availability -Wno-unused-value -Wno-parentheses -I/private/tmp/mp-skarnet.BQSnVP/prefix/include -isysroot/Library/Developer/CommandLineTools/SDKs/MacOSX15.sdk -pipe -Wall -std=c99 -fno-exceptions -fno-unwind-tables -fno-asynchronous-unwind-tables -ffunction-sections -fdata-sections -O2 -fomit-frame-pointer -pipe -Os -isysroot/Library/Developer/CommandLineTools/SDKs/MacOSX15.sdk -arch arm64 -arch x86_64  -c -o src/libstddjb/wait_reap.lo src/libstddjb/wait_reap.c
exec /usr/bin/clang -D_POSIX_C_SOURCE=200809L -D_XOPEN_SOURCE=700 -Isrc/include -fPIC -Werror=implicit-function-declaration -Werror=implicit-int -Werror=pointer-sign -Werror=pointer-arith -Werror=incompatible-pointer-types -Werror=unguarded-availability -Wno-unused-value -Wno-parentheses -I/private/tmp/mp-skarnet.BQSnVP/prefix/include -isysroot/Library/Developer/CommandLineTools/SDKs/MacOSX15.sdk -pipe -Wall -std=c99 -fno-exceptions -fno-unwind-tables -fno-asynchronous-unwind-tables -ffunction-sections -fdata-sections -O2 -fomit-frame-pointer -pipe -Os -isysroot/Library/Developer/CommandLineTools/SDKs/MacOSX15.sdk -arch arm64 -arch x86_64  -c -o src/libstddjb/waitn.lo src/libstddjb/waitn.c
exec /usr/bin/clang -D_POSIX_C_SOURCE=200809L -D_XOPEN_SOURCE=700 -Isrc/include -fPIC -Werror=implicit-function-declaration -Werror=implicit-int -Werror=pointer-sign -Werror=pointer-arith -Werror=incompatible-pointer-types -Werror=unguarded-availability -Wno-unused-value -Wno-parentheses -I/private/tmp/mp-skarnet.BQSnVP/prefix/include -isysroot/Library/Developer/CommandLineTools/SDKs/MacOSX15.sdk -pipe -Wall -std=c99 -fno-exceptions -fno-unwind-tables -fno-asynchronous-unwind-tables -ffunction-sections -fdata-sections -O2 -fomit-frame-pointer -pipe -Os -isysroot/Library/Developer/CommandLineTools/SDKs/MacOSX15.sdk -arch arm64 -arch x86_64  -c -o src/libstddjb/waitn_posix.lo src/libstddjb/waitn_posix.c
exec /usr/bin/clang -D_POSIX_C_SOURCE=200809L -D_XOPEN_SOURCE=700 -Isrc/include -fPIC -Werror=implicit-function-declaration -Werror=implicit-int -Werror=pointer-sign -Werror=pointer-arith -Werror=incompatible-pointer-types -Werror=unguarded-availability -Wno-unused-value -Wno-parentheses -I/private/tmp/mp-skarnet.BQSnVP/prefix/include -isysroot/Library/Developer/CommandLineTools/SDKs/MacOSX15.sdk -pipe -Wall -std=c99 -fno-exceptions -fno-unwind-tables -fno-asynchronous-unwind-tables -ffunction-sections -fdata-sections -O2 -fomit-frame-pointer -pipe -Os -isysroot/Library/Developer/CommandLineTools/SDKs/MacOSX15.sdk -arch arm64 -arch x86_64  -c -o src/libstddjb/waitn_reap.lo src/libstddjb/waitn_reap.c
exec /usr/bin/clang -D_POSIX_C_SOURCE=200809L -D_XOPEN_SOURCE=700 -Isrc/include -fPIC -Werror=implicit-function-declaration -Werror=implicit-int -Werror=pointer-sign -Werror=pointer-arith -Werror=incompatible-pointer-types -Werror=unguarded-availability -Wno-unused-value -Wno-parentheses -I/private/tmp/mp-skarnet.BQSnVP/prefix/include -isysroot/Library/Developer/CommandLineTools/SDKs/MacOSX15.sdk -pipe -Wall -std=c99 -fno-exceptions -fno-unwind-tables -fno-asynchronous-unwind-tables -ffunction-sections -fdata-sections -O2 -fomit-frame-pointer -pipe -Os -isysroot/Library/Developer/CommandLineTools/SDKs/MacOSX15.sdk -arch arm64 -arch x86_64  -c -o src/libstddjb/waitn_reap_posix.lo src/libstddjb/waitn_reap_posix.c
exec /usr/bin/clang -D_POSIX_C_SOURCE=200809L -D_XOPEN_SOURCE=700 -Isrc/include -fPIC -Werror=implicit-function-declaration -Werror=implicit-int -Werror=pointer-sign -Werror=pointer-arith -Werror=incompatible-pointer-types -Werror=unguarded-availability -Wno-unused-value -Wno-parentheses -I/private/tmp/mp-skarnet.BQSnVP/prefix/include -isysroot/Library/Developer/CommandLineTools/SDKs/MacOSX15.sdk -pipe -Wall -std=c99 -fno-exceptions -fno-unwind-tables -fno-asynchronous-unwind-tables -ffunction-sections -fdata-sections -O2 -fomit-frame-pointer -pipe -Os -isysroot/Library/Developer/CommandLineTools/SDKs/MacOSX15.sdk -arch arm64 -arch x86_64  -c -o src/libstddjb/waitpid_nointr.lo src/libstddjb/waitpid_nointr.c
exec /usr/bin/clang -D_POSIX_C_SOURCE=200809L -D_XOPEN_SOURCE=700 -Isrc/include -fPIC -Werror=implicit-function-declaration -Werror=implicit-int -Werror=pointer-sign -Werror=pointer-arith -Werror=incompatible-pointer-types -Werror=unguarded-availability -Wno-unused-value -Wno-parentheses -I/private/tmp/mp-skarnet.BQSnVP/prefix/include -isysroot/Library/Developer/CommandLineTools/SDKs/MacOSX15.sdk -pipe -Wall -std=c99 -fno-exceptions -fno-unwind-tables -fno-asynchronous-unwind-tables -ffunction-sections -fdata-sections -O2 -fomit-frame-pointer -pipe -Os -isysroot/Library/Developer/CommandLineTools/SDKs/MacOSX15.sdk -arch arm64 -arch x86_64  -c -o src/libstddjb/writenclose_unsafe5.lo src/libstddjb/writenclose_unsafe5.c
exec /usr/bin/clang -D_POSIX_C_SOURCE=200809L -D_XOPEN_SOURCE=700 -Isrc/include -fPIC -Werror=implicit-function-declaration -Werror=implicit-int -Werror=pointer-sign -Werror=pointer-arith -Werror=incompatible-pointer-types -Werror=unguarded-availability -Wno-unused-value -Wno-parentheses -I/private/tmp/mp-skarnet.BQSnVP/prefix/include -isysroot/Library/Developer/CommandLineTools/SDKs/MacOSX15.sdk -pipe -Wall -std=c99 -fno-exceptions -fno-unwind-tables -fno-asynchronous-unwind-tables -ffunction-sections -fdata-sections -O2 -fomit-frame-pointer -pipe -Os -isysroot/Library/Developer/CommandLineTools/SDKs/MacOSX15.sdk -arch arm64 -arch x86_64  -c -o src/libstddjb/writevnclose_unsafe5.lo src/libstddjb/writevnclose_unsafe5.c
exec /usr/bin/clang -D_POSIX_C_SOURCE=200809L -D_XOPEN_SOURCE=700 -Isrc/include -fPIC -Werror=implicit-function-declaration -Werror=implicit-int -Werror=pointer-sign -Werror=pointer-arith -Werror=incompatible-pointer-types -Werror=unguarded-availability -Wno-unused-value -Wno-parentheses -I/private/tmp/mp-skarnet.BQSnVP/prefix/include -isysroot/Library/Developer/CommandLineTools/SDKs/MacOSX15.sdk -pipe -Wall -std=c99 -fno-exceptions -fno-unwind-tables -fno-asynchronous-unwind-tables -ffunction-sections -fdata-sections -O2 -fomit-frame-pointer -pipe -Os -isysroot/Library/Developer/CommandLineTools/SDKs/MacOSX15.sdk -arch arm64 -arch x86_64  -c -o src/libunixonacid/access_at.lo src/libunixonacid/access_at.c
exec /usr/bin/clang -D_POSIX_C_SOURCE=200809L -D_XOPEN_SOURCE=700 -Isrc/include -fPIC -Werror=implicit-function-declaration -Werror=implicit-int -Werror=pointer-sign -Werror=pointer-arith -Werror=incompatible-pointer-types -Werror=unguarded-availability -Wno-unused-value -Wno-parentheses -I/private/tmp/mp-skarnet.BQSnVP/prefix/include -isysroot/Library/Developer/CommandLineTools/SDKs/MacOSX15.sdk -pipe -Wall -std=c99 -fno-exceptions -fno-unwind-tables -fno-asynchronous-unwind-tables -ffunction-sections -fdata-sections -O2 -fomit-frame-pointer -pipe -Os -isysroot/Library/Developer/CommandLineTools/SDKs/MacOSX15.sdk -arch arm64 -arch x86_64  -c -o src/libunixonacid/ancil_recv_fd.lo src/libunixonacid/ancil_recv_fd.c
exec /usr/bin/clang -D_POSIX_C_SOURCE=200809L -D_XOPEN_SOURCE=700 -Isrc/include -fPIC -Werror=implicit-function-declaration -Werror=implicit-int -Werror=pointer-sign -Werror=pointer-arith -Werror=incompatible-pointer-types -Werror=unguarded-availability -Wno-unused-value -Wno-parentheses -I/private/tmp/mp-skarnet.BQSnVP/prefix/include -isysroot/Library/Developer/CommandLineTools/SDKs/MacOSX15.sdk -pipe -Wall -std=c99 -fno-exceptions -fno-unwind-tables -fno-asynchronous-unwind-tables -ffunction-sections -fdata-sections -O2 -fomit-frame-pointer -pipe -Os -isysroot/Library/Developer/CommandLineTools/SDKs/MacOSX15.sdk -arch arm64 -arch x86_64  -c -o src/libunixonacid/ancil_send_fd.lo src/libunixonacid/ancil_send_fd.c
exec /usr/bin/clang -D_POSIX_C_SOURCE=200809L -D_XOPEN_SOURCE=700 -Isrc/include -fPIC -Werror=implicit-function-declaration -Werror=implicit-int -Werror=pointer-sign -Werror=pointer-arith -Werror=incompatible-pointer-types -Werror=unguarded-availability -Wno-unused-value -Wno-parentheses -I/private/tmp/mp-skarnet.BQSnVP/prefix/include -isysroot/Library/Developer/CommandLineTools/SDKs/MacOSX15.sdk -pipe -Wall -std=c99 -fno-exceptions -fno-unwind-tables -fno-asynchronous-unwind-tables -ffunction-sections -fdata-sections -O2 -fomit-frame-pointer -pipe -Os -isysroot/Library/Developer/CommandLineTools/SDKs/MacOSX15.sdk -arch arm64 -arch x86_64  -c -o src/libunixonacid/atomic_rm_rf.lo src/libunixonacid/atomic_rm_rf.c
exec /usr/bin/clang -D_POSIX_C_SOURCE=200809L -D_XOPEN_SOURCE=700 -Isrc/include -fPIC -Werror=implicit-function-declaration -Werror=implicit-int -Werror=pointer-sign -Werror=pointer-arith -Werror=incompatible-pointer-types -Werror=unguarded-availability -Wno-unused-value -Wno-parentheses -I/private/tmp/mp-skarnet.BQSnVP/prefix/include -isysroot/Library/Developer/CommandLineTools/SDKs/MacOSX15.sdk -pipe -Wall -std=c99 -fno-exceptions -fno-unwind-tables -fno-asynchronous-unwind-tables -ffunction-sections -fdata-sections -O2 -fomit-frame-pointer -pipe -Os -isysroot/Library/Developer/CommandLineTools/SDKs/MacOSX15.sdk -arch arm64 -arch x86_64  -c -o src/libunixonacid/atomic_rm_rf_tmp.lo src/libunixonacid/atomic_rm_rf_tmp.c
exec /usr/bin/clang -D_POSIX_C_SOURCE=200809L -D_XOPEN_SOURCE=700 -Isrc/include -fPIC -Werror=implicit-function-declaration -Werror=implicit-int -Werror=pointer-sign -Werror=pointer-arith -Werror=incompatible-pointer-types -Werror=unguarded-availability -Wno-unused-value -Wno-parentheses -I/private/tmp/mp-skarnet.BQSnVP/prefix/include -isysroot/Library/Developer/CommandLineTools/SDKs/MacOSX15.sdk -pipe -Wall -std=c99 -fno-exceptions -fno-unwind-tables -fno-asynchronous-unwind-tables -ffunction-sections -fdata-sections -O2 -fomit-frame-pointer -pipe -Os -isysroot/Library/Developer/CommandLineTools/SDKs/MacOSX15.sdk -arch arm64 -arch x86_64  -c -o src/libunixonacid/atomic_symlink.lo src/libunixonacid/atomic_symlink.c
exec /usr/bin/clang -D_POSIX_C_SOURCE=200809L -D_XOPEN_SOURCE=700 -Isrc/include -fPIC -Werror=implicit-function-declaration -Werror=implicit-int -Werror=pointer-sign -Werror=pointer-arith -Werror=incompatible-pointer-types -Werror=unguarded-availability -Wno-unused-value -Wno-parentheses -I/private/tmp/mp-skarnet.BQSnVP/prefix/include -isysroot/Library/Developer/CommandLineTools/SDKs/MacOSX15.sdk -pipe -Wall -std=c99 -fno-exceptions -fno-unwind-tables -fno-asynchronous-unwind-tables -ffunction-sections -fdata-sections -O2 -fomit-frame-pointer -pipe -Os -isysroot/Library/Developer/CommandLineTools/SDKs/MacOSX15.sdk -arch arm64 -arch x86_64  -c -o src/libunixonacid/atomic_symlink4.lo src/libunixonacid/atomic_symlink4.c
exec /usr/bin/clang -D_POSIX_C_SOURCE=200809L -D_XOPEN_SOURCE=700 -Isrc/include -fPIC -Werror=implicit-function-declaration -Werror=implicit-int -Werror=pointer-sign -Werror=pointer-arith -Werror=incompatible-pointer-types -Werror=unguarded-availability -Wno-unused-value -Wno-parentheses -I/private/tmp/mp-skarnet.BQSnVP/prefix/include -isysroot/Library/Developer/CommandLineTools/SDKs/MacOSX15.sdk -pipe -Wall -std=c99 -fno-exceptions -fno-unwind-tables -fno-asynchronous-unwind-tables -ffunction-sections -fdata-sections -O2 -fomit-frame-pointer -pipe -Os -isysroot/Library/Developer/CommandLineTools/SDKs/MacOSX15.sdk -arch arm64 -arch x86_64  -c -o src/libunixonacid/emulate_at.lo src/libunixonacid/emulate_at.c
exec /usr/bin/clang -D_POSIX_C_SOURCE=200809L -D_XOPEN_SOURCE=700 -Isrc/include -fPIC -Werror=implicit-function-declaration -Werror=implicit-int -Werror=pointer-sign -Werror=pointer-arith -Werror=incompatible-pointer-types -Werror=unguarded-availability -Wno-unused-value -Wno-parentheses -I/private/tmp/mp-skarnet.BQSnVP/prefix/include -isysroot/Library/Developer/CommandLineTools/SDKs/MacOSX15.sdk -pipe -Wall -std=c99 -fno-exceptions -fno-unwind-tables -fno-asynchronous-unwind-tables -ffunction-sections -fdata-sections -O2 -fomit-frame-pointer -pipe -Os -isysroot/Library/Developer/CommandLineTools/SDKs/MacOSX15.sdk -arch arm64 -arch x86_64  -c -o src/libunixonacid/open2_at.lo src/libunixonacid/open2_at.c
exec /usr/bin/clang -D_POSIX_C_SOURCE=200809L -D_XOPEN_SOURCE=700 -Isrc/include -fPIC -Werror=implicit-function-declaration -Werror=implicit-int -Werror=pointer-sign -Werror=pointer-arith -Werror=incompatible-pointer-types -Werror=unguarded-availability -Wno-unused-value -Wno-parentheses -I/private/tmp/mp-skarnet.BQSnVP/prefix/include -isysroot/Library/Developer/CommandLineTools/SDKs/MacOSX15.sdk -pipe -Wall -std=c99 -fno-exceptions -fno-unwind-tables -fno-asynchronous-unwind-tables -ffunction-sections -fdata-sections -O2 -fomit-frame-pointer -pipe -Os -isysroot/Library/Developer/CommandLineTools/SDKs/MacOSX15.sdk -arch arm64 -arch x86_64  -c -o src/libunixonacid/open3_at.lo src/libunixonacid/open3_at.c
exec /usr/bin/clang -D_POSIX_C_SOURCE=200809L -D_XOPEN_SOURCE=700 -Isrc/include -fPIC -Werror=implicit-function-declaration -Werror=implicit-int -Werror=pointer-sign -Werror=pointer-arith -Werror=incompatible-pointer-types -Werror=unguarded-availability -Wno-unused-value -Wno-parentheses -I/private/tmp/mp-skarnet.BQSnVP/prefix/include -isysroot/Library/Developer/CommandLineTools/SDKs/MacOSX15.sdk -pipe -Wall -std=c99 -fno-exceptions -fno-unwind-tables -fno-asynchronous-unwind-tables -ffunction-sections -fdata-sections -O2 -fomit-frame-pointer -pipe -Os -isysroot/Library/Developer/CommandLineTools/SDKs/MacOSX15.sdk -arch arm64 -arch x86_64  -c -o src/libunixonacid/open_appendat.lo src/libunixonacid/open_appendat.c
exec /usr/bin/clang -D_POSIX_C_SOURCE=200809L -D_XOPEN_SOURCE=700 -Isrc/include -fPIC -Werror=implicit-function-declaration -Werror=implicit-int -Werror=pointer-sign -Werror=pointer-arith -Werror=incompatible-pointer-types -Werror=unguarded-availability -Wno-unused-value -Wno-parentheses -I/private/tmp/mp-skarnet.BQSnVP/prefix/include -isysroot/Library/Developer/CommandLineTools/SDKs/MacOSX15.sdk -pipe -Wall -std=c99 -fno-exceptions -fno-unwind-tables -fno-asynchronous-unwind-tables -ffunction-sections -fdata-sections -O2 -fomit-frame-pointer -pipe -Os -isysroot/Library/Developer/CommandLineTools/SDKs/MacOSX15.sdk -arch arm64 -arch x86_64  -c -o src/libunixonacid/open_appendatb.lo src/libunixonacid/open_appendatb.c
exec /usr/bin/clang -D_POSIX_C_SOURCE=200809L -D_XOPEN_SOURCE=700 -Isrc/include -fPIC -Werror=implicit-function-declaration -Werror=implicit-int -Werror=pointer-sign -Werror=pointer-arith -Werror=incompatible-pointer-types -Werror=unguarded-availability -Wno-unused-value -Wno-parentheses -I/private/tmp/mp-skarnet.BQSnVP/prefix/include -isysroot/Library/Developer/CommandLineTools/SDKs/MacOSX15.sdk -pipe -Wall -std=c99 -fno-exceptions -fno-unwind-tables -fno-asynchronous-unwind-tables -ffunction-sections -fdata-sections -O2 -fomit-frame-pointer -pipe -Os -isysroot/Library/Developer/CommandLineTools/SDKs/MacOSX15.sdk -arch arm64 -arch x86_64  -c -o src/libunixonacid/open_readat.lo src/libunixonacid/open_readat.c
exec /usr/bin/clang -D_POSIX_C_SOURCE=200809L -D_XOPEN_SOURCE=700 -Isrc/include -fPIC -Werror=implicit-function-declaration -Werror=implicit-int -Werror=pointer-sign -Werror=pointer-arith -Werror=incompatible-pointer-types -Werror=unguarded-availability -Wno-unused-value -Wno-parentheses -I/private/tmp/mp-skarnet.BQSnVP/prefix/include -isysroot/Library/Developer/CommandLineTools/SDKs/MacOSX15.sdk -pipe -Wall -std=c99 -fno-exceptions -fno-unwind-tables -fno-asynchronous-unwind-tables -ffunction-sections -fdata-sections -O2 -fomit-frame-pointer -pipe -Os -isysroot/Library/Developer/CommandLineTools/SDKs/MacOSX15.sdk -arch arm64 -arch x86_64  -c -o src/libunixonacid/open_readatb.lo src/libunixonacid/open_readatb.c
exec /usr/bin/clang -D_POSIX_C_SOURCE=200809L -D_XOPEN_SOURCE=700 -Isrc/include -fPIC -Werror=implicit-function-declaration -Werror=implicit-int -Werror=pointer-sign -Werror=pointer-arith -Werror=incompatible-pointer-types -Werror=unguarded-availability -Wno-unused-value -Wno-parentheses -I/private/tmp/mp-skarnet.BQSnVP/prefix/include -isysroot/Library/Developer/CommandLineTools/SDKs/MacOSX15.sdk -pipe -Wall -std=c99 -fno-exceptions -fno-unwind-tables -fno-asynchronous-unwind-tables -ffunction-sections -fdata-sections -O2 -fomit-frame-pointer -pipe -Os -isysroot/Library/Developer/CommandLineTools/SDKs/MacOSX15.sdk -arch arm64 -arch x86_64  -c -o src/libunixonacid/open_truncat.lo src/libunixonacid/open_truncat.c
exec /usr/bin/clang -D_POSIX_C_SOURCE=200809L -D_XOPEN_SOURCE=700 -Isrc/include -fPIC -Werror=implicit-function-declaration -Werror=implicit-int -Werror=pointer-sign -Werror=pointer-arith -Werror=incompatible-pointer-types -Werror=unguarded-availability -Wno-unused-value -Wno-parentheses -I/private/tmp/mp-skarnet.BQSnVP/prefix/include -isysroot/Library/Developer/CommandLineTools/SDKs/MacOSX15.sdk -pipe -Wall -std=c99 -fno-exceptions -fno-unwind-tables -fno-asynchronous-unwind-tables -ffunction-sections -fdata-sections -O2 -fomit-frame-pointer -pipe -Os -isysroot/Library/Developer/CommandLineTools/SDKs/MacOSX15.sdk -arch arm64 -arch x86_64  -c -o src/libunixonacid/open_truncatb.lo src/libunixonacid/open_truncatb.c
exec /usr/bin/clang -D_POSIX_C_SOURCE=200809L -D_XOPEN_SOURCE=700 -Isrc/include -fPIC -Werror=implicit-function-declaration -Werror=implicit-int -Werror=pointer-sign -Werror=pointer-arith -Werror=incompatible-pointer-types -Werror=unguarded-availability -Wno-unused-value -Wno-parentheses -I/private/tmp/mp-skarnet.BQSnVP/prefix/include -isysroot/Library/Developer/CommandLineTools/SDKs/MacOSX15.sdk -pipe -Wall -std=c99 -fno-exceptions -fno-unwind-tables -fno-asynchronous-unwind-tables -ffunction-sections -fdata-sections -O2 -fomit-frame-pointer -pipe -Os -isysroot/Library/Developer/CommandLineTools/SDKs/MacOSX15.sdk -arch arm64 -arch x86_64  -c -o src/libunixonacid/open_writeat.lo src/libunixonacid/open_writeat.c
exec /usr/bin/clang -D_POSIX_C_SOURCE=200809L -D_XOPEN_SOURCE=700 -Isrc/include -fPIC -Werror=implicit-function-declaration -Werror=implicit-int -Werror=pointer-sign -Werror=pointer-arith -Werror=incompatible-pointer-types -Werror=unguarded-availability -Wno-unused-value -Wno-parentheses -I/private/tmp/mp-skarnet.BQSnVP/prefix/include -isysroot/Library/Developer/CommandLineTools/SDKs/MacOSX15.sdk -pipe -Wall -std=c99 -fno-exceptions -fno-unwind-tables -fno-asynchronous-unwind-tables -ffunction-sections -fdata-sections -O2 -fomit-frame-pointer -pipe -Os -isysroot/Library/Developer/CommandLineTools/SDKs/MacOSX15.sdk -arch arm64 -arch x86_64  -c -o src/libunixonacid/open_writeatb.lo src/libunixonacid/open_writeatb.c
exec /usr/bin/clang -D_POSIX_C_SOURCE=200809L -D_XOPEN_SOURCE=700 -Isrc/include -fPIC -Werror=implicit-function-declaration -Werror=implicit-int -Werror=pointer-sign -Werror=pointer-arith -Werror=incompatible-pointer-types -Werror=unguarded-availability -Wno-unused-value -Wno-parentheses -I/private/tmp/mp-skarnet.BQSnVP/prefix/include -isysroot/Library/Developer/CommandLineTools/SDKs/MacOSX15.sdk -pipe -Wall -std=c99 -fno-exceptions -fno-unwind-tables -fno-asynchronous-unwind-tables -ffunction-sections -fdata-sections -O2 -fomit-frame-pointer -pipe -Os -isysroot/Library/Developer/CommandLineTools/SDKs/MacOSX15.sdk -arch arm64 -arch x86_64  -c -o src/libunixonacid/openc_appendat.lo src/libunixonacid/openc_appendat.c
exec /usr/bin/clang -D_POSIX_C_SOURCE=200809L -D_XOPEN_SOURCE=700 -Isrc/include -fPIC -Werror=implicit-function-declaration -Werror=implicit-int -Werror=pointer-sign -Werror=pointer-arith -Werror=incompatible-pointer-types -Werror=unguarded-availability -Wno-unused-value -Wno-parentheses -I/private/tmp/mp-skarnet.BQSnVP/prefix/include -isysroot/Library/Developer/CommandLineTools/SDKs/MacOSX15.sdk -pipe -Wall -std=c99 -fno-exceptions -fno-unwind-tables -fno-asynchronous-unwind-tables -ffunction-sections -fdata-sections -O2 -fomit-frame-pointer -pipe -Os -isysroot/Library/Developer/CommandLineTools/SDKs/MacOSX15.sdk -arch arm64 -arch x86_64  -c -o src/libunixonacid/openc_appendatb.lo src/libunixonacid/openc_appendatb.c
exec /usr/bin/clang -D_POSIX_C_SOURCE=200809L -D_XOPEN_SOURCE=700 -Isrc/include -fPIC -Werror=implicit-function-declaration -Werror=implicit-int -Werror=pointer-sign -Werror=pointer-arith -Werror=incompatible-pointer-types -Werror=unguarded-availability -Wno-unused-value -Wno-parentheses -I/private/tmp/mp-skarnet.BQSnVP/prefix/include -isysroot/Library/Developer/CommandLineTools/SDKs/MacOSX15.sdk -pipe -Wall -std=c99 -fno-exceptions -fno-unwind-tables -fno-asynchronous-unwind-tables -ffunction-sections -fdata-sections -O2 -fomit-frame-pointer -pipe -Os -isysroot/Library/Developer/CommandLineTools/SDKs/MacOSX15.sdk -arch arm64 -arch x86_64  -c -o src/libunixonacid/openc_readat.lo src/libunixonacid/openc_readat.c
exec /usr/bin/clang -D_POSIX_C_SOURCE=200809L -D_XOPEN_SOURCE=700 -Isrc/include -fPIC -Werror=implicit-function-declaration -Werror=implicit-int -Werror=pointer-sign -Werror=pointer-arith -Werror=incompatible-pointer-types -Werror=unguarded-availability -Wno-unused-value -Wno-parentheses -I/private/tmp/mp-skarnet.BQSnVP/prefix/include -isysroot/Library/Developer/CommandLineTools/SDKs/MacOSX15.sdk -pipe -Wall -std=c99 -fno-exceptions -fno-unwind-tables -fno-asynchronous-unwind-tables -ffunction-sections -fdata-sections -O2 -fomit-frame-pointer -pipe -Os -isysroot/Library/Developer/CommandLineTools/SDKs/MacOSX15.sdk -arch arm64 -arch x86_64  -c -o src/libunixonacid/openc_readatb.lo src/libunixonacid/openc_readatb.c
exec /usr/bin/clang -D_POSIX_C_SOURCE=200809L -D_XOPEN_SOURCE=700 -Isrc/include -fPIC -Werror=implicit-function-declaration -Werror=implicit-int -Werror=pointer-sign -Werror=pointer-arith -Werror=incompatible-pointer-types -Werror=unguarded-availability -Wno-unused-value -Wno-parentheses -I/private/tmp/mp-skarnet.BQSnVP/prefix/include -isysroot/Library/Developer/CommandLineTools/SDKs/MacOSX15.sdk -pipe -Wall -std=c99 -fno-exceptions -fno-unwind-tables -fno-asynchronous-unwind-tables -ffunction-sections -fdata-sections -O2 -fomit-frame-pointer -pipe -Os -isysroot/Library/Developer/CommandLineTools/SDKs/MacOSX15.sdk -arch arm64 -arch x86_64  -c -o src/libunixonacid/openc_truncat.lo src/libunixonacid/openc_truncat.c
exec /usr/bin/clang -D_POSIX_C_SOURCE=200809L -D_XOPEN_SOURCE=700 -Isrc/include -fPIC -Werror=implicit-function-declaration -Werror=implicit-int -Werror=pointer-sign -Werror=pointer-arith -Werror=incompatible-pointer-types -Werror=unguarded-availability -Wno-unused-value -Wno-parentheses -I/private/tmp/mp-skarnet.BQSnVP/prefix/include -isysroot/Library/Developer/CommandLineTools/SDKs/MacOSX15.sdk -pipe -Wall -std=c99 -fno-exceptions -fno-unwind-tables -fno-asynchronous-unwind-tables -ffunction-sections -fdata-sections -O2 -fomit-frame-pointer -pipe -Os -isysroot/Library/Developer/CommandLineTools/SDKs/MacOSX15.sdk -arch arm64 -arch x86_64  -c -o src/libunixonacid/openc_truncatb.lo src/libunixonacid/openc_truncatb.c
exec /usr/bin/clang -D_POSIX_C_SOURCE=200809L -D_XOPEN_SOURCE=700 -Isrc/include -fPIC -Werror=implicit-function-declaration -Werror=implicit-int -Werror=pointer-sign -Werror=pointer-arith -Werror=incompatible-pointer-types -Werror=unguarded-availability -Wno-unused-value -Wno-parentheses -I/private/tmp/mp-skarnet.BQSnVP/prefix/include -isysroot/Library/Developer/CommandLineTools/SDKs/MacOSX15.sdk -pipe -Wall -std=c99 -fno-exceptions -fno-unwind-tables -fno-asynchronous-unwind-tables -ffunction-sections -fdata-sections -O2 -fomit-frame-pointer -pipe -Os -isysroot/Library/Developer/CommandLineTools/SDKs/MacOSX15.sdk -arch arm64 -arch x86_64  -c -o src/libunixonacid/openc_writeat.lo src/libunixonacid/openc_writeat.c
exec /usr/bin/clang -D_POSIX_C_SOURCE=200809L -D_XOPEN_SOURCE=700 -Isrc/include -fPIC -Werror=implicit-function-declaration -Werror=implicit-int -Werror=pointer-sign -Werror=pointer-arith -Werror=incompatible-pointer-types -Werror=unguarded-availability -Wno-unused-value -Wno-parentheses -I/private/tmp/mp-skarnet.BQSnVP/prefix/include -isysroot/Library/Developer/CommandLineTools/SDKs/MacOSX15.sdk -pipe -Wall -std=c99 -fno-exceptions -fno-unwind-tables -fno-asynchronous-unwind-tables -ffunction-sections -fdata-sections -O2 -fomit-frame-pointer -pipe -Os -isysroot/Library/Developer/CommandLineTools/SDKs/MacOSX15.sdk -arch arm64 -arch x86_64  -c -o src/libunixonacid/openc_writeatb.lo src/libunixonacid/openc_writeatb.c
exec /usr/bin/clang -D_POSIX_C_SOURCE=200809L -D_XOPEN_SOURCE=700 -Isrc/include -fPIC -Werror=implicit-function-declaration -Werror=implicit-int -Werror=pointer-sign -Werror=pointer-arith -Werror=incompatible-pointer-types -Werror=unguarded-availability -Wno-unused-value -Wno-parentheses -I/private/tmp/mp-skarnet.BQSnVP/prefix/include -isysroot/Library/Developer/CommandLineTools/SDKs/MacOSX15.sdk -pipe -Wall -std=c99 -fno-exceptions -fno-unwind-tables -fno-asynchronous-unwind-tables -ffunction-sections -fdata-sections -O2 -fomit-frame-pointer -pipe -Os -isysroot/Library/Developer/CommandLineTools/SDKs/MacOSX15.sdk -arch arm64 -arch x86_64  -c -o src/libunixonacid/opendir_at.lo src/libunixonacid/opendir_at.c
exec /usr/bin/clang -D_POSIX_C_SOURCE=200809L -D_XOPEN_SOURCE=700 -Isrc/include -fPIC -Werror=implicit-function-declaration -Werror=implicit-int -Werror=pointer-sign -Werror=pointer-arith -Werror=incompatible-pointer-types -Werror=unguarded-availability -Wno-unused-value -Wno-parentheses -I/private/tmp/mp-skarnet.BQSnVP/prefix/include -isysroot/Library/Developer/CommandLineTools/SDKs/MacOSX15.sdk -pipe -Wall -std=c99 -fno-exceptions -fno-unwind-tables -fno-asynchronous-unwind-tables -ffunction-sections -fdata-sections -O2 -fomit-frame-pointer -pipe -Os -isysroot/Library/Developer/CommandLineTools/SDKs/MacOSX15.sdk -arch arm64 -arch x86_64  -c -o src/libunixonacid/opengetlnclose.lo src/libunixonacid/opengetlnclose.c
exec /usr/bin/clang -D_POSIX_C_SOURCE=200809L -D_XOPEN_SOURCE=700 -Isrc/include -fPIC -Werror=implicit-function-declaration -Werror=implicit-int -Werror=pointer-sign -Werror=pointer-arith -Werror=incompatible-pointer-types -Werror=unguarded-availability -Wno-unused-value -Wno-parentheses -I/private/tmp/mp-skarnet.BQSnVP/prefix/include -isysroot/Library/Developer/CommandLineTools/SDKs/MacOSX15.sdk -pipe -Wall -std=c99 -fno-exceptions -fno-unwind-tables -fno-asynchronous-unwind-tables -ffunction-sections -fdata-sections -O2 -fomit-frame-pointer -pipe -Os -isysroot/Library/Developer/CommandLineTools/SDKs/MacOSX15.sdk -arch arm64 -arch x86_64  -c -o src/libunixonacid/opengetlnclose_at.lo src/libunixonacid/opengetlnclose_at.c
exec /usr/bin/clang -D_POSIX_C_SOURCE=200809L -D_XOPEN_SOURCE=700 -Isrc/include -fPIC -Werror=implicit-function-declaration -Werror=implicit-int -Werror=pointer-sign -Werror=pointer-arith -Werror=incompatible-pointer-types -Werror=unguarded-availability -Wno-unused-value -Wno-parentheses -I/private/tmp/mp-skarnet.BQSnVP/prefix/include -isysroot/Library/Developer/CommandLineTools/SDKs/MacOSX15.sdk -pipe -Wall -std=c99 -fno-exceptions -fno-unwind-tables -fno-asynchronous-unwind-tables -ffunction-sections -fdata-sections -O2 -fomit-frame-pointer -pipe -Os -isysroot/Library/Developer/CommandLineTools/SDKs/MacOSX15.sdk -arch arm64 -arch x86_64  -c -o src/libunixonacid/openreadnclose_at.lo src/libunixonacid/openreadnclose_at.c
exec /usr/bin/clang -D_POSIX_C_SOURCE=200809L -D_XOPEN_SOURCE=700 -Isrc/include -fPIC -Werror=implicit-function-declaration -Werror=implicit-int -Werror=pointer-sign -Werror=pointer-arith -Werror=incompatible-pointer-types -Werror=unguarded-availability -Wno-unused-value -Wno-parentheses -I/private/tmp/mp-skarnet.BQSnVP/prefix/include -isysroot/Library/Developer/CommandLineTools/SDKs/MacOSX15.sdk -pipe -Wall -std=c99 -fno-exceptions -fno-unwind-tables -fno-asynchronous-unwind-tables -ffunction-sections -fdata-sections -O2 -fomit-frame-pointer -pipe -Os -isysroot/Library/Developer/CommandLineTools/SDKs/MacOSX15.sdk -arch arm64 -arch x86_64  -c -o src/libunixonacid/openslurpclose_at.lo src/libunixonacid/openslurpclose_at.c
exec /usr/bin/clang -D_POSIX_C_SOURCE=200809L -D_XOPEN_SOURCE=700 -Isrc/include -fPIC -Werror=implicit-function-declaration -Werror=implicit-int -Werror=pointer-sign -Werror=pointer-arith -Werror=incompatible-pointer-types -Werror=unguarded-availability -Wno-unused-value -Wno-parentheses -I/private/tmp/mp-skarnet.BQSnVP/prefix/include -isysroot/Library/Developer/CommandLineTools/SDKs/MacOSX15.sdk -pipe -Wall -std=c99 -fno-exceptions -fno-unwind-tables -fno-asynchronous-unwind-tables -ffunction-sections -fdata-sections -O2 -fomit-frame-pointer -pipe -Os -isysroot/Library/Developer/CommandLineTools/SDKs/MacOSX15.sdk -arch arm64 -arch x86_64  -c -o src/libunixonacid/openwritenclose_at.lo src/libunixonacid/openwritenclose_at.c
exec /usr/bin/clang -D_POSIX_C_SOURCE=200809L -D_XOPEN_SOURCE=700 -Isrc/include -fPIC -Werror=implicit-function-declaration -Werror=implicit-int -Werror=pointer-sign -Werror=pointer-arith -Werror=incompatible-pointer-types -Werror=unguarded-availability -Wno-unused-value -Wno-parentheses -I/private/tmp/mp-skarnet.BQSnVP/prefix/include -isysroot/Library/Developer/CommandLineTools/SDKs/MacOSX15.sdk -pipe -Wall -std=c99 -fno-exceptions -fno-unwind-tables -fno-asynchronous-unwind-tables -ffunction-sections -fdata-sections -O2 -fomit-frame-pointer -pipe -Os -isysroot/Library/Developer/CommandLineTools/SDKs/MacOSX15.sdk -arch arm64 -arch x86_64  -c -o src/libunixonacid/openwritevnclose_at.lo src/libunixonacid/openwritevnclose_at.c
exec /usr/bin/clang -D_POSIX_C_SOURCE=200809L -D_XOPEN_SOURCE=700 -Isrc/include -fPIC -Werror=implicit-function-declaration -Werror=implicit-int -Werror=pointer-sign -Werror=pointer-arith -Werror=incompatible-pointer-types -Werror=unguarded-availability -Wno-unused-value -Wno-parentheses -I/private/tmp/mp-skarnet.BQSnVP/prefix/include -isysroot/Library/Developer/CommandLineTools/SDKs/MacOSX15.sdk -pipe -Wall -std=c99 -fno-exceptions -fno-unwind-tables -fno-asynchronous-unwind-tables -ffunction-sections -fdata-sections -O2 -fomit-frame-pointer -pipe -Os -isysroot/Library/Developer/CommandLineTools/SDKs/MacOSX15.sdk -arch arm64 -arch x86_64  -c -o src/libunixonacid/stat_at.lo src/libunixonacid/stat_at.c
exec /usr/bin/clang -D_POSIX_C_SOURCE=200809L -D_XOPEN_SOURCE=700 -Isrc/include -fPIC -Werror=implicit-function-declaration -Werror=implicit-int -Werror=pointer-sign -Werror=pointer-arith -Werror=incompatible-pointer-types -Werror=unguarded-availability -Wno-unused-value -Wno-parentheses -I/private/tmp/mp-skarnet.BQSnVP/prefix/include -isysroot/Library/Developer/CommandLineTools/SDKs/MacOSX15.sdk -pipe -Wall -std=c99 -fno-exceptions -fno-unwind-tables -fno-asynchronous-unwind-tables -ffunction-sections -fdata-sections -O2 -fomit-frame-pointer -pipe -Os -isysroot/Library/Developer/CommandLineTools/SDKs/MacOSX15.sdk -arch arm64 -arch x86_64  -c -o src/libunixonacid/symlink_at.lo src/libunixonacid/symlink_at.c
exec env \
	  prefix="/private/tmp/mp-skarnet.BQSnVP/prefix" \
	  library="skarnet" \
	  includedir="/private/tmp/mp-skarnet.BQSnVP/prefix/include" \
	  dynlibdir="/private/tmp/mp-skarnet.BQSnVP/prefix/lib" \
	  libdir="/private/tmp/mp-skarnet.BQSnVP/prefix/lib" \
	  extra_includedirs="" \
	  extra_libdirs="" \
	  extra_libs="" \
	  description="The skarnet.org C programming library (skalibs)" \
	  url="https://skarnet.org/software/skalibs/" \
	  ldlibs="" \
	  ./tools/gen-dotpc.sh > libskarnet.pc.tmp
exec tools/gen-bits.sh sysdeps.cfg/sysdeps 16 6 7 5 17 > src/include/skalibs/uint16.h
exec tools/gen-bits.sh sysdeps.cfg/sysdeps 32 11 13 9 33 > src/include/skalibs/uint32.h
exec /usr/bin/clang -D_POSIX_C_SOURCE=200809L -D_XOPEN_SOURCE=700 -Isrc/include -fPIC -Werror=implicit-function-declaration -Werror=implicit-int -Werror=pointer-sign -Werror=pointer-arith -Werror=incompatible-pointer-types -Werror=unguarded-availability -Wno-unused-value -Wno-parentheses -I/private/tmp/mp-skarnet.BQSnVP/prefix/include -isysroot/Library/Developer/CommandLineTools/SDKs/MacOSX15.sdk -pipe -Wall -std=c99 -fno-exceptions -fno-unwind-tables -fno-asynchronous-unwind-tables -ffunction-sections -fdata-sections -O2 -fomit-frame-pointer -pipe -Os -isysroot/Library/Developer/CommandLineTools/SDKs/MacOSX15.sdk -arch arm64 -arch x86_64  -c -o src/libenvexec/child_spawn1_socket.lo src/libenvexec/child_spawn1_socket.c
exec /usr/bin/clang -D_POSIX_C_SOURCE=200809L -D_XOPEN_SOURCE=700 -Isrc/include -fPIC -Werror=implicit-function-declaration -Werror=implicit-int -Werror=pointer-sign -Werror=pointer-arith -Werror=incompatible-pointer-types -Werror=unguarded-availability -Wno-unused-value -Wno-parentheses -I/private/tmp/mp-skarnet.BQSnVP/prefix/include -isysroot/Library/Developer/CommandLineTools/SDKs/MacOSX15.sdk -pipe -Wall -std=c99 -fno-exceptions -fno-unwind-tables -fno-asynchronous-unwind-tables -ffunction-sections -fdata-sections -O2 -fomit-frame-pointer -pipe -Os -isysroot/Library/Developer/CommandLineTools/SDKs/MacOSX15.sdk -arch arm64 -arch x86_64  -c -o src/libenvexec/cspawn.lo src/libenvexec/cspawn.c
exec mv -f libskarnet.pc.tmp libskarnet.pc
exec /usr/bin/clang -D_POSIX_C_SOURCE=200809L -D_XOPEN_SOURCE=700 -Isrc/include -fPIC -Werror=implicit-function-declaration -Werror=implicit-int -Werror=pointer-sign -Werror=pointer-arith -Werror=incompatible-pointer-types -Werror=unguarded-availability -Wno-unused-value -Wno-parentheses -I/private/tmp/mp-skarnet.BQSnVP/prefix/include -isysroot/Library/Developer/CommandLineTools/SDKs/MacOSX15.sdk -pipe -Wall -std=c99 -fno-exceptions -fno-unwind-tables -fno-asynchronous-unwind-tables -ffunction-sections -fdata-sections -O2 -fomit-frame-pointer -pipe -Os -isysroot/Library/Developer/CommandLineTools/SDKs/MacOSX15.sdk -arch arm64 -arch x86_64  -c -o src/libposixplz/pthread_mutex_tailock.lo src/libposixplz/pthread_mutex_tailock.c
exec /usr/bin/clang -D_POSIX_C_SOURCE=200809L -D_XOPEN_SOURCE=700 -Isrc/include -fPIC -Werror=implicit-function-declaration -Werror=implicit-int -Werror=pointer-sign -Werror=pointer-arith -Werror=incompatible-pointer-types -Werror=unguarded-availability -Wno-unused-value -Wno-parentheses -I/private/tmp/mp-skarnet.BQSnVP/prefix/include -isysroot/Library/Developer/CommandLineTools/SDKs/MacOSX15.sdk -pipe -Wall -std=c99 -fno-exceptions -fno-unwind-tables -fno-asynchronous-unwind-tables -ffunction-sections -fdata-sections -O2 -fomit-frame-pointer -pipe -Os -isysroot/Library/Developer/CommandLineTools/SDKs/MacOSX15.sdk -arch arm64 -arch x86_64  -c -o src/librandom/autosurf.lo src/librandom/autosurf.c
exec /usr/bin/clang -D_POSIX_C_SOURCE=200809L -D_XOPEN_SOURCE=700 -Isrc/include -fPIC -Werror=implicit-function-declaration -Werror=implicit-int -Werror=pointer-sign -Werror=pointer-arith -Werror=incompatible-pointer-types -Werror=unguarded-availability -Wno-unused-value -Wno-parentheses -I/private/tmp/mp-skarnet.BQSnVP/prefix/include -isysroot/Library/Developer/CommandLineTools/SDKs/MacOSX15.sdk -pipe -Wall -std=c99 -fno-exceptions -fno-unwind-tables -fno-asynchronous-unwind-tables -ffunction-sections -fdata-sections -O2 -fomit-frame-pointer -pipe -Os -isysroot/Library/Developer/CommandLineTools/SDKs/MacOSX15.sdk -arch arm64 -arch x86_64  -c -o src/librandom/random_uint32_from.lo src/librandom/random_uint32_from.c
exec /usr/bin/clang -D_POSIX_C_SOURCE=200809L -D_XOPEN_SOURCE=700 -Isrc/include -fPIC -Werror=implicit-function-declaration -Werror=implicit-int -Werror=pointer-sign -Werror=pointer-arith -Werror=incompatible-pointer-types -Werror=unguarded-availability -Wno-unused-value -Wno-parentheses -I/private/tmp/mp-skarnet.BQSnVP/prefix/include -isysroot/Library/Developer/CommandLineTools/SDKs/MacOSX15.sdk -pipe -Wall -std=c99 -fno-exceptions -fno-unwind-tables -fno-asynchronous-unwind-tables -ffunction-sections -fdata-sections -O2 -fomit-frame-pointer -pipe -Os -isysroot/Library/Developer/CommandLineTools/SDKs/MacOSX15.sdk -arch arm64 -arch x86_64  -c -o src/librandom/surf.lo src/librandom/surf.c
exec /usr/bin/clang -D_POSIX_C_SOURCE=200809L -D_XOPEN_SOURCE=700 -Isrc/include -fPIC -Werror=implicit-function-declaration -Werror=implicit-int -Werror=pointer-sign -Werror=pointer-arith -Werror=incompatible-pointer-types -Werror=unguarded-availability -Wno-unused-value -Wno-parentheses -I/private/tmp/mp-skarnet.BQSnVP/prefix/include -isysroot/Library/Developer/CommandLineTools/SDKs/MacOSX15.sdk -pipe -Wall -std=c99 -fno-exceptions -fno-unwind-tables -fno-asynchronous-unwind-tables -ffunction-sections -fdata-sections -O2 -fomit-frame-pointer -pipe -Os -isysroot/Library/Developer/CommandLineTools/SDKs/MacOSX15.sdk -arch arm64 -arch x86_64  -c -o src/librandom/surf_init.lo src/librandom/surf_init.c
exec /usr/bin/clang -D_POSIX_C_SOURCE=200809L -D_XOPEN_SOURCE=700 -Isrc/include -fPIC -Werror=implicit-function-declaration -Werror=implicit-int -Werror=pointer-sign -Werror=pointer-arith -Werror=incompatible-pointer-types -Werror=unguarded-availability -Wno-unused-value -Wno-parentheses -I/private/tmp/mp-skarnet.BQSnVP/prefix/include -isysroot/Library/Developer/CommandLineTools/SDKs/MacOSX15.sdk -pipe -Wall -std=c99 -fno-exceptions -fno-unwind-tables -fno-asynchronous-unwind-tables -ffunction-sections -fdata-sections -O2 -fomit-frame-pointer -pipe -Os -isysroot/Library/Developer/CommandLineTools/SDKs/MacOSX15.sdk -arch arm64 -arch x86_64  -c -o src/libstdcrypto/blake2s_final.lo src/libstdcrypto/blake2s_final.c
exec /usr/bin/clang -D_POSIX_C_SOURCE=200809L -D_XOPEN_SOURCE=700 -Isrc/include -fPIC -Werror=implicit-function-declaration -Werror=implicit-int -Werror=pointer-sign -Werror=pointer-arith -Werror=incompatible-pointer-types -Werror=unguarded-availability -Wno-unused-value -Wno-parentheses -I/private/tmp/mp-skarnet.BQSnVP/prefix/include -isysroot/Library/Developer/CommandLineTools/SDKs/MacOSX15.sdk -pipe -Wall -std=c99 -fno-exceptions -fno-unwind-tables -fno-asynchronous-unwind-tables -ffunction-sections -fdata-sections -O2 -fomit-frame-pointer -pipe -Os -isysroot/Library/Developer/CommandLineTools/SDKs/MacOSX15.sdk -arch arm64 -arch x86_64  -c -o src/libstdcrypto/blake2s_transform.lo src/libstdcrypto/blake2s_transform.c
exec /usr/bin/clang -D_POSIX_C_SOURCE=200809L -D_XOPEN_SOURCE=700 -Isrc/include -fPIC -Werror=implicit-function-declaration -Werror=implicit-int -Werror=pointer-sign -Werror=pointer-arith -Werror=incompatible-pointer-types -Werror=unguarded-availability -Wno-unused-value -Wno-parentheses -I/private/tmp/mp-skarnet.BQSnVP/prefix/include -isysroot/Library/Developer/CommandLineTools/SDKs/MacOSX15.sdk -pipe -Wall -std=c99 -fno-exceptions -fno-unwind-tables -fno-asynchronous-unwind-tables -ffunction-sections -fdata-sections -O2 -fomit-frame-pointer -pipe -Os -isysroot/Library/Developer/CommandLineTools/SDKs/MacOSX15.sdk -arch arm64 -arch x86_64  -c -o src/libstdcrypto/sha1_final.lo src/libstdcrypto/sha1_final.c
exec /usr/bin/clang -D_POSIX_C_SOURCE=200809L -D_XOPEN_SOURCE=700 -Isrc/include -fPIC -Werror=implicit-function-declaration -Werror=implicit-int -Werror=pointer-sign -Werror=pointer-arith -Werror=incompatible-pointer-types -Werror=unguarded-availability -Wno-unused-value -Wno-parentheses -I/private/tmp/mp-skarnet.BQSnVP/prefix/include -isysroot/Library/Developer/CommandLineTools/SDKs/MacOSX15.sdk -pipe -Wall -std=c99 -fno-exceptions -fno-unwind-tables -fno-asynchronous-unwind-tables -ffunction-sections -fdata-sections -O2 -fomit-frame-pointer -pipe -Os -isysroot/Library/Developer/CommandLineTools/SDKs/MacOSX15.sdk -arch arm64 -arch x86_64  -c -o src/libstddjb/alarm_deadline.lo src/libstddjb/alarm_deadline.c
exec /usr/bin/clang -D_POSIX_C_SOURCE=200809L -D_XOPEN_SOURCE=700 -Isrc/include -fPIC -Werror=implicit-function-declaration -Werror=implicit-int -Werror=pointer-sign -Werror=pointer-arith -Werror=incompatible-pointer-types -Werror=unguarded-availability -Wno-unused-value -Wno-parentheses -I/private/tmp/mp-skarnet.BQSnVP/prefix/include -isysroot/Library/Developer/CommandLineTools/SDKs/MacOSX15.sdk -pipe -Wall -std=c99 -fno-exceptions -fno-unwind-tables -fno-asynchronous-unwind-tables -ffunction-sections -fdata-sections -O2 -fomit-frame-pointer -pipe -Os -isysroot/Library/Developer/CommandLineTools/SDKs/MacOSX15.sdk -arch arm64 -arch x86_64  -c -o src/libstddjb/alarm_disable.lo src/libstddjb/alarm_disable.c
exec /usr/bin/clang -D_POSIX_C_SOURCE=200809L -D_XOPEN_SOURCE=700 -Isrc/include -fPIC -Werror=implicit-function-declaration -Werror=implicit-int -Werror=pointer-sign -Werror=pointer-arith -Werror=incompatible-pointer-types -Werror=unguarded-availability -Wno-unused-value -Wno-parentheses -I/private/tmp/mp-skarnet.BQSnVP/prefix/include -isysroot/Library/Developer/CommandLineTools/SDKs/MacOSX15.sdk -pipe -Wall -std=c99 -fno-exceptions -fno-unwind-tables -fno-asynchronous-unwind-tables -ffunction-sections -fdata-sections -O2 -fomit-frame-pointer -pipe -Os -isysroot/Library/Developer/CommandLineTools/SDKs/MacOSX15.sdk -arch arm64 -arch x86_64  -c -o src/libstddjb/alarm_milliseconds.lo src/libstddjb/alarm_milliseconds.c
exec /usr/bin/clang -D_POSIX_C_SOURCE=200809L -D_XOPEN_SOURCE=700 -Isrc/include -fPIC -Werror=implicit-function-declaration -Werror=implicit-int -Werror=pointer-sign -Werror=pointer-arith -Werror=incompatible-pointer-types -Werror=unguarded-availability -Wno-unused-value -Wno-parentheses -I/private/tmp/mp-skarnet.BQSnVP/prefix/include -isysroot/Library/Developer/CommandLineTools/SDKs/MacOSX15.sdk -pipe -Wall -std=c99 -fno-exceptions -fno-unwind-tables -fno-asynchronous-unwind-tables -ffunction-sections -fdata-sections -O2 -fomit-frame-pointer -pipe -Os -isysroot/Library/Developer/CommandLineTools/SDKs/MacOSX15.sdk -arch arm64 -arch x86_64  -c -o src/libstddjb/alarm_timeout.lo src/libstddjb/alarm_timeout.c
exec /usr/bin/clang -D_POSIX_C_SOURCE=200809L -D_XOPEN_SOURCE=700 -Isrc/include -fPIC -Werror=implicit-function-declaration -Werror=implicit-int -Werror=pointer-sign -Werror=pointer-arith -Werror=incompatible-pointer-types -Werror=unguarded-availability -Wno-unused-value -Wno-parentheses -I/private/tmp/mp-skarnet.BQSnVP/prefix/include -isysroot/Library/Developer/CommandLineTools/SDKs/MacOSX15.sdk -pipe -Wall -std=c99 -fno-exceptions -fno-unwind-tables -fno-asynchronous-unwind-tables -ffunction-sections -fdata-sections -O2 -fomit-frame-pointer -pipe -Os -isysroot/Library/Developer/CommandLineTools/SDKs/MacOSX15.sdk -arch arm64 -arch x86_64  -c -o src/libstddjb/cdb_findnext.lo src/libstddjb/cdb_findnext.c
exec /usr/bin/clang -D_POSIX_C_SOURCE=200809L -D_XOPEN_SOURCE=700 -Isrc/include -fPIC -Werror=implicit-function-declaration -Werror=implicit-int -Werror=pointer-sign -Werror=pointer-arith -Werror=incompatible-pointer-types -Werror=unguarded-availability -Wno-unused-value -Wno-parentheses -I/private/tmp/mp-skarnet.BQSnVP/prefix/include -isysroot/Library/Developer/CommandLineTools/SDKs/MacOSX15.sdk -pipe -Wall -std=c99 -fno-exceptions -fno-unwind-tables -fno-asynchronous-unwind-tables -ffunction-sections -fdata-sections -O2 -fomit-frame-pointer -pipe -Os -isysroot/Library/Developer/CommandLineTools/SDKs/MacOSX15.sdk -arch arm64 -arch x86_64  -c -o src/libstddjb/cdb_traverse_next.lo src/libstddjb/cdb_traverse_next.c
exec /usr/bin/clang -D_POSIX_C_SOURCE=200809L -D_XOPEN_SOURCE=700 -Isrc/include -fPIC -Werror=implicit-function-declaration -Werror=implicit-int -Werror=pointer-sign -Werror=pointer-arith -Werror=incompatible-pointer-types -Werror=unguarded-availability -Wno-unused-value -Wno-parentheses -I/private/tmp/mp-skarnet.BQSnVP/prefix/include -isysroot/Library/Developer/CommandLineTools/SDKs/MacOSX15.sdk -pipe -Wall -std=c99 -fno-exceptions -fno-unwind-tables -fno-asynchronous-unwind-tables -ffunction-sections -fdata-sections -O2 -fomit-frame-pointer -pipe -Os -isysroot/Library/Developer/CommandLineTools/SDKs/MacOSX15.sdk -arch arm64 -arch x86_64  -c -o src/libstddjb/cdbmake_add.lo src/libstddjb/cdbmake_add.c
exec /usr/bin/clang -D_POSIX_C_SOURCE=200809L -D_XOPEN_SOURCE=700 -Isrc/include -fPIC -Werror=implicit-function-declaration -Werror=implicit-int -Werror=pointer-sign -Werror=pointer-arith -Werror=incompatible-pointer-types -Werror=unguarded-availability -Wno-unused-value -Wno-parentheses -I/private/tmp/mp-skarnet.BQSnVP/prefix/include -isysroot/Library/Developer/CommandLineTools/SDKs/MacOSX15.sdk -pipe -Wall -std=c99 -fno-exceptions -fno-unwind-tables -fno-asynchronous-unwind-tables -ffunction-sections -fdata-sections -O2 -fomit-frame-pointer -pipe -Os -isysroot/Library/Developer/CommandLineTools/SDKs/MacOSX15.sdk -arch arm64 -arch x86_64  -c -o src/libstddjb/cdbmake_addbeginend.lo src/libstddjb/cdbmake_addbeginend.c
exec /usr/bin/clang -D_POSIX_C_SOURCE=200809L -D_XOPEN_SOURCE=700 -Isrc/include -fPIC -Werror=implicit-function-declaration -Werror=implicit-int -Werror=pointer-sign -Werror=pointer-arith -Werror=incompatible-pointer-types -Werror=unguarded-availability -Wno-unused-value -Wno-parentheses -I/private/tmp/mp-skarnet.BQSnVP/prefix/include -isysroot/Library/Developer/CommandLineTools/SDKs/MacOSX15.sdk -pipe -Wall -std=c99 -fno-exceptions -fno-unwind-tables -fno-asynchronous-unwind-tables -ffunction-sections -fdata-sections -O2 -fomit-frame-pointer -pipe -Os -isysroot/Library/Developer/CommandLineTools/SDKs/MacOSX15.sdk -arch arm64 -arch x86_64  -c -o src/libstddjb/cdbmake_addv.lo src/libstddjb/cdbmake_addv.c
exec /usr/bin/clang -D_POSIX_C_SOURCE=200809L -D_XOPEN_SOURCE=700 -Isrc/include -fPIC -Werror=implicit-function-declaration -Werror=implicit-int -Werror=pointer-sign -Werror=pointer-arith -Werror=incompatible-pointer-types -Werror=unguarded-availability -Wno-unused-value -Wno-parentheses -I/private/tmp/mp-skarnet.BQSnVP/prefix/include -isysroot/Library/Developer/CommandLineTools/SDKs/MacOSX15.sdk -pipe -Wall -std=c99 -fno-exceptions -fno-unwind-tables -fno-asynchronous-unwind-tables -ffunction-sections -fdata-sections -O2 -fomit-frame-pointer -pipe -Os -isysroot/Library/Developer/CommandLineTools/SDKs/MacOSX15.sdk -arch arm64 -arch x86_64  -c -o src/libstddjb/cdbmake_finish.lo src/libstddjb/cdbmake_finish.c
exec /usr/bin/clang -D_POSIX_C_SOURCE=200809L -D_XOPEN_SOURCE=700 -Isrc/include -fPIC -Werror=implicit-function-declaration -Werror=implicit-int -Werror=pointer-sign -Werror=pointer-arith -Werror=incompatible-pointer-types -Werror=unguarded-availability -Wno-unused-value -Wno-parentheses -I/private/tmp/mp-skarnet.BQSnVP/prefix/include -isysroot/Library/Developer/CommandLineTools/SDKs/MacOSX15.sdk -pipe -Wall -std=c99 -fno-exceptions -fno-unwind-tables -fno-asynchronous-unwind-tables -ffunction-sections -fdata-sections -O2 -fomit-frame-pointer -pipe -Os -isysroot/Library/Developer/CommandLineTools/SDKs/MacOSX15.sdk -arch arm64 -arch x86_64  -c -o src/libstddjb/deepsleepuntil.lo src/libstddjb/deepsleepuntil.c
exec /usr/bin/clang -D_POSIX_C_SOURCE=200809L -D_XOPEN_SOURCE=700 -Isrc/include -fPIC -Werror=implicit-function-declaration -Werror=implicit-int -Werror=pointer-sign -Werror=pointer-arith -Werror=incompatible-pointer-types -Werror=unguarded-availability -Wno-unused-value -Wno-parentheses -I/private/tmp/mp-skarnet.BQSnVP/prefix/include -isysroot/Library/Developer/CommandLineTools/SDKs/MacOSX15.sdk -pipe -Wall -std=c99 -fno-exceptions -fno-unwind-tables -fno-asynchronous-unwind-tables -ffunction-sections -fdata-sections -O2 -fomit-frame-pointer -pipe -Os -isysroot/Library/Developer/CommandLineTools/SDKs/MacOSX15.sdk -arch arm64 -arch x86_64  -c -o src/libstddjb/int160_scan.lo src/libstddjb/int160_scan.c
exec /usr/bin/clang -D_POSIX_C_SOURCE=200809L -D_XOPEN_SOURCE=700 -Isrc/include -fPIC -Werror=implicit-function-declaration -Werror=implicit-int -Werror=pointer-sign -Werror=pointer-arith -Werror=incompatible-pointer-types -Werror=unguarded-availability -Wno-unused-value -Wno-parentheses -I/private/tmp/mp-skarnet.BQSnVP/prefix/include -isysroot/Library/Developer/CommandLineTools/SDKs/MacOSX15.sdk -pipe -Wall -std=c99 -fno-exceptions -fno-unwind-tables -fno-asynchronous-unwind-tables -ffunction-sections -fdata-sections -O2 -fomit-frame-pointer -pipe -Os -isysroot/Library/Developer/CommandLineTools/SDKs/MacOSX15.sdk -arch arm64 -arch x86_64  -c -o src/libstddjb/int16_fmtlist.lo src/libstddjb/int16_fmtlist.c
exec /usr/bin/clang -D_POSIX_C_SOURCE=200809L -D_XOPEN_SOURCE=700 -Isrc/include -fPIC -Werror=implicit-function-declaration -Werror=implicit-int -Werror=pointer-sign -Werror=pointer-arith -Werror=incompatible-pointer-types -Werror=unguarded-availability -Wno-unused-value -Wno-parentheses -I/private/tmp/mp-skarnet.BQSnVP/prefix/include -isysroot/Library/Developer/CommandLineTools/SDKs/MacOSX15.sdk -pipe -Wall -std=c99 -fno-exceptions -fno-unwind-tables -fno-asynchronous-unwind-tables -ffunction-sections -fdata-sections -O2 -fomit-frame-pointer -pipe -Os -isysroot/Library/Developer/CommandLineTools/SDKs/MacOSX15.sdk -arch arm64 -arch x86_64  -c -o src/libstddjb/int16_scan.lo src/libstddjb/int16_scan.c
exec /usr/bin/clang -D_POSIX_C_SOURCE=200809L -D_XOPEN_SOURCE=700 -Isrc/include -fPIC -Werror=implicit-function-declaration -Werror=implicit-int -Werror=pointer-sign -Werror=pointer-arith -Werror=incompatible-pointer-types -Werror=unguarded-availability -Wno-unused-value -Wno-parentheses -I/private/tmp/mp-skarnet.BQSnVP/prefix/include -isysroot/Library/Developer/CommandLineTools/SDKs/MacOSX15.sdk -pipe -Wall -std=c99 -fno-exceptions -fno-unwind-tables -fno-asynchronous-unwind-tables -ffunction-sections -fdata-sections -O2 -fomit-frame-pointer -pipe -Os -isysroot/Library/Developer/CommandLineTools/SDKs/MacOSX15.sdk -arch arm64 -arch x86_64  -c -o src/libstddjb/int16_scanlist.lo src/libstddjb/int16_scanlist.c
exec /usr/bin/clang -D_POSIX_C_SOURCE=200809L -D_XOPEN_SOURCE=700 -Isrc/include -fPIC -Werror=implicit-function-declaration -Werror=implicit-int -Werror=pointer-sign -Werror=pointer-arith -Werror=incompatible-pointer-types -Werror=unguarded-availability -Wno-unused-value -Wno-parentheses -I/private/tmp/mp-skarnet.BQSnVP/prefix/include -isysroot/Library/Developer/CommandLineTools/SDKs/MacOSX15.sdk -pipe -Wall -std=c99 -fno-exceptions -fno-unwind-tables -fno-asynchronous-unwind-tables -ffunction-sections -fdata-sections -O2 -fomit-frame-pointer -pipe -Os -isysroot/Library/Developer/CommandLineTools/SDKs/MacOSX15.sdk -arch arm64 -arch x86_64  -c -o src/libstddjb/int320_scan.lo src/libstddjb/int320_scan.c
exec /usr/bin/clang -D_POSIX_C_SOURCE=200809L -D_XOPEN_SOURCE=700 -Isrc/include -fPIC -Werror=implicit-function-declaration -Werror=implicit-int -Werror=pointer-sign -Werror=pointer-arith -Werror=incompatible-pointer-types -Werror=unguarded-availability -Wno-unused-value -Wno-parentheses -I/private/tmp/mp-skarnet.BQSnVP/prefix/include -isysroot/Library/Developer/CommandLineTools/SDKs/MacOSX15.sdk -pipe -Wall -std=c99 -fno-exceptions -fno-unwind-tables -fno-asynchronous-unwind-tables -ffunction-sections -fdata-sections -O2 -fomit-frame-pointer -pipe -Os -isysroot/Library/Developer/CommandLineTools/SDKs/MacOSX15.sdk -arch arm64 -arch x86_64  -c -o src/libstddjb/int32_fmtlist.lo src/libstddjb/int32_fmtlist.c
exec /usr/bin/clang -D_POSIX_C_SOURCE=200809L -D_XOPEN_SOURCE=700 -Isrc/include -fPIC -Werror=implicit-function-declaration -Werror=implicit-int -Werror=pointer-sign -Werror=pointer-arith -Werror=incompatible-pointer-types -Werror=unguarded-availability -Wno-unused-value -Wno-parentheses -I/private/tmp/mp-skarnet.BQSnVP/prefix/include -isysroot/Library/Developer/CommandLineTools/SDKs/MacOSX15.sdk -pipe -Wall -std=c99 -fno-exceptions -fno-unwind-tables -fno-asynchronous-unwind-tables -ffunction-sections -fdata-sections -O2 -fomit-frame-pointer -pipe -Os -isysroot/Library/Developer/CommandLineTools/SDKs/MacOSX15.sdk -arch arm64 -arch x86_64  -c -o src/libstddjb/int32_scan.lo src/libstddjb/int32_scan.c
exec /usr/bin/clang -D_POSIX_C_SOURCE=200809L -D_XOPEN_SOURCE=700 -Isrc/include -fPIC -Werror=implicit-function-declaration -Werror=implicit-int -Werror=pointer-sign -Werror=pointer-arith -Werror=incompatible-pointer-types -Werror=unguarded-availability -Wno-unused-value -Wno-parentheses -I/private/tmp/mp-skarnet.BQSnVP/prefix/include -isysroot/Library/Developer/CommandLineTools/SDKs/MacOSX15.sdk -pipe -Wall -std=c99 -fno-exceptions -fno-unwind-tables -fno-asynchronous-unwind-tables -ffunction-sections -fdata-sections -O2 -fomit-frame-pointer -pipe -Os -isysroot/Library/Developer/CommandLineTools/SDKs/MacOSX15.sdk -arch arm64 -arch x86_64  -c -o src/libstddjb/int32_scanlist.lo src/libstddjb/int32_scanlist.c
exec /usr/bin/clang -D_POSIX_C_SOURCE=200809L -D_XOPEN_SOURCE=700 -Isrc/include -fPIC -Werror=implicit-function-declaration -Werror=implicit-int -Werror=pointer-sign -Werror=pointer-arith -Werror=incompatible-pointer-types -Werror=unguarded-availability -Wno-unused-value -Wno-parentheses -I/private/tmp/mp-skarnet.BQSnVP/prefix/include -isysroot/Library/Developer/CommandLineTools/SDKs/MacOSX15.sdk -pipe -Wall -std=c99 -fno-exceptions -fno-unwind-tables -fno-asynchronous-unwind-tables -ffunction-sections -fdata-sections -O2 -fomit-frame-pointer -pipe -Os -isysroot/Library/Developer/CommandLineTools/SDKs/MacOSX15.sdk -arch arm64 -arch x86_64  -c -o src/libstddjb/iopause.lo src/libstddjb/iopause.c
exec /usr/bin/clang -D_POSIX_C_SOURCE=200809L -D_XOPEN_SOURCE=700 -Isrc/include -fPIC -Werror=implicit-function-declaration -Werror=implicit-int -Werror=pointer-sign -Werror=pointer-arith -Werror=incompatible-pointer-types -Werror=unguarded-availability -Wno-unused-value -Wno-parentheses -I/private/tmp/mp-skarnet.BQSnVP/prefix/include -isysroot/Library/Developer/CommandLineTools/SDKs/MacOSX15.sdk -pipe -Wall -std=c99 -fno-exceptions -fno-unwind-tables -fno-asynchronous-unwind-tables -ffunction-sections -fdata-sections -O2 -fomit-frame-pointer -pipe -Os -isysroot/Library/Developer/CommandLineTools/SDKs/MacOSX15.sdk -arch arm64 -arch x86_64  -c -o src/libstddjb/iopause_poll.lo src/libstddjb/iopause_poll.c
exec /usr/bin/clang -D_POSIX_C_SOURCE=200809L -D_XOPEN_SOURCE=700 -Isrc/include -fPIC -Werror=implicit-function-declaration -Werror=implicit-int -Werror=pointer-sign -Werror=pointer-arith -Werror=incompatible-pointer-types -Werror=unguarded-availability -Wno-unused-value -Wno-parentheses -I/private/tmp/mp-skarnet.BQSnVP/prefix/include -isysroot/Library/Developer/CommandLineTools/SDKs/MacOSX15.sdk -pipe -Wall -std=c99 -fno-exceptions -fno-unwind-tables -fno-asynchronous-unwind-tables -ffunction-sections -fdata-sections -O2 -fomit-frame-pointer -pipe -Os -isysroot/Library/Developer/CommandLineTools/SDKs/MacOSX15.sdk -arch arm64 -arch x86_64  -c -o src/libstddjb/iopause_ppoll.lo src/libstddjb/iopause_ppoll.c
exec /usr/bin/clang -D_POSIX_C_SOURCE=200809L -D_XOPEN_SOURCE=700 -Isrc/include -fPIC -Werror=implicit-function-declaration -Werror=implicit-int -Werror=pointer-sign -Werror=pointer-arith -Werror=incompatible-pointer-types -Werror=unguarded-availability -Wno-unused-value -Wno-parentheses -I/private/tmp/mp-skarnet.BQSnVP/prefix/include -isysroot/Library/Developer/CommandLineTools/SDKs/MacOSX15.sdk -pipe -Wall -std=c99 -fno-exceptions -fno-unwind-tables -fno-asynchronous-unwind-tables -ffunction-sections -fdata-sections -O2 -fomit-frame-pointer -pipe -Os -isysroot/Library/Developer/CommandLineTools/SDKs/MacOSX15.sdk -arch arm64 -arch x86_64  -c -o src/libstddjb/iopause_select.lo src/libstddjb/iopause_select.c
exec /usr/bin/clang -D_POSIX_C_SOURCE=200809L -D_XOPEN_SOURCE=700 -Isrc/include -fPIC -Werror=implicit-function-declaration -Werror=implicit-int -Werror=pointer-sign -Werror=pointer-arith -Werror=incompatible-pointer-types -Werror=unguarded-availability -Wno-unused-value -Wno-parentheses -I/private/tmp/mp-skarnet.BQSnVP/prefix/include -isysroot/Library/Developer/CommandLineTools/SDKs/MacOSX15.sdk -pipe -Wall -std=c99 -fno-exceptions -fno-unwind-tables -fno-asynchronous-unwind-tables -ffunction-sections -fdata-sections -O2 -fomit-frame-pointer -pipe -Os -isysroot/Library/Developer/CommandLineTools/SDKs/MacOSX15.sdk -arch arm64 -arch x86_64  -c -o src/libstddjb/iopause_stamp.lo src/libstddjb/iopause_stamp.c
exec /usr/bin/clang -D_POSIX_C_SOURCE=200809L -D_XOPEN_SOURCE=700 -Isrc/include -fPIC -Werror=implicit-function-declaration -Werror=implicit-int -Werror=pointer-sign -Werror=pointer-arith -Werror=incompatible-pointer-types -Werror=unguarded-availability -Wno-unused-value -Wno-parentheses -I/private/tmp/mp-skarnet.BQSnVP/prefix/include -isysroot/Library/Developer/CommandLineTools/SDKs/MacOSX15.sdk -pipe -Wall -std=c99 -fno-exceptions -fno-unwind-tables -fno-asynchronous-unwind-tables -ffunction-sections -fdata-sections -O2 -fomit-frame-pointer -pipe -Os -isysroot/Library/Developer/CommandLineTools/SDKs/MacOSX15.sdk -arch arm64 -arch x86_64  -c -o src/libstddjb/ip4_fmt.lo src/libstddjb/ip4_fmt.c
exec /usr/bin/clang -D_POSIX_C_SOURCE=200809L -D_XOPEN_SOURCE=700 -Isrc/include -fPIC -Werror=implicit-function-declaration -Werror=implicit-int -Werror=pointer-sign -Werror=pointer-arith -Werror=incompatible-pointer-types -Werror=unguarded-availability -Wno-unused-value -Wno-parentheses -I/private/tmp/mp-skarnet.BQSnVP/prefix/include -isysroot/Library/Developer/CommandLineTools/SDKs/MacOSX15.sdk -pipe -Wall -std=c99 -fno-exceptions -fno-unwind-tables -fno-asynchronous-unwind-tables -ffunction-sections -fdata-sections -O2 -fomit-frame-pointer -pipe -Os -isysroot/Library/Developer/CommandLineTools/SDKs/MacOSX15.sdk -arch arm64 -arch x86_64  -c -o src/libstddjb/ip4_fmtu32.lo src/libstddjb/ip4_fmtu32.c
exec /usr/bin/clang -D_POSIX_C_SOURCE=200809L -D_XOPEN_SOURCE=700 -Isrc/include -fPIC -Werror=implicit-function-declaration -Werror=implicit-int -Werror=pointer-sign -Werror=pointer-arith -Werror=incompatible-pointer-types -Werror=unguarded-availability -Wno-unused-value -Wno-parentheses -I/private/tmp/mp-skarnet.BQSnVP/prefix/include -isysroot/Library/Developer/CommandLineTools/SDKs/MacOSX15.sdk -pipe -Wall -std=c99 -fno-exceptions -fno-unwind-tables -fno-asynchronous-unwind-tables -ffunction-sections -fdata-sections -O2 -fomit-frame-pointer -pipe -Os -isysroot/Library/Developer/CommandLineTools/SDKs/MacOSX15.sdk -arch arm64 -arch x86_64  -c -o src/libstddjb/ip4_netmask.lo src/libstddjb/ip4_netmask.c
exec /usr/bin/clang -D_POSIX_C_SOURCE=200809L -D_XOPEN_SOURCE=700 -Isrc/include -fPIC -Werror=implicit-function-declaration -Werror=implicit-int -Werror=pointer-sign -Werror=pointer-arith -Werror=incompatible-pointer-types -Werror=unguarded-availability -Wno-unused-value -Wno-parentheses -I/private/tmp/mp-skarnet.BQSnVP/prefix/include -isysroot/Library/Developer/CommandLineTools/SDKs/MacOSX15.sdk -pipe -Wall -std=c99 -fno-exceptions -fno-unwind-tables -fno-asynchronous-unwind-tables -ffunction-sections -fdata-sections -O2 -fomit-frame-pointer -pipe -Os -isysroot/Library/Developer/CommandLineTools/SDKs/MacOSX15.sdk -arch arm64 -arch x86_64  -c -o src/libstddjb/ip4_scan.lo src/libstddjb/ip4_scan.c
src/libstddjb/ip4_netmask.c:11:30: warning: operator '<<' has lower precedence than '-'; '-' will be evaluated first [-Wshift-op-parentheses]
   11 |   u &= netmask ? ~((1u << 32 - netmask) - 1) : 0 ;
      |                        ~~ ~~~^~~~~~~~~
src/libstddjb/ip4_netmask.c:11:30: note: place parentheses around the '-' expression to silence this warning
   11 |   u &= netmask ? ~((1u << 32 - netmask) - 1) : 0 ;
      |                              ^        
      |                           (           )
1 warning generated.
src/libstddjb/ip4_netmask.c:11:30: warning: operator '<<' has lower precedence than '-'; '-' will be evaluated first [-Wshift-op-parentheses]
   11 |   u &= netmask ? ~((1u << 32 - netmask) - 1) : 0 ;
      |                        ~~ ~~~^~~~~~~~~
src/libstddjb/ip4_netmask.c:11:30: note: place parentheses around the '-' expression to silence this warning
   11 |   u &= netmask ? ~((1u << 32 - netmask) - 1) : 0 ;
      |                              ^        
      |                           (           )
1 warning generated.
exec /usr/bin/clang -D_POSIX_C_SOURCE=200809L -D_XOPEN_SOURCE=700 -Isrc/include -fPIC -Werror=implicit-function-declaration -Werror=implicit-int -Werror=pointer-sign -Werror=pointer-arith -Werror=incompatible-pointer-types -Werror=unguarded-availability -Wno-unused-value -Wno-parentheses -I/private/tmp/mp-skarnet.BQSnVP/prefix/include -isysroot/Library/Developer/CommandLineTools/SDKs/MacOSX15.sdk -pipe -Wall -std=c99 -fno-exceptions -fno-unwind-tables -fno-asynchronous-unwind-tables -ffunction-sections -fdata-sections -O2 -fomit-frame-pointer -pipe -Os -isysroot/Library/Developer/CommandLineTools/SDKs/MacOSX15.sdk -arch arm64 -arch x86_64  -c -o src/libstddjb/ip4_scanu32.lo src/libstddjb/ip4_scanu32.c
exec /usr/bin/clang -D_POSIX_C_SOURCE=200809L -D_XOPEN_SOURCE=700 -Isrc/include -fPIC -Werror=implicit-function-declaration -Werror=implicit-int -Werror=pointer-sign -Werror=pointer-arith -Werror=incompatible-pointer-types -Werror=unguarded-availability -Wno-unused-value -Wno-parentheses -I/private/tmp/mp-skarnet.BQSnVP/prefix/include -isysroot/Library/Developer/CommandLineTools/SDKs/MacOSX15.sdk -pipe -Wall -std=c99 -fno-exceptions -fno-unwind-tables -fno-asynchronous-unwind-tables -ffunction-sections -fdata-sections -O2 -fomit-frame-pointer -pipe -Os -isysroot/Library/Developer/CommandLineTools/SDKs/MacOSX15.sdk -arch arm64 -arch x86_64  -c -o src/libstddjb/ip6_scan.lo src/libstddjb/ip6_scan.c
src/libstddjb/ip6_scan.c:68:20: warning: '&&' within '||' [-Wlogical-op-parentheses]
   68 |       if (pos == 8 && j < 8 || (pos < 8 && j > 6)) return 0 ;
      |           ~~~~~~~~~^~~~~~~~ ~~
src/libstddjb/ip6_scan.c:68:20: note: place parentheses around the '&&' expression to silence this warning
   68 |       if (pos == 8 && j < 8 || (pos < 8 && j > 6)) return 0 ;
      |                    ^
      |           (                )
src/libstddjb/ip6_scan.c:74:20: warning: '&&' within '||' [-Wlogical-op-parentheses]
   74 |       if (pos == 8 && j != 6 || (pos < 8 && j > 4)) return 0 ;
      |           ~~~~~~~~~^~~~~~~~~ ~~
src/libstddjb/ip6_scan.c:74:20: note: place parentheses around the '&&' expression to silence this warning
   74 |       if (pos == 8 && j != 6 || (pos < 8 && j > 4)) return 0 ;
      |                    ^
      |           (                 )
exec /usr/bin/clang -D_POSIX_C_SOURCE=200809L -D_XOPEN_SOURCE=700 -Isrc/include -fPIC -Werror=implicit-function-declaration -Werror=implicit-int -Werror=pointer-sign -Werror=pointer-arith -Werror=incompatible-pointer-types -Werror=unguarded-availability -Wno-unused-value -Wno-parentheses -I/private/tmp/mp-skarnet.BQSnVP/prefix/include -isysroot/Library/Developer/CommandLineTools/SDKs/MacOSX15.sdk -pipe -Wall -std=c99 -fno-exceptions -fno-unwind-tables -fno-asynchronous-unwind-tables -ffunction-sections -fdata-sections -O2 -fomit-frame-pointer -pipe -Os -isysroot/Library/Developer/CommandLineTools/SDKs/MacOSX15.sdk -arch arm64 -arch x86_64  -c -o src/libstddjb/ipc_accept.lo src/libstddjb/ipc_accept.c
2 warnings generated.
src/libstddjb/ip6_scan.c:68:20: warning: '&&' within '||' [-Wlogical-op-parentheses]
   68 |       if (pos == 8 && j < 8 || (pos < 8 && j > 6)) return 0 ;
      |           ~~~~~~~~~^~~~~~~~ ~~
src/libstddjb/ip6_scan.c:68:20: note: place parentheses around the '&&' expression to silence this warning
   68 |       if (pos == 8 && j < 8 || (pos < 8 && j > 6)) return 0 ;
      |                    ^
      |           (                )
src/libstddjb/ip6_scan.c:74:20: warning: '&&' within '||' [-Wlogical-op-parentheses]
   74 |       if (pos == 8 && j != 6 || (pos < 8 && j > 4)) return 0 ;
      |           ~~~~~~~~~^~~~~~~~~ ~~
src/libstddjb/ip6_scan.c:74:20: note: place parentheses around the '&&' expression to silence this warning
   74 |       if (pos == 8 && j != 6 || (pos < 8 && j > 4)) return 0 ;
      |                    ^
      |           (                 )
2 warnings generated.
exec /usr/bin/clang -D_POSIX_C_SOURCE=200809L -D_XOPEN_SOURCE=700 -Isrc/include -fPIC -Werror=implicit-function-declaration -Werror=implicit-int -Werror=pointer-sign -Werror=pointer-arith -Werror=incompatible-pointer-types -Werror=unguarded-availability -Wno-unused-value -Wno-parentheses -I/private/tmp/mp-skarnet.BQSnVP/prefix/include -isysroot/Library/Developer/CommandLineTools/SDKs/MacOSX15.sdk -pipe -Wall -std=c99 -fno-exceptions -fno-unwind-tables -fno-asynchronous-unwind-tables -ffunction-sections -fdata-sections -O2 -fomit-frame-pointer -pipe -Os -isysroot/Library/Developer/CommandLineTools/SDKs/MacOSX15.sdk -arch arm64 -arch x86_64  -c -o src/libstddjb/ipc_bind.lo src/libstddjb/ipc_bind.c
exec /usr/bin/clang -D_POSIX_C_SOURCE=200809L -D_XOPEN_SOURCE=700 -Isrc/include -fPIC -Werror=implicit-function-declaration -Werror=implicit-int -Werror=pointer-sign -Werror=pointer-arith -Werror=incompatible-pointer-types -Werror=unguarded-availability -Wno-unused-value -Wno-parentheses -I/private/tmp/mp-skarnet.BQSnVP/prefix/include -isysroot/Library/Developer/CommandLineTools/SDKs/MacOSX15.sdk -pipe -Wall -std=c99 -fno-exceptions -fno-unwind-tables -fno-asynchronous-unwind-tables -ffunction-sections -fdata-sections -O2 -fomit-frame-pointer -pipe -Os -isysroot/Library/Developer/CommandLineTools/SDKs/MacOSX15.sdk -arch arm64 -arch x86_64  -c -o src/libstddjb/ipc_bind_reuse.lo src/libstddjb/ipc_bind_reuse.c
exec /usr/bin/clang -D_POSIX_C_SOURCE=200809L -D_XOPEN_SOURCE=700 -Isrc/include -fPIC -Werror=implicit-function-declaration -Werror=implicit-int -Werror=pointer-sign -Werror=pointer-arith -Werror=incompatible-pointer-types -Werror=unguarded-availability -Wno-unused-value -Wno-parentheses -I/private/tmp/mp-skarnet.BQSnVP/prefix/include -isysroot/Library/Developer/CommandLineTools/SDKs/MacOSX15.sdk -pipe -Wall -std=c99 -fno-exceptions -fno-unwind-tables -fno-asynchronous-unwind-tables -ffunction-sections -fdata-sections -O2 -fomit-frame-pointer -pipe -Os -isysroot/Library/Developer/CommandLineTools/SDKs/MacOSX15.sdk -arch arm64 -arch x86_64  -c -o src/libstddjb/ipc_bind_reuse_lock_perms.lo src/libstddjb/ipc_bind_reuse_lock_perms.c
exec /usr/bin/clang -D_POSIX_C_SOURCE=200809L -D_XOPEN_SOURCE=700 -Isrc/include -fPIC -Werror=implicit-function-declaration -Werror=implicit-int -Werror=pointer-sign -Werror=pointer-arith -Werror=incompatible-pointer-types -Werror=unguarded-availability -Wno-unused-value -Wno-parentheses -I/private/tmp/mp-skarnet.BQSnVP/prefix/include -isysroot/Library/Developer/CommandLineTools/SDKs/MacOSX15.sdk -pipe -Wall -std=c99 -fno-exceptions -fno-unwind-tables -fno-asynchronous-unwind-tables -ffunction-sections -fdata-sections -O2 -fomit-frame-pointer -pipe -Os -isysroot/Library/Developer/CommandLineTools/SDKs/MacOSX15.sdk -arch arm64 -arch x86_64  -c -o src/libstddjb/ipc_bind_reuse_perms.lo src/libstddjb/ipc_bind_reuse_perms.c
exec /usr/bin/clang -D_POSIX_C_SOURCE=200809L -D_XOPEN_SOURCE=700 -Isrc/include -fPIC -Werror=implicit-function-declaration -Werror=implicit-int -Werror=pointer-sign -Werror=pointer-arith -Werror=incompatible-pointer-types -Werror=unguarded-availability -Wno-unused-value -Wno-parentheses -I/private/tmp/mp-skarnet.BQSnVP/prefix/include -isysroot/Library/Developer/CommandLineTools/SDKs/MacOSX15.sdk -pipe -Wall -std=c99 -fno-exceptions -fno-unwind-tables -fno-asynchronous-unwind-tables -ffunction-sections -fdata-sections -O2 -fomit-frame-pointer -pipe -Os -isysroot/Library/Developer/CommandLineTools/SDKs/MacOSX15.sdk -arch arm64 -arch x86_64  -c -o src/libstddjb/ipc_connect.lo src/libstddjb/ipc_connect.c
exec /usr/bin/clang -D_POSIX_C_SOURCE=200809L -D_XOPEN_SOURCE=700 -Isrc/include -fPIC -Werror=implicit-function-declaration -Werror=implicit-int -Werror=pointer-sign -Werror=pointer-arith -Werror=incompatible-pointer-types -Werror=unguarded-availability -Wno-unused-value -Wno-parentheses -I/private/tmp/mp-skarnet.BQSnVP/prefix/include -isysroot/Library/Developer/CommandLineTools/SDKs/MacOSX15.sdk -pipe -Wall -std=c99 -fno-exceptions -fno-unwind-tables -fno-asynchronous-unwind-tables -ffunction-sections -fdata-sections -O2 -fomit-frame-pointer -pipe -Os -isysroot/Library/Developer/CommandLineTools/SDKs/MacOSX15.sdk -arch arm64 -arch x86_64  -c -o src/libstddjb/ipc_connected.lo src/libstddjb/ipc_connected.c
exec /usr/bin/clang -D_POSIX_C_SOURCE=200809L -D_XOPEN_SOURCE=700 -Isrc/include -fPIC -Werror=implicit-function-declaration -Werror=implicit-int -Werror=pointer-sign -Werror=pointer-arith -Werror=incompatible-pointer-types -Werror=unguarded-availability -Wno-unused-value -Wno-parentheses -I/private/tmp/mp-skarnet.BQSnVP/prefix/include -isysroot/Library/Developer/CommandLineTools/SDKs/MacOSX15.sdk -pipe -Wall -std=c99 -fno-exceptions -fno-unwind-tables -fno-asynchronous-unwind-tables -ffunction-sections -fdata-sections -O2 -fomit-frame-pointer -pipe -Os -isysroot/Library/Developer/CommandLineTools/SDKs/MacOSX15.sdk -arch arm64 -arch x86_64  -c -o src/libstddjb/ipc_dgram.lo src/libstddjb/ipc_dgram.c
exec /usr/bin/clang -D_POSIX_C_SOURCE=200809L -D_XOPEN_SOURCE=700 -Isrc/include -fPIC -Werror=implicit-function-declaration -Werror=implicit-int -Werror=pointer-sign -Werror=pointer-arith -Werror=incompatible-pointer-types -Werror=unguarded-availability -Wno-unused-value -Wno-parentheses -I/private/tmp/mp-skarnet.BQSnVP/prefix/include -isysroot/Library/Developer/CommandLineTools/SDKs/MacOSX15.sdk -pipe -Wall -std=c99 -fno-exceptions -fno-unwind-tables -fno-asynchronous-unwind-tables -ffunction-sections -fdata-sections -O2 -fomit-frame-pointer -pipe -Os -isysroot/Library/Developer/CommandLineTools/SDKs/MacOSX15.sdk -arch arm64 -arch x86_64  -c -o src/libstddjb/ipc_listen.lo src/libstddjb/ipc_listen.c
exec /usr/bin/clang -D_POSIX_C_SOURCE=200809L -D_XOPEN_SOURCE=700 -Isrc/include -fPIC -Werror=implicit-function-declaration -Werror=implicit-int -Werror=pointer-sign -Werror=pointer-arith -Werror=incompatible-pointer-types -Werror=unguarded-availability -Wno-unused-value -Wno-parentheses -I/private/tmp/mp-skarnet.BQSnVP/prefix/include -isysroot/Library/Developer/CommandLineTools/SDKs/MacOSX15.sdk -pipe -Wall -std=c99 -fno-exceptions -fno-unwind-tables -fno-asynchronous-unwind-tables -ffunction-sections -fdata-sections -O2 -fomit-frame-pointer -pipe -Os -isysroot/Library/Developer/CommandLineTools/SDKs/MacOSX15.sdk -arch arm64 -arch x86_64  -c -o src/libstddjb/ipc_local.lo src/libstddjb/ipc_local.c
exec /usr/bin/clang -D_POSIX_C_SOURCE=200809L -D_XOPEN_SOURCE=700 -Isrc/include -fPIC -Werror=implicit-function-declaration -Werror=implicit-int -Werror=pointer-sign -Werror=pointer-arith -Werror=incompatible-pointer-types -Werror=unguarded-availability -Wno-unused-value -Wno-parentheses -I/private/tmp/mp-skarnet.BQSnVP/prefix/include -isysroot/Library/Developer/CommandLineTools/SDKs/MacOSX15.sdk -pipe -Wall -std=c99 -fno-exceptions -fno-unwind-tables -fno-asynchronous-unwind-tables -ffunction-sections -fdata-sections -O2 -fomit-frame-pointer -pipe -Os -isysroot/Library/Developer/CommandLineTools/SDKs/MacOSX15.sdk -arch arm64 -arch x86_64  -c -o src/libstddjb/ipc_pair.lo src/libstddjb/ipc_pair.c
exec /usr/bin/clang -D_POSIX_C_SOURCE=200809L -D_XOPEN_SOURCE=700 -Isrc/include -fPIC -Werror=implicit-function-declaration -Werror=implicit-int -Werror=pointer-sign -Werror=pointer-arith -Werror=incompatible-pointer-types -Werror=unguarded-availability -Wno-unused-value -Wno-parentheses -I/private/tmp/mp-skarnet.BQSnVP/prefix/include -isysroot/Library/Developer/CommandLineTools/SDKs/MacOSX15.sdk -pipe -Wall -std=c99 -fno-exceptions -fno-unwind-tables -fno-asynchronous-unwind-tables -ffunction-sections -fdata-sections -O2 -fomit-frame-pointer -pipe -Os -isysroot/Library/Developer/CommandLineTools/SDKs/MacOSX15.sdk -arch arm64 -arch x86_64  -c -o src/libstddjb/ipc_recv.lo src/libstddjb/ipc_recv.c
exec /usr/bin/clang -D_POSIX_C_SOURCE=200809L -D_XOPEN_SOURCE=700 -Isrc/include -fPIC -Werror=implicit-function-declaration -Werror=implicit-int -Werror=pointer-sign -Werror=pointer-arith -Werror=incompatible-pointer-types -Werror=unguarded-availability -Wno-unused-value -Wno-parentheses -I/private/tmp/mp-skarnet.BQSnVP/prefix/include -isysroot/Library/Developer/CommandLineTools/SDKs/MacOSX15.sdk -pipe -Wall -std=c99 -fno-exceptions -fno-unwind-tables -fno-asynchronous-unwind-tables -ffunction-sections -fdata-sections -O2 -fomit-frame-pointer -pipe -Os -isysroot/Library/Developer/CommandLineTools/SDKs/MacOSX15.sdk -arch arm64 -arch x86_64  -c -o src/libstddjb/ipc_send.lo src/libstddjb/ipc_send.c
exec /usr/bin/clang -D_POSIX_C_SOURCE=200809L -D_XOPEN_SOURCE=700 -Isrc/include -fPIC -Werror=implicit-function-declaration -Werror=implicit-int -Werror=pointer-sign -Werror=pointer-arith -Werror=incompatible-pointer-types -Werror=unguarded-availability -Wno-unused-value -Wno-parentheses -I/private/tmp/mp-skarnet.BQSnVP/prefix/include -isysroot/Library/Developer/CommandLineTools/SDKs/MacOSX15.sdk -pipe -Wall -std=c99 -fno-exceptions -fno-unwind-tables -fno-asynchronous-unwind-tables -ffunction-sections -fdata-sections -O2 -fomit-frame-pointer -pipe -Os -isysroot/Library/Developer/CommandLineTools/SDKs/MacOSX15.sdk -arch arm64 -arch x86_64  -c -o src/libstddjb/ipc_stream.lo src/libstddjb/ipc_stream.c
exec /usr/bin/clang -D_POSIX_C_SOURCE=200809L -D_XOPEN_SOURCE=700 -Isrc/include -fPIC -Werror=implicit-function-declaration -Werror=implicit-int -Werror=pointer-sign -Werror=pointer-arith -Werror=incompatible-pointer-types -Werror=unguarded-availability -Wno-unused-value -Wno-parentheses -I/private/tmp/mp-skarnet.BQSnVP/prefix/include -isysroot/Library/Developer/CommandLineTools/SDKs/MacOSX15.sdk -pipe -Wall -std=c99 -fno-exceptions -fno-unwind-tables -fno-asynchronous-unwind-tables -ffunction-sections -fdata-sections -O2 -fomit-frame-pointer -pipe -Os -isysroot/Library/Developer/CommandLineTools/SDKs/MacOSX15.sdk -arch arm64 -arch x86_64  -c -o src/libstddjb/ipc_timed_connect.lo src/libstddjb/ipc_timed_connect.c
exec /usr/bin/clang -D_POSIX_C_SOURCE=200809L -D_XOPEN_SOURCE=700 -Isrc/include -fPIC -Werror=implicit-function-declaration -Werror=implicit-int -Werror=pointer-sign -Werror=pointer-arith -Werror=incompatible-pointer-types -Werror=unguarded-availability -Wno-unused-value -Wno-parentheses -I/private/tmp/mp-skarnet.BQSnVP/prefix/include -isysroot/Library/Developer/CommandLineTools/SDKs/MacOSX15.sdk -pipe -Wall -std=c99 -fno-exceptions -fno-unwind-tables -fno-asynchronous-unwind-tables -ffunction-sections -fdata-sections -O2 -fomit-frame-pointer -pipe -Os -isysroot/Library/Developer/CommandLineTools/SDKs/MacOSX15.sdk -arch arm64 -arch x86_64  -c -o src/libstddjb/leapsecs_table.lo src/libstddjb/leapsecs_table.c
exec /usr/bin/clang -D_POSIX_C_SOURCE=200809L -D_XOPEN_SOURCE=700 -Isrc/include -fPIC -Werror=implicit-function-declaration -Werror=implicit-int -Werror=pointer-sign -Werror=pointer-arith -Werror=incompatible-pointer-types -Werror=unguarded-availability -Wno-unused-value -Wno-parentheses -I/private/tmp/mp-skarnet.BQSnVP/prefix/include -isysroot/Library/Developer/CommandLineTools/SDKs/MacOSX15.sdk -pipe -Wall -std=c99 -fno-exceptions -fno-unwind-tables -fno-asynchronous-unwind-tables -ffunction-sections -fdata-sections -O2 -fomit-frame-pointer -pipe -Os -isysroot/Library/Developer/CommandLineTools/SDKs/MacOSX15.sdk -arch arm64 -arch x86_64  -c -o src/libstddjb/localtm_from_ltm64.lo src/libstddjb/localtm_from_ltm64.c
exec /usr/bin/clang -D_POSIX_C_SOURCE=200809L -D_XOPEN_SOURCE=700 -Isrc/include -fPIC -Werror=implicit-function-declaration -Werror=implicit-int -Werror=pointer-sign -Werror=pointer-arith -Werror=incompatible-pointer-types -Werror=unguarded-availability -Wno-unused-value -Wno-parentheses -I/private/tmp/mp-skarnet.BQSnVP/prefix/include -isysroot/Library/Developer/CommandLineTools/SDKs/MacOSX15.sdk -pipe -Wall -std=c99 -fno-exceptions -fno-unwind-tables -fno-asynchronous-unwind-tables -ffunction-sections -fdata-sections -O2 -fomit-frame-pointer -pipe -Os -isysroot/Library/Developer/CommandLineTools/SDKs/MacOSX15.sdk -arch arm64 -arch x86_64  -c -o src/libstddjb/localtm_from_sysclock.lo src/libstddjb/localtm_from_sysclock.c
exec /usr/bin/clang -D_POSIX_C_SOURCE=200809L -D_XOPEN_SOURCE=700 -Isrc/include -fPIC -Werror=implicit-function-declaration -Werror=implicit-int -Werror=pointer-sign -Werror=pointer-arith -Werror=incompatible-pointer-types -Werror=unguarded-availability -Wno-unused-value -Wno-parentheses -I/private/tmp/mp-skarnet.BQSnVP/prefix/include -isysroot/Library/Developer/CommandLineTools/SDKs/MacOSX15.sdk -pipe -Wall -std=c99 -fno-exceptions -fno-unwind-tables -fno-asynchronous-unwind-tables -ffunction-sections -fdata-sections -O2 -fomit-frame-pointer -pipe -Os -isysroot/Library/Developer/CommandLineTools/SDKs/MacOSX15.sdk -arch arm64 -arch x86_64  -c -o src/libstddjb/localtm_from_tai.lo src/libstddjb/localtm_from_tai.c
exec /usr/bin/clang -D_POSIX_C_SOURCE=200809L -D_XOPEN_SOURCE=700 -Isrc/include -fPIC -Werror=implicit-function-declaration -Werror=implicit-int -Werror=pointer-sign -Werror=pointer-arith -Werror=incompatible-pointer-types -Werror=unguarded-availability -Wno-unused-value -Wno-parentheses -I/private/tmp/mp-skarnet.BQSnVP/prefix/include -isysroot/Library/Developer/CommandLineTools/SDKs/MacOSX15.sdk -pipe -Wall -std=c99 -fno-exceptions -fno-unwind-tables -fno-asynchronous-unwind-tables -ffunction-sections -fdata-sections -O2 -fomit-frame-pointer -pipe -Os -isysroot/Library/Developer/CommandLineTools/SDKs/MacOSX15.sdk -arch arm64 -arch x86_64  -c -o src/libstddjb/localtm_from_utc.lo src/libstddjb/localtm_from_utc.c
exec /usr/bin/clang -D_POSIX_C_SOURCE=200809L -D_XOPEN_SOURCE=700 -Isrc/include -fPIC -Werror=implicit-function-declaration -Werror=implicit-int -Werror=pointer-sign -Werror=pointer-arith -Werror=incompatible-pointer-types -Werror=unguarded-availability -Wno-unused-value -Wno-parentheses -I/private/tmp/mp-skarnet.BQSnVP/prefix/include -isysroot/Library/Developer/CommandLineTools/SDKs/MacOSX15.sdk -pipe -Wall -std=c99 -fno-exceptions -fno-unwind-tables -fno-asynchronous-unwind-tables -ffunction-sections -fdata-sections -O2 -fomit-frame-pointer -pipe -Os -isysroot/Library/Developer/CommandLineTools/SDKs/MacOSX15.sdk -arch arm64 -arch x86_64  -c -o src/libstddjb/localtmn_fmt.lo src/libstddjb/localtmn_fmt.c
exec /usr/bin/clang -D_POSIX_C_SOURCE=200809L -D_XOPEN_SOURCE=700 -Isrc/include -fPIC -Werror=implicit-function-declaration -Werror=implicit-int -Werror=pointer-sign -Werror=pointer-arith -Werror=incompatible-pointer-types -Werror=unguarded-availability -Wno-unused-value -Wno-parentheses -I/private/tmp/mp-skarnet.BQSnVP/prefix/include -isysroot/Library/Developer/CommandLineTools/SDKs/MacOSX15.sdk -pipe -Wall -std=c99 -fno-exceptions -fno-unwind-tables -fno-asynchronous-unwind-tables -ffunction-sections -fdata-sections -O2 -fomit-frame-pointer -pipe -Os -isysroot/Library/Developer/CommandLineTools/SDKs/MacOSX15.sdk -arch arm64 -arch x86_64  -c -o src/libstddjb/localtmn_from_sysclock.lo src/libstddjb/localtmn_from_sysclock.c
exec /usr/bin/clang -D_POSIX_C_SOURCE=200809L -D_XOPEN_SOURCE=700 -Isrc/include -fPIC -Werror=implicit-function-declaration -Werror=implicit-int -Werror=pointer-sign -Werror=pointer-arith -Werror=incompatible-pointer-types -Werror=unguarded-availability -Wno-unused-value -Wno-parentheses -I/private/tmp/mp-skarnet.BQSnVP/prefix/include -isysroot/Library/Developer/CommandLineTools/SDKs/MacOSX15.sdk -pipe -Wall -std=c99 -fno-exceptions -fno-unwind-tables -fno-asynchronous-unwind-tables -ffunction-sections -fdata-sections -O2 -fomit-frame-pointer -pipe -Os -isysroot/Library/Developer/CommandLineTools/SDKs/MacOSX15.sdk -arch arm64 -arch x86_64  -c -o src/libstddjb/localtmn_from_tain.lo src/libstddjb/localtmn_from_tain.c
exec /usr/bin/clang -D_POSIX_C_SOURCE=200809L -D_XOPEN_SOURCE=700 -Isrc/include -fPIC -Werror=implicit-function-declaration -Werror=implicit-int -Werror=pointer-sign -Werror=pointer-arith -Werror=incompatible-pointer-types -Werror=unguarded-availability -Wno-unused-value -Wno-parentheses -I/private/tmp/mp-skarnet.BQSnVP/prefix/include -isysroot/Library/Developer/CommandLineTools/SDKs/MacOSX15.sdk -pipe -Wall -std=c99 -fno-exceptions -fno-unwind-tables -fno-asynchronous-unwind-tables -ffunction-sections -fdata-sections -O2 -fomit-frame-pointer -pipe -Os -isysroot/Library/Developer/CommandLineTools/SDKs/MacOSX15.sdk -arch arm64 -arch x86_64  -c -o src/libstddjb/localtmn_scan.lo src/libstddjb/localtmn_scan.c
exec /usr/bin/clang -D_POSIX_C_SOURCE=200809L -D_XOPEN_SOURCE=700 -Isrc/include -fPIC -Werror=implicit-function-declaration -Werror=implicit-int -Werror=pointer-sign -Werror=pointer-arith -Werror=incompatible-pointer-types -Werror=unguarded-availability -Wno-unused-value -Wno-parentheses -I/private/tmp/mp-skarnet.BQSnVP/prefix/include -isysroot/Library/Developer/CommandLineTools/SDKs/MacOSX15.sdk -pipe -Wall -std=c99 -fno-exceptions -fno-unwind-tables -fno-asynchronous-unwind-tables -ffunction-sections -fdata-sections -O2 -fomit-frame-pointer -pipe -Os -isysroot/Library/Developer/CommandLineTools/SDKs/MacOSX15.sdk -arch arm64 -arch x86_64  -c -o src/libstddjb/ltm64_from_localtm.lo src/libstddjb/ltm64_from_localtm.c
exec /usr/bin/clang -D_POSIX_C_SOURCE=200809L -D_XOPEN_SOURCE=700 -Isrc/include -fPIC -Werror=implicit-function-declaration -Werror=implicit-int -Werror=pointer-sign -Werror=pointer-arith -Werror=incompatible-pointer-types -Werror=unguarded-availability -Wno-unused-value -Wno-parentheses -I/private/tmp/mp-skarnet.BQSnVP/prefix/include -isysroot/Library/Developer/CommandLineTools/SDKs/MacOSX15.sdk -pipe -Wall -std=c99 -fno-exceptions -fno-unwind-tables -fno-asynchronous-unwind-tables -ffunction-sections -fdata-sections -O2 -fomit-frame-pointer -pipe -Os -isysroot/Library/Developer/CommandLineTools/SDKs/MacOSX15.sdk -arch arm64 -arch x86_64  -c -o src/libstddjb/ltm64_from_sysclock.lo src/libstddjb/ltm64_from_sysclock.c
exec /usr/bin/clang -D_POSIX_C_SOURCE=200809L -D_XOPEN_SOURCE=700 -Isrc/include -fPIC -Werror=implicit-function-declaration -Werror=implicit-int -Werror=pointer-sign -Werror=pointer-arith -Werror=incompatible-pointer-types -Werror=unguarded-availability -Wno-unused-value -Wno-parentheses -I/private/tmp/mp-skarnet.BQSnVP/prefix/include -isysroot/Library/Developer/CommandLineTools/SDKs/MacOSX15.sdk -pipe -Wall -std=c99 -fno-exceptions -fno-unwind-tables -fno-asynchronous-unwind-tables -ffunction-sections -fdata-sections -O2 -fomit-frame-pointer -pipe -Os -isysroot/Library/Developer/CommandLineTools/SDKs/MacOSX15.sdk -arch arm64 -arch x86_64  -c -o src/libstddjb/ltm64_from_tai.lo src/libstddjb/ltm64_from_tai.c
exec /usr/bin/clang -D_POSIX_C_SOURCE=200809L -D_XOPEN_SOURCE=700 -Isrc/include -fPIC -Werror=implicit-function-declaration -Werror=implicit-int -Werror=pointer-sign -Werror=pointer-arith -Werror=incompatible-pointer-types -Werror=unguarded-availability -Wno-unused-value -Wno-parentheses -I/private/tmp/mp-skarnet.BQSnVP/prefix/include -isysroot/Library/Developer/CommandLineTools/SDKs/MacOSX15.sdk -pipe -Wall -std=c99 -fno-exceptions -fno-unwind-tables -fno-asynchronous-unwind-tables -ffunction-sections -fdata-sections -O2 -fomit-frame-pointer -pipe -Os -isysroot/Library/Developer/CommandLineTools/SDKs/MacOSX15.sdk -arch arm64 -arch x86_64  -c -o src/libstddjb/ltm64_from_utc.lo src/libstddjb/ltm64_from_utc.c
exec /usr/bin/clang -D_POSIX_C_SOURCE=200809L -D_XOPEN_SOURCE=700 -Isrc/include -fPIC -Werror=implicit-function-declaration -Werror=implicit-int -Werror=pointer-sign -Werror=pointer-arith -Werror=incompatible-pointer-types -Werror=unguarded-availability -Wno-unused-value -Wno-parentheses -I/private/tmp/mp-skarnet.BQSnVP/prefix/include -isysroot/Library/Developer/CommandLineTools/SDKs/MacOSX15.sdk -pipe -Wall -std=c99 -fno-exceptions -fno-unwind-tables -fno-asynchronous-unwind-tables -ffunction-sections -fdata-sections -O2 -fomit-frame-pointer -pipe -Os -isysroot/Library/Developer/CommandLineTools/SDKs/MacOSX15.sdk -arch arm64 -arch x86_64  -c -o src/libstddjb/ntp_from_tain.lo src/libstddjb/ntp_from_tain.c
exec /usr/bin/clang -D_POSIX_C_SOURCE=200809L -D_XOPEN_SOURCE=700 -Isrc/include -fPIC -Werror=implicit-function-declaration -Werror=implicit-int -Werror=pointer-sign -Werror=pointer-arith -Werror=incompatible-pointer-types -Werror=unguarded-availability -Wno-unused-value -Wno-parentheses -I/private/tmp/mp-skarnet.BQSnVP/prefix/include -isysroot/Library/Developer/CommandLineTools/SDKs/MacOSX15.sdk -pipe -Wall -std=c99 -fno-exceptions -fno-unwind-tables -fno-asynchronous-unwind-tables -ffunction-sections -fdata-sections -O2 -fomit-frame-pointer -pipe -Os -isysroot/Library/Developer/CommandLineTools/SDKs/MacOSX15.sdk -arch arm64 -arch x86_64  -c -o src/libstddjb/socket_accept4.lo src/libstddjb/socket_accept4.c
exec /usr/bin/clang -D_POSIX_C_SOURCE=200809L -D_XOPEN_SOURCE=700 -Isrc/include -fPIC -Werror=implicit-function-declaration -Werror=implicit-int -Werror=pointer-sign -Werror=pointer-arith -Werror=incompatible-pointer-types -Werror=unguarded-availability -Wno-unused-value -Wno-parentheses -I/private/tmp/mp-skarnet.BQSnVP/prefix/include -isysroot/Library/Developer/CommandLineTools/SDKs/MacOSX15.sdk -pipe -Wall -std=c99 -fno-exceptions -fno-unwind-tables -fno-asynchronous-unwind-tables -ffunction-sections -fdata-sections -O2 -fomit-frame-pointer -pipe -Os -isysroot/Library/Developer/CommandLineTools/SDKs/MacOSX15.sdk -arch arm64 -arch x86_64  -c -o src/libstddjb/socket_accept4_u32.lo src/libstddjb/socket_accept4_u32.c
exec /usr/bin/clang -D_POSIX_C_SOURCE=200809L -D_XOPEN_SOURCE=700 -Isrc/include -fPIC -Werror=implicit-function-declaration -Werror=implicit-int -Werror=pointer-sign -Werror=pointer-arith -Werror=incompatible-pointer-types -Werror=unguarded-availability -Wno-unused-value -Wno-parentheses -I/private/tmp/mp-skarnet.BQSnVP/prefix/include -isysroot/Library/Developer/CommandLineTools/SDKs/MacOSX15.sdk -pipe -Wall -std=c99 -fno-exceptions -fno-unwind-tables -fno-asynchronous-unwind-tables -ffunction-sections -fdata-sections -O2 -fomit-frame-pointer -pipe -Os -isysroot/Library/Developer/CommandLineTools/SDKs/MacOSX15.sdk -arch arm64 -arch x86_64  -c -o src/libstddjb/socket_accept6.lo src/libstddjb/socket_accept6.c
exec /usr/bin/clang -D_POSIX_C_SOURCE=200809L -D_XOPEN_SOURCE=700 -Isrc/include -fPIC -Werror=implicit-function-declaration -Werror=implicit-int -Werror=pointer-sign -Werror=pointer-arith -Werror=incompatible-pointer-types -Werror=unguarded-availability -Wno-unused-value -Wno-parentheses -I/private/tmp/mp-skarnet.BQSnVP/prefix/include -isysroot/Library/Developer/CommandLineTools/SDKs/MacOSX15.sdk -pipe -Wall -std=c99 -fno-exceptions -fno-unwind-tables -fno-asynchronous-unwind-tables -ffunction-sections -fdata-sections -O2 -fomit-frame-pointer -pipe -Os -isysroot/Library/Developer/CommandLineTools/SDKs/MacOSX15.sdk -arch arm64 -arch x86_64  -c -o src/libstddjb/socket_bind4.lo src/libstddjb/socket_bind4.c
exec /usr/bin/clang -D_POSIX_C_SOURCE=200809L -D_XOPEN_SOURCE=700 -Isrc/include -fPIC -Werror=implicit-function-declaration -Werror=implicit-int -Werror=pointer-sign -Werror=pointer-arith -Werror=incompatible-pointer-types -Werror=unguarded-availability -Wno-unused-value -Wno-parentheses -I/private/tmp/mp-skarnet.BQSnVP/prefix/include -isysroot/Library/Developer/CommandLineTools/SDKs/MacOSX15.sdk -pipe -Wall -std=c99 -fno-exceptions -fno-unwind-tables -fno-asynchronous-unwind-tables -ffunction-sections -fdata-sections -O2 -fomit-frame-pointer -pipe -Os -isysroot/Library/Developer/CommandLineTools/SDKs/MacOSX15.sdk -arch arm64 -arch x86_64  -c -o src/libstddjb/socket_bind4r.lo src/libstddjb/socket_bind4r.c
exec /usr/bin/clang -D_POSIX_C_SOURCE=200809L -D_XOPEN_SOURCE=700 -Isrc/include -fPIC -Werror=implicit-function-declaration -Werror=implicit-int -Werror=pointer-sign -Werror=pointer-arith -Werror=incompatible-pointer-types -Werror=unguarded-availability -Wno-unused-value -Wno-parentheses -I/private/tmp/mp-skarnet.BQSnVP/prefix/include -isysroot/Library/Developer/CommandLineTools/SDKs/MacOSX15.sdk -pipe -Wall -std=c99 -fno-exceptions -fno-unwind-tables -fno-asynchronous-unwind-tables -ffunction-sections -fdata-sections -O2 -fomit-frame-pointer -pipe -Os -isysroot/Library/Developer/CommandLineTools/SDKs/MacOSX15.sdk -arch arm64 -arch x86_64  -c -o src/libstddjb/socket_bind6.lo src/libstddjb/socket_bind6.c
exec /usr/bin/clang -D_POSIX_C_SOURCE=200809L -D_XOPEN_SOURCE=700 -Isrc/include -fPIC -Werror=implicit-function-declaration -Werror=implicit-int -Werror=pointer-sign -Werror=pointer-arith -Werror=incompatible-pointer-types -Werror=unguarded-availability -Wno-unused-value -Wno-parentheses -I/private/tmp/mp-skarnet.BQSnVP/prefix/include -isysroot/Library/Developer/CommandLineTools/SDKs/MacOSX15.sdk -pipe -Wall -std=c99 -fno-exceptions -fno-unwind-tables -fno-asynchronous-unwind-tables -ffunction-sections -fdata-sections -O2 -fomit-frame-pointer -pipe -Os -isysroot/Library/Developer/CommandLineTools/SDKs/MacOSX15.sdk -arch arm64 -arch x86_64  -c -o src/libstddjb/socket_bind6r.lo src/libstddjb/socket_bind6r.c
exec /usr/bin/clang -D_POSIX_C_SOURCE=200809L -D_XOPEN_SOURCE=700 -Isrc/include -fPIC -Werror=implicit-function-declaration -Werror=implicit-int -Werror=pointer-sign -Werror=pointer-arith -Werror=incompatible-pointer-types -Werror=unguarded-availability -Wno-unused-value -Wno-parentheses -I/private/tmp/mp-skarnet.BQSnVP/prefix/include -isysroot/Library/Developer/CommandLineTools/SDKs/MacOSX15.sdk -pipe -Wall -std=c99 -fno-exceptions -fno-unwind-tables -fno-asynchronous-unwind-tables -ffunction-sections -fdata-sections -O2 -fomit-frame-pointer -pipe -Os -isysroot/Library/Developer/CommandLineTools/SDKs/MacOSX15.sdk -arch arm64 -arch x86_64  -c -o src/libstddjb/socket_connect4.lo src/libstddjb/socket_connect4.c
exec /usr/bin/clang -D_POSIX_C_SOURCE=200809L -D_XOPEN_SOURCE=700 -Isrc/include -fPIC -Werror=implicit-function-declaration -Werror=implicit-int -Werror=pointer-sign -Werror=pointer-arith -Werror=incompatible-pointer-types -Werror=unguarded-availability -Wno-unused-value -Wno-parentheses -I/private/tmp/mp-skarnet.BQSnVP/prefix/include -isysroot/Library/Developer/CommandLineTools/SDKs/MacOSX15.sdk -pipe -Wall -std=c99 -fno-exceptions -fno-unwind-tables -fno-asynchronous-unwind-tables -ffunction-sections -fdata-sections -O2 -fomit-frame-pointer -pipe -Os -isysroot/Library/Developer/CommandLineTools/SDKs/MacOSX15.sdk -arch arm64 -arch x86_64  -c -o src/libstddjb/socket_connect4_u32.lo src/libstddjb/socket_connect4_u32.c
exec /usr/bin/clang -D_POSIX_C_SOURCE=200809L -D_XOPEN_SOURCE=700 -Isrc/include -fPIC -Werror=implicit-function-declaration -Werror=implicit-int -Werror=pointer-sign -Werror=pointer-arith -Werror=incompatible-pointer-types -Werror=unguarded-availability -Wno-unused-value -Wno-parentheses -I/private/tmp/mp-skarnet.BQSnVP/prefix/include -isysroot/Library/Developer/CommandLineTools/SDKs/MacOSX15.sdk -pipe -Wall -std=c99 -fno-exceptions -fno-unwind-tables -fno-asynchronous-unwind-tables -ffunction-sections -fdata-sections -O2 -fomit-frame-pointer -pipe -Os -isysroot/Library/Developer/CommandLineTools/SDKs/MacOSX15.sdk -arch arm64 -arch x86_64  -c -o src/libstddjb/socket_connect6.lo src/libstddjb/socket_connect6.c
exec /usr/bin/clang -D_POSIX_C_SOURCE=200809L -D_XOPEN_SOURCE=700 -Isrc/include -fPIC -Werror=implicit-function-declaration -Werror=implicit-int -Werror=pointer-sign -Werror=pointer-arith -Werror=incompatible-pointer-types -Werror=unguarded-availability -Wno-unused-value -Wno-parentheses -I/private/tmp/mp-skarnet.BQSnVP/prefix/include -isysroot/Library/Developer/CommandLineTools/SDKs/MacOSX15.sdk -pipe -Wall -std=c99 -fno-exceptions -fno-unwind-tables -fno-asynchronous-unwind-tables -ffunction-sections -fdata-sections -O2 -fomit-frame-pointer -pipe -Os -isysroot/Library/Developer/CommandLineTools/SDKs/MacOSX15.sdk -arch arm64 -arch x86_64  -c -o src/libstddjb/socket_connected.lo src/libstddjb/socket_connected.c
exec /usr/bin/clang -D_POSIX_C_SOURCE=200809L -D_XOPEN_SOURCE=700 -Isrc/include -fPIC -Werror=implicit-function-declaration -Werror=implicit-int -Werror=pointer-sign -Werror=pointer-arith -Werror=incompatible-pointer-types -Werror=unguarded-availability -Wno-unused-value -Wno-parentheses -I/private/tmp/mp-skarnet.BQSnVP/prefix/include -isysroot/Library/Developer/CommandLineTools/SDKs/MacOSX15.sdk -pipe -Wall -std=c99 -fno-exceptions -fno-unwind-tables -fno-asynchronous-unwind-tables -ffunction-sections -fdata-sections -O2 -fomit-frame-pointer -pipe -Os -isysroot/Library/Developer/CommandLineTools/SDKs/MacOSX15.sdk -arch arm64 -arch x86_64  -c -o src/libstddjb/socket_deadlineconnstamp4.lo src/libstddjb/socket_deadlineconnstamp4.c
exec /usr/bin/clang -D_POSIX_C_SOURCE=200809L -D_XOPEN_SOURCE=700 -Isrc/include -fPIC -Werror=implicit-function-declaration -Werror=implicit-int -Werror=pointer-sign -Werror=pointer-arith -Werror=incompatible-pointer-types -Werror=unguarded-availability -Wno-unused-value -Wno-parentheses -I/private/tmp/mp-skarnet.BQSnVP/prefix/include -isysroot/Library/Developer/CommandLineTools/SDKs/MacOSX15.sdk -pipe -Wall -std=c99 -fno-exceptions -fno-unwind-tables -fno-asynchronous-unwind-tables -ffunction-sections -fdata-sections -O2 -fomit-frame-pointer -pipe -Os -isysroot/Library/Developer/CommandLineTools/SDKs/MacOSX15.sdk -arch arm64 -arch x86_64  -c -o src/libstddjb/socket_deadlineconnstamp46.lo src/libstddjb/socket_deadlineconnstamp46.c
exec /usr/bin/clang -D_POSIX_C_SOURCE=200809L -D_XOPEN_SOURCE=700 -Isrc/include -fPIC -Werror=implicit-function-declaration -Werror=implicit-int -Werror=pointer-sign -Werror=pointer-arith -Werror=incompatible-pointer-types -Werror=unguarded-availability -Wno-unused-value -Wno-parentheses -I/private/tmp/mp-skarnet.BQSnVP/prefix/include -isysroot/Library/Developer/CommandLineTools/SDKs/MacOSX15.sdk -pipe -Wall -std=c99 -fno-exceptions -fno-unwind-tables -fno-asynchronous-unwind-tables -ffunction-sections -fdata-sections -O2 -fomit-frame-pointer -pipe -Os -isysroot/Library/Developer/CommandLineTools/SDKs/MacOSX15.sdk -arch arm64 -arch x86_64  -c -o src/libstddjb/socket_deadlineconnstamp4_u32.lo src/libstddjb/socket_deadlineconnstamp4_u32.c
exec /usr/bin/clang -D_POSIX_C_SOURCE=200809L -D_XOPEN_SOURCE=700 -Isrc/include -fPIC -Werror=implicit-function-declaration -Werror=implicit-int -Werror=pointer-sign -Werror=pointer-arith -Werror=incompatible-pointer-types -Werror=unguarded-availability -Wno-unused-value -Wno-parentheses -I/private/tmp/mp-skarnet.BQSnVP/prefix/include -isysroot/Library/Developer/CommandLineTools/SDKs/MacOSX15.sdk -pipe -Wall -std=c99 -fno-exceptions -fno-unwind-tables -fno-asynchronous-unwind-tables -ffunction-sections -fdata-sections -O2 -fomit-frame-pointer -pipe -Os -isysroot/Library/Developer/CommandLineTools/SDKs/MacOSX15.sdk -arch arm64 -arch x86_64  -c -o src/libstddjb/socket_deadlineconnstamp6.lo src/libstddjb/socket_deadlineconnstamp6.c
exec /usr/bin/clang -D_POSIX_C_SOURCE=200809L -D_XOPEN_SOURCE=700 -Isrc/include -fPIC -Werror=implicit-function-declaration -Werror=implicit-int -Werror=pointer-sign -Werror=pointer-arith -Werror=incompatible-pointer-types -Werror=unguarded-availability -Wno-unused-value -Wno-parentheses -I/private/tmp/mp-skarnet.BQSnVP/prefix/include -isysroot/Library/Developer/CommandLineTools/SDKs/MacOSX15.sdk -pipe -Wall -std=c99 -fno-exceptions -fno-unwind-tables -fno-asynchronous-unwind-tables -ffunction-sections -fdata-sections -O2 -fomit-frame-pointer -pipe -Os -isysroot/Library/Developer/CommandLineTools/SDKs/MacOSX15.sdk -arch arm64 -arch x86_64  -c -o src/libstddjb/socket_internal.lo src/libstddjb/socket_internal.c
exec /usr/bin/clang -D_POSIX_C_SOURCE=200809L -D_XOPEN_SOURCE=700 -Isrc/include -fPIC -Werror=implicit-function-declaration -Werror=implicit-int -Werror=pointer-sign -Werror=pointer-arith -Werror=incompatible-pointer-types -Werror=unguarded-availability -Wno-unused-value -Wno-parentheses -I/private/tmp/mp-skarnet.BQSnVP/prefix/include -isysroot/Library/Developer/CommandLineTools/SDKs/MacOSX15.sdk -pipe -Wall -std=c99 -fno-exceptions -fno-unwind-tables -fno-asynchronous-unwind-tables -ffunction-sections -fdata-sections -O2 -fomit-frame-pointer -pipe -Os -isysroot/Library/Developer/CommandLineTools/SDKs/MacOSX15.sdk -arch arm64 -arch x86_64  -c -o src/libstddjb/socket_ioloop.lo src/libstddjb/socket_ioloop.c
exec /usr/bin/clang -D_POSIX_C_SOURCE=200809L -D_XOPEN_SOURCE=700 -Isrc/include -fPIC -Werror=implicit-function-declaration -Werror=implicit-int -Werror=pointer-sign -Werror=pointer-arith -Werror=incompatible-pointer-types -Werror=unguarded-availability -Wno-unused-value -Wno-parentheses -I/private/tmp/mp-skarnet.BQSnVP/prefix/include -isysroot/Library/Developer/CommandLineTools/SDKs/MacOSX15.sdk -pipe -Wall -std=c99 -fno-exceptions -fno-unwind-tables -fno-asynchronous-unwind-tables -ffunction-sections -fdata-sections -O2 -fomit-frame-pointer -pipe -Os -isysroot/Library/Developer/CommandLineTools/SDKs/MacOSX15.sdk -arch arm64 -arch x86_64  -c -o src/libstddjb/socket_ioloop_send4.lo src/libstddjb/socket_ioloop_send4.c
exec /usr/bin/clang -D_POSIX_C_SOURCE=200809L -D_XOPEN_SOURCE=700 -Isrc/include -fPIC -Werror=implicit-function-declaration -Werror=implicit-int -Werror=pointer-sign -Werror=pointer-arith -Werror=incompatible-pointer-types -Werror=unguarded-availability -Wno-unused-value -Wno-parentheses -I/private/tmp/mp-skarnet.BQSnVP/prefix/include -isysroot/Library/Developer/CommandLineTools/SDKs/MacOSX15.sdk -pipe -Wall -std=c99 -fno-exceptions -fno-unwind-tables -fno-asynchronous-unwind-tables -ffunction-sections -fdata-sections -O2 -fomit-frame-pointer -pipe -Os -isysroot/Library/Developer/CommandLineTools/SDKs/MacOSX15.sdk -arch arm64 -arch x86_64  -c -o src/libstddjb/socket_ioloop_send6.lo src/libstddjb/socket_ioloop_send6.c
exec /usr/bin/clang -D_POSIX_C_SOURCE=200809L -D_XOPEN_SOURCE=700 -Isrc/include -fPIC -Werror=implicit-function-declaration -Werror=implicit-int -Werror=pointer-sign -Werror=pointer-arith -Werror=incompatible-pointer-types -Werror=unguarded-availability -Wno-unused-value -Wno-parentheses -I/private/tmp/mp-skarnet.BQSnVP/prefix/include -isysroot/Library/Developer/CommandLineTools/SDKs/MacOSX15.sdk -pipe -Wall -std=c99 -fno-exceptions -fno-unwind-tables -fno-asynchronous-unwind-tables -ffunction-sections -fdata-sections -O2 -fomit-frame-pointer -pipe -Os -isysroot/Library/Developer/CommandLineTools/SDKs/MacOSX15.sdk -arch arm64 -arch x86_64  -c -o src/libstddjb/socket_local4.lo src/libstddjb/socket_local4.c
exec /usr/bin/clang -D_POSIX_C_SOURCE=200809L -D_XOPEN_SOURCE=700 -Isrc/include -fPIC -Werror=implicit-function-declaration -Werror=implicit-int -Werror=pointer-sign -Werror=pointer-arith -Werror=incompatible-pointer-types -Werror=unguarded-availability -Wno-unused-value -Wno-parentheses -I/private/tmp/mp-skarnet.BQSnVP/prefix/include -isysroot/Library/Developer/CommandLineTools/SDKs/MacOSX15.sdk -pipe -Wall -std=c99 -fno-exceptions -fno-unwind-tables -fno-asynchronous-unwind-tables -ffunction-sections -fdata-sections -O2 -fomit-frame-pointer -pipe -Os -isysroot/Library/Developer/CommandLineTools/SDKs/MacOSX15.sdk -arch arm64 -arch x86_64  -c -o src/libstddjb/socket_local46.lo src/libstddjb/socket_local46.c
exec /usr/bin/clang -D_POSIX_C_SOURCE=200809L -D_XOPEN_SOURCE=700 -Isrc/include -fPIC -Werror=implicit-function-declaration -Werror=implicit-int -Werror=pointer-sign -Werror=pointer-arith -Werror=incompatible-pointer-types -Werror=unguarded-availability -Wno-unused-value -Wno-parentheses -I/private/tmp/mp-skarnet.BQSnVP/prefix/include -isysroot/Library/Developer/CommandLineTools/SDKs/MacOSX15.sdk -pipe -Wall -std=c99 -fno-exceptions -fno-unwind-tables -fno-asynchronous-unwind-tables -ffunction-sections -fdata-sections -O2 -fomit-frame-pointer -pipe -Os -isysroot/Library/Developer/CommandLineTools/SDKs/MacOSX15.sdk -arch arm64 -arch x86_64  -c -o src/libstddjb/socket_local6.lo src/libstddjb/socket_local6.c
exec /usr/bin/clang -D_POSIX_C_SOURCE=200809L -D_XOPEN_SOURCE=700 -Isrc/include -fPIC -Werror=implicit-function-declaration -Werror=implicit-int -Werror=pointer-sign -Werror=pointer-arith -Werror=incompatible-pointer-types -Werror=unguarded-availability -Wno-unused-value -Wno-parentheses -I/private/tmp/mp-skarnet.BQSnVP/prefix/include -isysroot/Library/Developer/CommandLineTools/SDKs/MacOSX15.sdk -pipe -Wall -std=c99 -fno-exceptions -fno-unwind-tables -fno-asynchronous-unwind-tables -ffunction-sections -fdata-sections -O2 -fomit-frame-pointer -pipe -Os -isysroot/Library/Developer/CommandLineTools/SDKs/MacOSX15.sdk -arch arm64 -arch x86_64  -c -o src/libstddjb/socket_recv4.lo src/libstddjb/socket_recv4.c
exec /usr/bin/clang -D_POSIX_C_SOURCE=200809L -D_XOPEN_SOURCE=700 -Isrc/include -fPIC -Werror=implicit-function-declaration -Werror=implicit-int -Werror=pointer-sign -Werror=pointer-arith -Werror=incompatible-pointer-types -Werror=unguarded-availability -Wno-unused-value -Wno-parentheses -I/private/tmp/mp-skarnet.BQSnVP/prefix/include -isysroot/Library/Developer/CommandLineTools/SDKs/MacOSX15.sdk -pipe -Wall -std=c99 -fno-exceptions -fno-unwind-tables -fno-asynchronous-unwind-tables -ffunction-sections -fdata-sections -O2 -fomit-frame-pointer -pipe -Os -isysroot/Library/Developer/CommandLineTools/SDKs/MacOSX15.sdk -arch arm64 -arch x86_64  -c -o src/libstddjb/socket_recv46.lo src/libstddjb/socket_recv46.c
exec /usr/bin/clang -D_POSIX_C_SOURCE=200809L -D_XOPEN_SOURCE=700 -Isrc/include -fPIC -Werror=implicit-function-declaration -Werror=implicit-int -Werror=pointer-sign -Werror=pointer-arith -Werror=incompatible-pointer-types -Werror=unguarded-availability -Wno-unused-value -Wno-parentheses -I/private/tmp/mp-skarnet.BQSnVP/prefix/include -isysroot/Library/Developer/CommandLineTools/SDKs/MacOSX15.sdk -pipe -Wall -std=c99 -fno-exceptions -fno-unwind-tables -fno-asynchronous-unwind-tables -ffunction-sections -fdata-sections -O2 -fomit-frame-pointer -pipe -Os -isysroot/Library/Developer/CommandLineTools/SDKs/MacOSX15.sdk -arch arm64 -arch x86_64  -c -o src/libstddjb/socket_recv6.lo src/libstddjb/socket_recv6.c
exec /usr/bin/clang -D_POSIX_C_SOURCE=200809L -D_XOPEN_SOURCE=700 -Isrc/include -fPIC -Werror=implicit-function-declaration -Werror=implicit-int -Werror=pointer-sign -Werror=pointer-arith -Werror=incompatible-pointer-types -Werror=unguarded-availability -Wno-unused-value -Wno-parentheses -I/private/tmp/mp-skarnet.BQSnVP/prefix/include -isysroot/Library/Developer/CommandLineTools/SDKs/MacOSX15.sdk -pipe -Wall -std=c99 -fno-exceptions -fno-unwind-tables -fno-asynchronous-unwind-tables -ffunction-sections -fdata-sections -O2 -fomit-frame-pointer -pipe -Os -isysroot/Library/Developer/CommandLineTools/SDKs/MacOSX15.sdk -arch arm64 -arch x86_64  -c -o src/libstddjb/socket_recvnb46.lo src/libstddjb/socket_recvnb46.c
exec /usr/bin/clang -D_POSIX_C_SOURCE=200809L -D_XOPEN_SOURCE=700 -Isrc/include -fPIC -Werror=implicit-function-declaration -Werror=implicit-int -Werror=pointer-sign -Werror=pointer-arith -Werror=incompatible-pointer-types -Werror=unguarded-availability -Wno-unused-value -Wno-parentheses -I/private/tmp/mp-skarnet.BQSnVP/prefix/include -isysroot/Library/Developer/CommandLineTools/SDKs/MacOSX15.sdk -pipe -Wall -std=c99 -fno-exceptions -fno-unwind-tables -fno-asynchronous-unwind-tables -ffunction-sections -fdata-sections -O2 -fomit-frame-pointer -pipe -Os -isysroot/Library/Developer/CommandLineTools/SDKs/MacOSX15.sdk -arch arm64 -arch x86_64  -c -o src/libstddjb/socket_remote4.lo src/libstddjb/socket_remote4.c
exec /usr/bin/clang -D_POSIX_C_SOURCE=200809L -D_XOPEN_SOURCE=700 -Isrc/include -fPIC -Werror=implicit-function-declaration -Werror=implicit-int -Werror=pointer-sign -Werror=pointer-arith -Werror=incompatible-pointer-types -Werror=unguarded-availability -Wno-unused-value -Wno-parentheses -I/private/tmp/mp-skarnet.BQSnVP/prefix/include -isysroot/Library/Developer/CommandLineTools/SDKs/MacOSX15.sdk -pipe -Wall -std=c99 -fno-exceptions -fno-unwind-tables -fno-asynchronous-unwind-tables -ffunction-sections -fdata-sections -O2 -fomit-frame-pointer -pipe -Os -isysroot/Library/Developer/CommandLineTools/SDKs/MacOSX15.sdk -arch arm64 -arch x86_64  -c -o src/libstddjb/socket_remote46.lo src/libstddjb/socket_remote46.c
exec /usr/bin/clang -D_POSIX_C_SOURCE=200809L -D_XOPEN_SOURCE=700 -Isrc/include -fPIC -Werror=implicit-function-declaration -Werror=implicit-int -Werror=pointer-sign -Werror=pointer-arith -Werror=incompatible-pointer-types -Werror=unguarded-availability -Wno-unused-value -Wno-parentheses -I/private/tmp/mp-skarnet.BQSnVP/prefix/include -isysroot/Library/Developer/CommandLineTools/SDKs/MacOSX15.sdk -pipe -Wall -std=c99 -fno-exceptions -fno-unwind-tables -fno-asynchronous-unwind-tables -ffunction-sections -fdata-sections -O2 -fomit-frame-pointer -pipe -Os -isysroot/Library/Developer/CommandLineTools/SDKs/MacOSX15.sdk -arch arm64 -arch x86_64  -c -o src/libstddjb/socket_remote6.lo src/libstddjb/socket_remote6.c
exec /usr/bin/clang -D_POSIX_C_SOURCE=200809L -D_XOPEN_SOURCE=700 -Isrc/include -fPIC -Werror=implicit-function-declaration -Werror=implicit-int -Werror=pointer-sign -Werror=pointer-arith -Werror=incompatible-pointer-types -Werror=unguarded-availability -Wno-unused-value -Wno-parentheses -I/private/tmp/mp-skarnet.BQSnVP/prefix/include -isysroot/Library/Developer/CommandLineTools/SDKs/MacOSX15.sdk -pipe -Wall -std=c99 -fno-exceptions -fno-unwind-tables -fno-asynchronous-unwind-tables -ffunction-sections -fdata-sections -O2 -fomit-frame-pointer -pipe -Os -isysroot/Library/Developer/CommandLineTools/SDKs/MacOSX15.sdk -arch arm64 -arch x86_64  -c -o src/libstddjb/socket_send4.lo src/libstddjb/socket_send4.c
exec /usr/bin/clang -D_POSIX_C_SOURCE=200809L -D_XOPEN_SOURCE=700 -Isrc/include -fPIC -Werror=implicit-function-declaration -Werror=implicit-int -Werror=pointer-sign -Werror=pointer-arith -Werror=incompatible-pointer-types -Werror=unguarded-availability -Wno-unused-value -Wno-parentheses -I/private/tmp/mp-skarnet.BQSnVP/prefix/include -isysroot/Library/Developer/CommandLineTools/SDKs/MacOSX15.sdk -pipe -Wall -std=c99 -fno-exceptions -fno-unwind-tables -fno-asynchronous-unwind-tables -ffunction-sections -fdata-sections -O2 -fomit-frame-pointer -pipe -Os -isysroot/Library/Developer/CommandLineTools/SDKs/MacOSX15.sdk -arch arm64 -arch x86_64  -c -o src/libstddjb/socket_send6.lo src/libstddjb/socket_send6.c
exec /usr/bin/clang -D_POSIX_C_SOURCE=200809L -D_XOPEN_SOURCE=700 -Isrc/include -fPIC -Werror=implicit-function-declaration -Werror=implicit-int -Werror=pointer-sign -Werror=pointer-arith -Werror=incompatible-pointer-types -Werror=unguarded-availability -Wno-unused-value -Wno-parentheses -I/private/tmp/mp-skarnet.BQSnVP/prefix/include -isysroot/Library/Developer/CommandLineTools/SDKs/MacOSX15.sdk -pipe -Wall -std=c99 -fno-exceptions -fno-unwind-tables -fno-asynchronous-unwind-tables -ffunction-sections -fdata-sections -O2 -fomit-frame-pointer -pipe -Os -isysroot/Library/Developer/CommandLineTools/SDKs/MacOSX15.sdk -arch arm64 -arch x86_64  -c -o src/libstddjb/socket_tcp4.lo src/libstddjb/socket_tcp4.c
exec /usr/bin/clang -D_POSIX_C_SOURCE=200809L -D_XOPEN_SOURCE=700 -Isrc/include -fPIC -Werror=implicit-function-declaration -Werror=implicit-int -Werror=pointer-sign -Werror=pointer-arith -Werror=incompatible-pointer-types -Werror=unguarded-availability -Wno-unused-value -Wno-parentheses -I/private/tmp/mp-skarnet.BQSnVP/prefix/include -isysroot/Library/Developer/CommandLineTools/SDKs/MacOSX15.sdk -pipe -Wall -std=c99 -fno-exceptions -fno-unwind-tables -fno-asynchronous-unwind-tables -ffunction-sections -fdata-sections -O2 -fomit-frame-pointer -pipe -Os -isysroot/Library/Developer/CommandLineTools/SDKs/MacOSX15.sdk -arch arm64 -arch x86_64  -c -o src/libstddjb/socket_tcp6.lo src/libstddjb/socket_tcp6.c
exec /usr/bin/clang -D_POSIX_C_SOURCE=200809L -D_XOPEN_SOURCE=700 -Isrc/include -fPIC -Werror=implicit-function-declaration -Werror=implicit-int -Werror=pointer-sign -Werror=pointer-arith -Werror=incompatible-pointer-types -Werror=unguarded-availability -Wno-unused-value -Wno-parentheses -I/private/tmp/mp-skarnet.BQSnVP/prefix/include -isysroot/Library/Developer/CommandLineTools/SDKs/MacOSX15.sdk -pipe -Wall -std=c99 -fno-exceptions -fno-unwind-tables -fno-asynchronous-unwind-tables -ffunction-sections -fdata-sections -O2 -fomit-frame-pointer -pipe -Os -isysroot/Library/Developer/CommandLineTools/SDKs/MacOSX15.sdk -arch arm64 -arch x86_64  -c -o src/libstddjb/socket_tcpdelay.lo src/libstddjb/socket_tcpdelay.c
exec /usr/bin/clang -D_POSIX_C_SOURCE=200809L -D_XOPEN_SOURCE=700 -Isrc/include -fPIC -Werror=implicit-function-declaration -Werror=implicit-int -Werror=pointer-sign -Werror=pointer-arith -Werror=incompatible-pointer-types -Werror=unguarded-availability -Wno-unused-value -Wno-parentheses -I/private/tmp/mp-skarnet.BQSnVP/prefix/include -isysroot/Library/Developer/CommandLineTools/SDKs/MacOSX15.sdk -pipe -Wall -std=c99 -fno-exceptions -fno-unwind-tables -fno-asynchronous-unwind-tables -ffunction-sections -fdata-sections -O2 -fomit-frame-pointer -pipe -Os -isysroot/Library/Developer/CommandLineTools/SDKs/MacOSX15.sdk -arch arm64 -arch x86_64  -c -o src/libstddjb/socket_tcpnodelay.lo src/libstddjb/socket_tcpnodelay.c
exec /usr/bin/clang -D_POSIX_C_SOURCE=200809L -D_XOPEN_SOURCE=700 -Isrc/include -fPIC -Werror=implicit-function-declaration -Werror=implicit-int -Werror=pointer-sign -Werror=pointer-arith -Werror=incompatible-pointer-types -Werror=unguarded-availability -Wno-unused-value -Wno-parentheses -I/private/tmp/mp-skarnet.BQSnVP/prefix/include -isysroot/Library/Developer/CommandLineTools/SDKs/MacOSX15.sdk -pipe -Wall -std=c99 -fno-exceptions -fno-unwind-tables -fno-asynchronous-unwind-tables -ffunction-sections -fdata-sections -O2 -fomit-frame-pointer -pipe -Os -isysroot/Library/Developer/CommandLineTools/SDKs/MacOSX15.sdk -arch arm64 -arch x86_64  -c -o src/libstddjb/socket_timeoutconn.lo src/libstddjb/socket_timeoutconn.c
exec /usr/bin/clang -D_POSIX_C_SOURCE=200809L -D_XOPEN_SOURCE=700 -Isrc/include -fPIC -Werror=implicit-function-declaration -Werror=implicit-int -Werror=pointer-sign -Werror=pointer-arith -Werror=incompatible-pointer-types -Werror=unguarded-availability -Wno-unused-value -Wno-parentheses -I/private/tmp/mp-skarnet.BQSnVP/prefix/include -isysroot/Library/Developer/CommandLineTools/SDKs/MacOSX15.sdk -pipe -Wall -std=c99 -fno-exceptions -fno-unwind-tables -fno-asynchronous-unwind-tables -ffunction-sections -fdata-sections -O2 -fomit-frame-pointer -pipe -Os -isysroot/Library/Developer/CommandLineTools/SDKs/MacOSX15.sdk -arch arm64 -arch x86_64  -c -o src/libstddjb/socket_tryreservein.lo src/libstddjb/socket_tryreservein.c
exec /usr/bin/clang -D_POSIX_C_SOURCE=200809L -D_XOPEN_SOURCE=700 -Isrc/include -fPIC -Werror=implicit-function-declaration -Werror=implicit-int -Werror=pointer-sign -Werror=pointer-arith -Werror=incompatible-pointer-types -Werror=unguarded-availability -Wno-unused-value -Wno-parentheses -I/private/tmp/mp-skarnet.BQSnVP/prefix/include -isysroot/Library/Developer/CommandLineTools/SDKs/MacOSX15.sdk -pipe -Wall -std=c99 -fno-exceptions -fno-unwind-tables -fno-asynchronous-unwind-tables -ffunction-sections -fdata-sections -O2 -fomit-frame-pointer -pipe -Os -isysroot/Library/Developer/CommandLineTools/SDKs/MacOSX15.sdk -arch arm64 -arch x86_64  -c -o src/libstddjb/socket_udp4.lo src/libstddjb/socket_udp4.c
exec /usr/bin/clang -D_POSIX_C_SOURCE=200809L -D_XOPEN_SOURCE=700 -Isrc/include -fPIC -Werror=implicit-function-declaration -Werror=implicit-int -Werror=pointer-sign -Werror=pointer-arith -Werror=incompatible-pointer-types -Werror=unguarded-availability -Wno-unused-value -Wno-parentheses -I/private/tmp/mp-skarnet.BQSnVP/prefix/include -isysroot/Library/Developer/CommandLineTools/SDKs/MacOSX15.sdk -pipe -Wall -std=c99 -fno-exceptions -fno-unwind-tables -fno-asynchronous-unwind-tables -ffunction-sections -fdata-sections -O2 -fomit-frame-pointer -pipe -Os -isysroot/Library/Developer/CommandLineTools/SDKs/MacOSX15.sdk -arch arm64 -arch x86_64  -c -o src/libstddjb/socket_udp6.lo src/libstddjb/socket_udp6.c
exec /usr/bin/clang -D_POSIX_C_SOURCE=200809L -D_XOPEN_SOURCE=700 -Isrc/include -fPIC -Werror=implicit-function-declaration -Werror=implicit-int -Werror=pointer-sign -Werror=pointer-arith -Werror=incompatible-pointer-types -Werror=unguarded-availability -Wno-unused-value -Wno-parentheses -I/private/tmp/mp-skarnet.BQSnVP/prefix/include -isysroot/Library/Developer/CommandLineTools/SDKs/MacOSX15.sdk -pipe -Wall -std=c99 -fno-exceptions -fno-unwind-tables -fno-asynchronous-unwind-tables -ffunction-sections -fdata-sections -O2 -fomit-frame-pointer -pipe -Os -isysroot/Library/Developer/CommandLineTools/SDKs/MacOSX15.sdk -arch arm64 -arch x86_64  -c -o src/libstddjb/socket_waitconn.lo src/libstddjb/socket_waitconn.c
exec /usr/bin/clang -D_POSIX_C_SOURCE=200809L -D_XOPEN_SOURCE=700 -Isrc/include -fPIC -Werror=implicit-function-declaration -Werror=implicit-int -Werror=pointer-sign -Werror=pointer-arith -Werror=incompatible-pointer-types -Werror=unguarded-availability -Wno-unused-value -Wno-parentheses -I/private/tmp/mp-skarnet.BQSnVP/prefix/include -isysroot/Library/Developer/CommandLineTools/SDKs/MacOSX15.sdk -pipe -Wall -std=c99 -fno-exceptions -fno-unwind-tables -fno-asynchronous-unwind-tables -ffunction-sections -fdata-sections -O2 -fomit-frame-pointer -pipe -Os -isysroot/Library/Developer/CommandLineTools/SDKs/MacOSX15.sdk -arch arm64 -arch x86_64  -c -o src/libstddjb/socketpair_internal.lo src/libstddjb/socketpair_internal.c
exec /usr/bin/clang -D_POSIX_C_SOURCE=200809L -D_XOPEN_SOURCE=700 -Isrc/include -fPIC -Werror=implicit-function-declaration -Werror=implicit-int -Werror=pointer-sign -Werror=pointer-arith -Werror=incompatible-pointer-types -Werror=unguarded-availability -Wno-unused-value -Wno-parentheses -I/private/tmp/mp-skarnet.BQSnVP/prefix/include -isysroot/Library/Developer/CommandLineTools/SDKs/MacOSX15.sdk -pipe -Wall -std=c99 -fno-exceptions -fno-unwind-tables -fno-asynchronous-unwind-tables -ffunction-sections -fdata-sections -O2 -fomit-frame-pointer -pipe -Os -isysroot/Library/Developer/CommandLineTools/SDKs/MacOSX15.sdk -arch arm64 -arch x86_64  -c -o src/libstddjb/stamp.lo src/libstddjb/stamp.c
exec /usr/bin/clang -D_POSIX_C_SOURCE=200809L -D_XOPEN_SOURCE=700 -Isrc/include -fPIC -Werror=implicit-function-declaration -Werror=implicit-int -Werror=pointer-sign -Werror=pointer-arith -Werror=incompatible-pointer-types -Werror=unguarded-availability -Wno-unused-value -Wno-parentheses -I/private/tmp/mp-skarnet.BQSnVP/prefix/include -isysroot/Library/Developer/CommandLineTools/SDKs/MacOSX15.sdk -pipe -Wall -std=c99 -fno-exceptions -fno-unwind-tables -fno-asynchronous-unwind-tables -ffunction-sections -fdata-sections -O2 -fomit-frame-pointer -pipe -Os -isysroot/Library/Developer/CommandLineTools/SDKs/MacOSX15.sdk -arch arm64 -arch x86_64  -c -o src/libstddjb/sysclock_from_localtm.lo src/libstddjb/sysclock_from_localtm.c
exec /usr/bin/clang -D_POSIX_C_SOURCE=200809L -D_XOPEN_SOURCE=700 -Isrc/include -fPIC -Werror=implicit-function-declaration -Werror=implicit-int -Werror=pointer-sign -Werror=pointer-arith -Werror=incompatible-pointer-types -Werror=unguarded-availability -Wno-unused-value -Wno-parentheses -I/private/tmp/mp-skarnet.BQSnVP/prefix/include -isysroot/Library/Developer/CommandLineTools/SDKs/MacOSX15.sdk -pipe -Wall -std=c99 -fno-exceptions -fno-unwind-tables -fno-asynchronous-unwind-tables -ffunction-sections -fdata-sections -O2 -fomit-frame-pointer -pipe -Os -isysroot/Library/Developer/CommandLineTools/SDKs/MacOSX15.sdk -arch arm64 -arch x86_64  -c -o src/libstddjb/sysclock_from_localtmn.lo src/libstddjb/sysclock_from_localtmn.c
exec /usr/bin/clang -D_POSIX_C_SOURCE=200809L -D_XOPEN_SOURCE=700 -Isrc/include -fPIC -Werror=implicit-function-declaration -Werror=implicit-int -Werror=pointer-sign -Werror=pointer-arith -Werror=incompatible-pointer-types -Werror=unguarded-availability -Wno-unused-value -Wno-parentheses -I/private/tmp/mp-skarnet.BQSnVP/prefix/include -isysroot/Library/Developer/CommandLineTools/SDKs/MacOSX15.sdk -pipe -Wall -std=c99 -fno-exceptions -fno-unwind-tables -fno-asynchronous-unwind-tables -ffunction-sections -fdata-sections -O2 -fomit-frame-pointer -pipe -Os -isysroot/Library/Developer/CommandLineTools/SDKs/MacOSX15.sdk -arch arm64 -arch x86_64  -c -o src/libstddjb/sysclock_from_ltm64.lo src/libstddjb/sysclock_from_ltm64.c
exec /usr/bin/clang -D_POSIX_C_SOURCE=200809L -D_XOPEN_SOURCE=700 -Isrc/include -fPIC -Werror=implicit-function-declaration -Werror=implicit-int -Werror=pointer-sign -Werror=pointer-arith -Werror=incompatible-pointer-types -Werror=unguarded-availability -Wno-unused-value -Wno-parentheses -I/private/tmp/mp-skarnet.BQSnVP/prefix/include -isysroot/Library/Developer/CommandLineTools/SDKs/MacOSX15.sdk -pipe -Wall -std=c99 -fno-exceptions -fno-unwind-tables -fno-asynchronous-unwind-tables -ffunction-sections -fdata-sections -O2 -fomit-frame-pointer -pipe -Os -isysroot/Library/Developer/CommandLineTools/SDKs/MacOSX15.sdk -arch arm64 -arch x86_64  -c -o src/libstddjb/sysclock_from_tai.lo src/libstddjb/sysclock_from_tai.c
exec /usr/bin/clang -D_POSIX_C_SOURCE=200809L -D_XOPEN_SOURCE=700 -Isrc/include -fPIC -Werror=implicit-function-declaration -Werror=implicit-int -Werror=pointer-sign -Werror=pointer-arith -Werror=incompatible-pointer-types -Werror=unguarded-availability -Wno-unused-value -Wno-parentheses -I/private/tmp/mp-skarnet.BQSnVP/prefix/include -isysroot/Library/Developer/CommandLineTools/SDKs/MacOSX15.sdk -pipe -Wall -std=c99 -fno-exceptions -fno-unwind-tables -fno-asynchronous-unwind-tables -ffunction-sections -fdata-sections -O2 -fomit-frame-pointer -pipe -Os -isysroot/Library/Developer/CommandLineTools/SDKs/MacOSX15.sdk -arch arm64 -arch x86_64  -c -o src/libstddjb/sysclock_from_tain.lo src/libstddjb/sysclock_from_tain.c
exec /usr/bin/clang -D_POSIX_C_SOURCE=200809L -D_XOPEN_SOURCE=700 -Isrc/include -fPIC -Werror=implicit-function-declaration -Werror=implicit-int -Werror=pointer-sign -Werror=pointer-arith -Werror=incompatible-pointer-types -Werror=unguarded-availability -Wno-unused-value -Wno-parentheses -I/private/tmp/mp-skarnet.BQSnVP/prefix/include -isysroot/Library/Developer/CommandLineTools/SDKs/MacOSX15.sdk -pipe -Wall -std=c99 -fno-exceptions -fno-unwind-tables -fno-asynchronous-unwind-tables -ffunction-sections -fdata-sections -O2 -fomit-frame-pointer -pipe -Os -isysroot/Library/Developer/CommandLineTools/SDKs/MacOSX15.sdk -arch arm64 -arch x86_64  -c -o src/libstddjb/sysclock_from_utc.lo src/libstddjb/sysclock_from_utc.c
exec /usr/bin/clang -D_POSIX_C_SOURCE=200809L -D_XOPEN_SOURCE=700 -Isrc/include -fPIC -Werror=implicit-function-declaration -Werror=implicit-int -Werror=pointer-sign -Werror=pointer-arith -Werror=incompatible-pointer-types -Werror=unguarded-availability -Wno-unused-value -Wno-parentheses -I/private/tmp/mp-skarnet.BQSnVP/prefix/include -isysroot/Library/Developer/CommandLineTools/SDKs/MacOSX15.sdk -pipe -Wall -std=c99 -fno-exceptions -fno-unwind-tables -fno-asynchronous-unwind-tables -ffunction-sections -fdata-sections -O2 -fomit-frame-pointer -pipe -Os -isysroot/Library/Developer/CommandLineTools/SDKs/MacOSX15.sdk -arch arm64 -arch x86_64  -c -o src/libstddjb/sysclock_get.lo src/libstddjb/sysclock_get.c
exec /usr/bin/clang -D_POSIX_C_SOURCE=200809L -D_XOPEN_SOURCE=700 -Isrc/include -fPIC -Werror=implicit-function-declaration -Werror=implicit-int -Werror=pointer-sign -Werror=pointer-arith -Werror=incompatible-pointer-types -Werror=unguarded-availability -Wno-unused-value -Wno-parentheses -I/private/tmp/mp-skarnet.BQSnVP/prefix/include -isysroot/Library/Developer/CommandLineTools/SDKs/MacOSX15.sdk -pipe -Wall -std=c99 -fno-exceptions -fno-unwind-tables -fno-asynchronous-unwind-tables -ffunction-sections -fdata-sections -O2 -fomit-frame-pointer -pipe -Os -isysroot/Library/Developer/CommandLineTools/SDKs/MacOSX15.sdk -arch arm64 -arch x86_64  -c -o src/libstddjb/sysclock_set.lo src/libstddjb/sysclock_set.c
exec /usr/bin/clang -D_POSIX_C_SOURCE=200809L -D_XOPEN_SOURCE=700 -Isrc/include -fPIC -Werror=implicit-function-declaration -Werror=implicit-int -Werror=pointer-sign -Werror=pointer-arith -Werror=incompatible-pointer-types -Werror=unguarded-availability -Wno-unused-value -Wno-parentheses -I/private/tmp/mp-skarnet.BQSnVP/prefix/include -isysroot/Library/Developer/CommandLineTools/SDKs/MacOSX15.sdk -pipe -Wall -std=c99 -fno-exceptions -fno-unwind-tables -fno-asynchronous-unwind-tables -ffunction-sections -fdata-sections -O2 -fomit-frame-pointer -pipe -Os -isysroot/Library/Developer/CommandLineTools/SDKs/MacOSX15.sdk -arch arm64 -arch x86_64  -c -o src/libstddjb/tai_add.lo src/libstddjb/tai_add.c
exec /usr/bin/clang -D_POSIX_C_SOURCE=200809L -D_XOPEN_SOURCE=700 -Isrc/include -fPIC -Werror=implicit-function-declaration -Werror=implicit-int -Werror=pointer-sign -Werror=pointer-arith -Werror=incompatible-pointer-types -Werror=unguarded-availability -Wno-unused-value -Wno-parentheses -I/private/tmp/mp-skarnet.BQSnVP/prefix/include -isysroot/Library/Developer/CommandLineTools/SDKs/MacOSX15.sdk -pipe -Wall -std=c99 -fno-exceptions -fno-unwind-tables -fno-asynchronous-unwind-tables -ffunction-sections -fdata-sections -O2 -fomit-frame-pointer -pipe -Os -isysroot/Library/Developer/CommandLineTools/SDKs/MacOSX15.sdk -arch arm64 -arch x86_64  -c -o src/libstddjb/tai_from_localtm.lo src/libstddjb/tai_from_localtm.c
exec /usr/bin/clang -D_POSIX_C_SOURCE=200809L -D_XOPEN_SOURCE=700 -Isrc/include -fPIC -Werror=implicit-function-declaration -Werror=implicit-int -Werror=pointer-sign -Werror=pointer-arith -Werror=incompatible-pointer-types -Werror=unguarded-availability -Wno-unused-value -Wno-parentheses -I/private/tmp/mp-skarnet.BQSnVP/prefix/include -isysroot/Library/Developer/CommandLineTools/SDKs/MacOSX15.sdk -pipe -Wall -std=c99 -fno-exceptions -fno-unwind-tables -fno-asynchronous-unwind-tables -ffunction-sections -fdata-sections -O2 -fomit-frame-pointer -pipe -Os -isysroot/Library/Developer/CommandLineTools/SDKs/MacOSX15.sdk -arch arm64 -arch x86_64  -c -o src/libstddjb/tai_from_ltm64.lo src/libstddjb/tai_from_ltm64.c
exec /usr/bin/clang -D_POSIX_C_SOURCE=200809L -D_XOPEN_SOURCE=700 -Isrc/include -fPIC -Werror=implicit-function-declaration -Werror=implicit-int -Werror=pointer-sign -Werror=pointer-arith -Werror=incompatible-pointer-types -Werror=unguarded-availability -Wno-unused-value -Wno-parentheses -I/private/tmp/mp-skarnet.BQSnVP/prefix/include -isysroot/Library/Developer/CommandLineTools/SDKs/MacOSX15.sdk -pipe -Wall -std=c99 -fno-exceptions -fno-unwind-tables -fno-asynchronous-unwind-tables -ffunction-sections -fdata-sections -O2 -fomit-frame-pointer -pipe -Os -isysroot/Library/Developer/CommandLineTools/SDKs/MacOSX15.sdk -arch arm64 -arch x86_64  -c -o src/libstddjb/tai_from_sysclock.lo src/libstddjb/tai_from_sysclock.c
exec /usr/bin/clang -D_POSIX_C_SOURCE=200809L -D_XOPEN_SOURCE=700 -Isrc/include -fPIC -Werror=implicit-function-declaration -Werror=implicit-int -Werror=pointer-sign -Werror=pointer-arith -Werror=incompatible-pointer-types -Werror=unguarded-availability -Wno-unused-value -Wno-parentheses -I/private/tmp/mp-skarnet.BQSnVP/prefix/include -isysroot/Library/Developer/CommandLineTools/SDKs/MacOSX15.sdk -pipe -Wall -std=c99 -fno-exceptions -fno-unwind-tables -fno-asynchronous-unwind-tables -ffunction-sections -fdata-sections -O2 -fomit-frame-pointer -pipe -Os -isysroot/Library/Developer/CommandLineTools/SDKs/MacOSX15.sdk -arch arm64 -arch x86_64  -c -o src/libstddjb/tai_from_utc.lo src/libstddjb/tai_from_utc.c
exec /usr/bin/clang -D_POSIX_C_SOURCE=200809L -D_XOPEN_SOURCE=700 -Isrc/include -fPIC -Werror=implicit-function-declaration -Werror=implicit-int -Werror=pointer-sign -Werror=pointer-arith -Werror=incompatible-pointer-types -Werror=unguarded-availability -Wno-unused-value -Wno-parentheses -I/private/tmp/mp-skarnet.BQSnVP/prefix/include -isysroot/Library/Developer/CommandLineTools/SDKs/MacOSX15.sdk -pipe -Wall -std=c99 -fno-exceptions -fno-unwind-tables -fno-asynchronous-unwind-tables -ffunction-sections -fdata-sections -O2 -fomit-frame-pointer -pipe -Os -isysroot/Library/Developer/CommandLineTools/SDKs/MacOSX15.sdk -arch arm64 -arch x86_64  -c -o src/libstddjb/tai_now.lo src/libstddjb/tai_now.c
exec /usr/bin/clang -D_POSIX_C_SOURCE=200809L -D_XOPEN_SOURCE=700 -Isrc/include -fPIC -Werror=implicit-function-declaration -Werror=implicit-int -Werror=pointer-sign -Werror=pointer-arith -Werror=incompatible-pointer-types -Werror=unguarded-availability -Wno-unused-value -Wno-parentheses -I/private/tmp/mp-skarnet.BQSnVP/prefix/include -isysroot/Library/Developer/CommandLineTools/SDKs/MacOSX15.sdk -pipe -Wall -std=c99 -fno-exceptions -fno-unwind-tables -fno-asynchronous-unwind-tables -ffunction-sections -fdata-sections -O2 -fomit-frame-pointer -pipe -Os -isysroot/Library/Developer/CommandLineTools/SDKs/MacOSX15.sdk -arch arm64 -arch x86_64  -c -o src/libstddjb/tai_pack.lo src/libstddjb/tai_pack.c
exec /usr/bin/clang -D_POSIX_C_SOURCE=200809L -D_XOPEN_SOURCE=700 -Isrc/include -fPIC -Werror=implicit-function-declaration -Werror=implicit-int -Werror=pointer-sign -Werror=pointer-arith -Werror=incompatible-pointer-types -Werror=unguarded-availability -Wno-unused-value -Wno-parentheses -I/private/tmp/mp-skarnet.BQSnVP/prefix/include -isysroot/Library/Developer/CommandLineTools/SDKs/MacOSX15.sdk -pipe -Wall -std=c99 -fno-exceptions -fno-unwind-tables -fno-asynchronous-unwind-tables -ffunction-sections -fdata-sections -O2 -fomit-frame-pointer -pipe -Os -isysroot/Library/Developer/CommandLineTools/SDKs/MacOSX15.sdk -arch arm64 -arch x86_64  -c -o src/libstddjb/tai_pack_little.lo src/libstddjb/tai_pack_little.c
exec /usr/bin/clang -D_POSIX_C_SOURCE=200809L -D_XOPEN_SOURCE=700 -Isrc/include -fPIC -Werror=implicit-function-declaration -Werror=implicit-int -Werror=pointer-sign -Werror=pointer-arith -Werror=incompatible-pointer-types -Werror=unguarded-availability -Wno-unused-value -Wno-parentheses -I/private/tmp/mp-skarnet.BQSnVP/prefix/include -isysroot/Library/Developer/CommandLineTools/SDKs/MacOSX15.sdk -pipe -Wall -std=c99 -fno-exceptions -fno-unwind-tables -fno-asynchronous-unwind-tables -ffunction-sections -fdata-sections -O2 -fomit-frame-pointer -pipe -Os -isysroot/Library/Developer/CommandLineTools/SDKs/MacOSX15.sdk -arch arm64 -arch x86_64  -c -o src/libstddjb/tai_sub.lo src/libstddjb/tai_sub.c
exec /usr/bin/clang -D_POSIX_C_SOURCE=200809L -D_XOPEN_SOURCE=700 -Isrc/include -fPIC -Werror=implicit-function-declaration -Werror=implicit-int -Werror=pointer-sign -Werror=pointer-arith -Werror=incompatible-pointer-types -Werror=unguarded-availability -Wno-unused-value -Wno-parentheses -I/private/tmp/mp-skarnet.BQSnVP/prefix/include -isysroot/Library/Developer/CommandLineTools/SDKs/MacOSX15.sdk -pipe -Wall -std=c99 -fno-exceptions -fno-unwind-tables -fno-asynchronous-unwind-tables -ffunction-sections -fdata-sections -O2 -fomit-frame-pointer -pipe -Os -isysroot/Library/Developer/CommandLineTools/SDKs/MacOSX15.sdk -arch arm64 -arch x86_64  -c -o src/libstddjb/tai_u64.lo src/libstddjb/tai_u64.c
exec /usr/bin/clang -D_POSIX_C_SOURCE=200809L -D_XOPEN_SOURCE=700 -Isrc/include -fPIC -Werror=implicit-function-declaration -Werror=implicit-int -Werror=pointer-sign -Werror=pointer-arith -Werror=incompatible-pointer-types -Werror=unguarded-availability -Wno-unused-value -Wno-parentheses -I/private/tmp/mp-skarnet.BQSnVP/prefix/include -isysroot/Library/Developer/CommandLineTools/SDKs/MacOSX15.sdk -pipe -Wall -std=c99 -fno-exceptions -fno-unwind-tables -fno-asynchronous-unwind-tables -ffunction-sections -fdata-sections -O2 -fomit-frame-pointer -pipe -Os -isysroot/Library/Developer/CommandLineTools/SDKs/MacOSX15.sdk -arch arm64 -arch x86_64  -c -o src/libstddjb/tai_unpack.lo src/libstddjb/tai_unpack.c
exec /usr/bin/clang -D_POSIX_C_SOURCE=200809L -D_XOPEN_SOURCE=700 -Isrc/include -fPIC -Werror=implicit-function-declaration -Werror=implicit-int -Werror=pointer-sign -Werror=pointer-arith -Werror=incompatible-pointer-types -Werror=unguarded-availability -Wno-unused-value -Wno-parentheses -I/private/tmp/mp-skarnet.BQSnVP/prefix/include -isysroot/Library/Developer/CommandLineTools/SDKs/MacOSX15.sdk -pipe -Wall -std=c99 -fno-exceptions -fno-unwind-tables -fno-asynchronous-unwind-tables -ffunction-sections -fdata-sections -O2 -fomit-frame-pointer -pipe -Os -isysroot/Library/Developer/CommandLineTools/SDKs/MacOSX15.sdk -arch arm64 -arch x86_64  -c -o src/libstddjb/tai_unpack_little.lo src/libstddjb/tai_unpack_little.c
exec /usr/bin/clang -D_POSIX_C_SOURCE=200809L -D_XOPEN_SOURCE=700 -Isrc/include -fPIC -Werror=implicit-function-declaration -Werror=implicit-int -Werror=pointer-sign -Werror=pointer-arith -Werror=incompatible-pointer-types -Werror=unguarded-availability -Wno-unused-value -Wno-parentheses -I/private/tmp/mp-skarnet.BQSnVP/prefix/include -isysroot/Library/Developer/CommandLineTools/SDKs/MacOSX15.sdk -pipe -Wall -std=c99 -fno-exceptions -fno-unwind-tables -fno-asynchronous-unwind-tables -ffunction-sections -fdata-sections -O2 -fomit-frame-pointer -pipe -Os -isysroot/Library/Developer/CommandLineTools/SDKs/MacOSX15.sdk -arch arm64 -arch x86_64  -c -o src/libstddjb/tain_add.lo src/libstddjb/tain_add.c
exec /usr/bin/clang -D_POSIX_C_SOURCE=200809L -D_XOPEN_SOURCE=700 -Isrc/include -fPIC -Werror=implicit-function-declaration -Werror=implicit-int -Werror=pointer-sign -Werror=pointer-arith -Werror=incompatible-pointer-types -Werror=unguarded-availability -Wno-unused-value -Wno-parentheses -I/private/tmp/mp-skarnet.BQSnVP/prefix/include -isysroot/Library/Developer/CommandLineTools/SDKs/MacOSX15.sdk -pipe -Wall -std=c99 -fno-exceptions -fno-unwind-tables -fno-asynchronous-unwind-tables -ffunction-sections -fdata-sections -O2 -fomit-frame-pointer -pipe -Os -isysroot/Library/Developer/CommandLineTools/SDKs/MacOSX15.sdk -arch arm64 -arch x86_64  -c -o src/libstddjb/tain_addmsec.lo src/libstddjb/tain_addmsec.c
exec /usr/bin/clang -D_POSIX_C_SOURCE=200809L -D_XOPEN_SOURCE=700 -Isrc/include -fPIC -Werror=implicit-function-declaration -Werror=implicit-int -Werror=pointer-sign -Werror=pointer-arith -Werror=incompatible-pointer-types -Werror=unguarded-availability -Wno-unused-value -Wno-parentheses -I/private/tmp/mp-skarnet.BQSnVP/prefix/include -isysroot/Library/Developer/CommandLineTools/SDKs/MacOSX15.sdk -pipe -Wall -std=c99 -fno-exceptions -fno-unwind-tables -fno-asynchronous-unwind-tables -ffunction-sections -fdata-sections -O2 -fomit-frame-pointer -pipe -Os -isysroot/Library/Developer/CommandLineTools/SDKs/MacOSX15.sdk -arch arm64 -arch x86_64  -c -o src/libstddjb/tain_addsec.lo src/libstddjb/tain_addsec.c
exec /usr/bin/clang -D_POSIX_C_SOURCE=200809L -D_XOPEN_SOURCE=700 -Isrc/include -fPIC -Werror=implicit-function-declaration -Werror=implicit-int -Werror=pointer-sign -Werror=pointer-arith -Werror=incompatible-pointer-types -Werror=unguarded-availability -Wno-unused-value -Wno-parentheses -I/private/tmp/mp-skarnet.BQSnVP/prefix/include -isysroot/Library/Developer/CommandLineTools/SDKs/MacOSX15.sdk -pipe -Wall -std=c99 -fno-exceptions -fno-unwind-tables -fno-asynchronous-unwind-tables -ffunction-sections -fdata-sections -O2 -fomit-frame-pointer -pipe -Os -isysroot/Library/Developer/CommandLineTools/SDKs/MacOSX15.sdk -arch arm64 -arch x86_64  -c -o src/libstddjb/tain_approx.lo src/libstddjb/tain_approx.c
exec /usr/bin/clang -D_POSIX_C_SOURCE=200809L -D_XOPEN_SOURCE=700 -Isrc/include -fPIC -Werror=implicit-function-declaration -Werror=implicit-int -Werror=pointer-sign -Werror=pointer-arith -Werror=incompatible-pointer-types -Werror=unguarded-availability -Wno-unused-value -Wno-parentheses -I/private/tmp/mp-skarnet.BQSnVP/prefix/include -isysroot/Library/Developer/CommandLineTools/SDKs/MacOSX15.sdk -pipe -Wall -std=c99 -fno-exceptions -fno-unwind-tables -fno-asynchronous-unwind-tables -ffunction-sections -fdata-sections -O2 -fomit-frame-pointer -pipe -Os -isysroot/Library/Developer/CommandLineTools/SDKs/MacOSX15.sdk -arch arm64 -arch x86_64  -c -o src/libstddjb/tain_earliest1.lo src/libstddjb/tain_earliest1.c
exec /usr/bin/clang -D_POSIX_C_SOURCE=200809L -D_XOPEN_SOURCE=700 -Isrc/include -fPIC -Werror=implicit-function-declaration -Werror=implicit-int -Werror=pointer-sign -Werror=pointer-arith -Werror=incompatible-pointer-types -Werror=unguarded-availability -Wno-unused-value -Wno-parentheses -I/private/tmp/mp-skarnet.BQSnVP/prefix/include -isysroot/Library/Developer/CommandLineTools/SDKs/MacOSX15.sdk -pipe -Wall -std=c99 -fno-exceptions -fno-unwind-tables -fno-asynchronous-unwind-tables -ffunction-sections -fdata-sections -O2 -fomit-frame-pointer -pipe -Os -isysroot/Library/Developer/CommandLineTools/SDKs/MacOSX15.sdk -arch arm64 -arch x86_64  -c -o src/libstddjb/tain_earliestv.lo src/libstddjb/tain_earliestv.c
exec /usr/bin/clang -D_POSIX_C_SOURCE=200809L -D_XOPEN_SOURCE=700 -Isrc/include -fPIC -Werror=implicit-function-declaration -Werror=implicit-int -Werror=pointer-sign -Werror=pointer-arith -Werror=incompatible-pointer-types -Werror=unguarded-availability -Wno-unused-value -Wno-parentheses -I/private/tmp/mp-skarnet.BQSnVP/prefix/include -isysroot/Library/Developer/CommandLineTools/SDKs/MacOSX15.sdk -pipe -Wall -std=c99 -fno-exceptions -fno-unwind-tables -fno-asynchronous-unwind-tables -ffunction-sections -fdata-sections -O2 -fomit-frame-pointer -pipe -Os -isysroot/Library/Developer/CommandLineTools/SDKs/MacOSX15.sdk -arch arm64 -arch x86_64  -c -o src/libstddjb/tain_fmt.lo src/libstddjb/tain_fmt.c
exec /usr/bin/clang -D_POSIX_C_SOURCE=200809L -D_XOPEN_SOURCE=700 -Isrc/include -fPIC -Werror=implicit-function-declaration -Werror=implicit-int -Werror=pointer-sign -Werror=pointer-arith -Werror=incompatible-pointer-types -Werror=unguarded-availability -Wno-unused-value -Wno-parentheses -I/private/tmp/mp-skarnet.BQSnVP/prefix/include -isysroot/Library/Developer/CommandLineTools/SDKs/MacOSX15.sdk -pipe -Wall -std=c99 -fno-exceptions -fno-unwind-tables -fno-asynchronous-unwind-tables -ffunction-sections -fdata-sections -O2 -fomit-frame-pointer -pipe -Os -isysroot/Library/Developer/CommandLineTools/SDKs/MacOSX15.sdk -arch arm64 -arch x86_64  -c -o src/libstddjb/tain_frac.lo src/libstddjb/tain_frac.c
exec /usr/bin/clang -D_POSIX_C_SOURCE=200809L -D_XOPEN_SOURCE=700 -Isrc/include -fPIC -Werror=implicit-function-declaration -Werror=implicit-int -Werror=pointer-sign -Werror=pointer-arith -Werror=incompatible-pointer-types -Werror=unguarded-availability -Wno-unused-value -Wno-parentheses -I/private/tmp/mp-skarnet.BQSnVP/prefix/include -isysroot/Library/Developer/CommandLineTools/SDKs/MacOSX15.sdk -pipe -Wall -std=c99 -fno-exceptions -fno-unwind-tables -fno-asynchronous-unwind-tables -ffunction-sections -fdata-sections -O2 -fomit-frame-pointer -pipe -Os -isysroot/Library/Developer/CommandLineTools/SDKs/MacOSX15.sdk -arch arm64 -arch x86_64  -c -o src/libstddjb/tain_from_localtmn.lo src/libstddjb/tain_from_localtmn.c
exec /usr/bin/clang -D_POSIX_C_SOURCE=200809L -D_XOPEN_SOURCE=700 -Isrc/include -fPIC -Werror=implicit-function-declaration -Werror=implicit-int -Werror=pointer-sign -Werror=pointer-arith -Werror=incompatible-pointer-types -Werror=unguarded-availability -Wno-unused-value -Wno-parentheses -I/private/tmp/mp-skarnet.BQSnVP/prefix/include -isysroot/Library/Developer/CommandLineTools/SDKs/MacOSX15.sdk -pipe -Wall -std=c99 -fno-exceptions -fno-unwind-tables -fno-asynchronous-unwind-tables -ffunction-sections -fdata-sections -O2 -fomit-frame-pointer -pipe -Os -isysroot/Library/Developer/CommandLineTools/SDKs/MacOSX15.sdk -arch arm64 -arch x86_64  -c -o src/libstddjb/tain_from_millisecs.lo src/libstddjb/tain_from_millisecs.c
exec /usr/bin/clang -D_POSIX_C_SOURCE=200809L -D_XOPEN_SOURCE=700 -Isrc/include -fPIC -Werror=implicit-function-declaration -Werror=implicit-int -Werror=pointer-sign -Werror=pointer-arith -Werror=incompatible-pointer-types -Werror=unguarded-availability -Wno-unused-value -Wno-parentheses -I/private/tmp/mp-skarnet.BQSnVP/prefix/include -isysroot/Library/Developer/CommandLineTools/SDKs/MacOSX15.sdk -pipe -Wall -std=c99 -fno-exceptions -fno-unwind-tables -fno-asynchronous-unwind-tables -ffunction-sections -fdata-sections -O2 -fomit-frame-pointer -pipe -Os -isysroot/Library/Developer/CommandLineTools/SDKs/MacOSX15.sdk -arch arm64 -arch x86_64  -c -o src/libstddjb/tain_from_ntp.lo src/libstddjb/tain_from_ntp.c
exec /usr/bin/clang -D_POSIX_C_SOURCE=200809L -D_XOPEN_SOURCE=700 -Isrc/include -fPIC -Werror=implicit-function-declaration -Werror=implicit-int -Werror=pointer-sign -Werror=pointer-arith -Werror=incompatible-pointer-types -Werror=unguarded-availability -Wno-unused-value -Wno-parentheses -I/private/tmp/mp-skarnet.BQSnVP/prefix/include -isysroot/Library/Developer/CommandLineTools/SDKs/MacOSX15.sdk -pipe -Wall -std=c99 -fno-exceptions -fno-unwind-tables -fno-asynchronous-unwind-tables -ffunction-sections -fdata-sections -O2 -fomit-frame-pointer -pipe -Os -isysroot/Library/Developer/CommandLineTools/SDKs/MacOSX15.sdk -arch arm64 -arch x86_64  -c -o src/libstddjb/tain_from_sysclock.lo src/libstddjb/tain_from_sysclock.c
exec /usr/bin/clang -D_POSIX_C_SOURCE=200809L -D_XOPEN_SOURCE=700 -Isrc/include -fPIC -Werror=implicit-function-declaration -Werror=implicit-int -Werror=pointer-sign -Werror=pointer-arith -Werror=incompatible-pointer-types -Werror=unguarded-availability -Wno-unused-value -Wno-parentheses -I/private/tmp/mp-skarnet.BQSnVP/prefix/include -isysroot/Library/Developer/CommandLineTools/SDKs/MacOSX15.sdk -pipe -Wall -std=c99 -fno-exceptions -fno-unwind-tables -fno-asynchronous-unwind-tables -ffunction-sections -fdata-sections -O2 -fomit-frame-pointer -pipe -Os -isysroot/Library/Developer/CommandLineTools/SDKs/MacOSX15.sdk -arch arm64 -arch x86_64  -c -o src/libstddjb/tain_from_timespec.lo src/libstddjb/tain_from_timespec.c
exec /usr/bin/clang -D_POSIX_C_SOURCE=200809L -D_XOPEN_SOURCE=700 -Isrc/include -fPIC -Werror=implicit-function-declaration -Werror=implicit-int -Werror=pointer-sign -Werror=pointer-arith -Werror=incompatible-pointer-types -Werror=unguarded-availability -Wno-unused-value -Wno-parentheses -I/private/tmp/mp-skarnet.BQSnVP/prefix/include -isysroot/Library/Developer/CommandLineTools/SDKs/MacOSX15.sdk -pipe -Wall -std=c99 -fno-exceptions -fno-unwind-tables -fno-asynchronous-unwind-tables -ffunction-sections -fdata-sections -O2 -fomit-frame-pointer -pipe -Os -isysroot/Library/Developer/CommandLineTools/SDKs/MacOSX15.sdk -arch arm64 -arch x86_64  -c -o src/libstddjb/tain_from_timespec_sysclock.lo src/libstddjb/tain_from_timespec_sysclock.c
exec /usr/bin/clang -D_POSIX_C_SOURCE=200809L -D_XOPEN_SOURCE=700 -Isrc/include -fPIC -Werror=implicit-function-declaration -Werror=implicit-int -Werror=pointer-sign -Werror=pointer-arith -Werror=incompatible-pointer-types -Werror=unguarded-availability -Wno-unused-value -Wno-parentheses -I/private/tmp/mp-skarnet.BQSnVP/prefix/include -isysroot/Library/Developer/CommandLineTools/SDKs/MacOSX15.sdk -pipe -Wall -std=c99 -fno-exceptions -fno-unwind-tables -fno-asynchronous-unwind-tables -ffunction-sections -fdata-sections -O2 -fomit-frame-pointer -pipe -Os -isysroot/Library/Developer/CommandLineTools/SDKs/MacOSX15.sdk -arch arm64 -arch x86_64  -c -o src/libstddjb/tain_from_timeval.lo src/libstddjb/tain_from_timeval.c
exec /usr/bin/clang -D_POSIX_C_SOURCE=200809L -D_XOPEN_SOURCE=700 -Isrc/include -fPIC -Werror=implicit-function-declaration -Werror=implicit-int -Werror=pointer-sign -Werror=pointer-arith -Werror=incompatible-pointer-types -Werror=unguarded-availability -Wno-unused-value -Wno-parentheses -I/private/tmp/mp-skarnet.BQSnVP/prefix/include -isysroot/Library/Developer/CommandLineTools/SDKs/MacOSX15.sdk -pipe -Wall -std=c99 -fno-exceptions -fno-unwind-tables -fno-asynchronous-unwind-tables -ffunction-sections -fdata-sections -O2 -fomit-frame-pointer -pipe -Os -isysroot/Library/Developer/CommandLineTools/SDKs/MacOSX15.sdk -arch arm64 -arch x86_64  -c -o src/libstddjb/tain_from_timeval_sysclock.lo src/libstddjb/tain_from_timeval_sysclock.c
exec /usr/bin/clang -D_POSIX_C_SOURCE=200809L -D_XOPEN_SOURCE=700 -Isrc/include -fPIC -Werror=implicit-function-declaration -Werror=implicit-int -Werror=pointer-sign -Werror=pointer-arith -Werror=incompatible-pointer-types -Werror=unguarded-availability -Wno-unused-value -Wno-parentheses -I/private/tmp/mp-skarnet.BQSnVP/prefix/include -isysroot/Library/Developer/CommandLineTools/SDKs/MacOSX15.sdk -pipe -Wall -std=c99 -fno-exceptions -fno-unwind-tables -fno-asynchronous-unwind-tables -ffunction-sections -fdata-sections -O2 -fomit-frame-pointer -pipe -Os -isysroot/Library/Developer/CommandLineTools/SDKs/MacOSX15.sdk -arch arm64 -arch x86_64  -c -o src/libstddjb/tain_half.lo src/libstddjb/tain_half.c
exec /usr/bin/clang -D_POSIX_C_SOURCE=200809L -D_XOPEN_SOURCE=700 -Isrc/include -fPIC -Werror=implicit-function-declaration -Werror=implicit-int -Werror=pointer-sign -Werror=pointer-arith -Werror=incompatible-pointer-types -Werror=unguarded-availability -Wno-unused-value -Wno-parentheses -I/private/tmp/mp-skarnet.BQSnVP/prefix/include -isysroot/Library/Developer/CommandLineTools/SDKs/MacOSX15.sdk -pipe -Wall -std=c99 -fno-exceptions -fno-unwind-tables -fno-asynchronous-unwind-tables -ffunction-sections -fdata-sections -O2 -fomit-frame-pointer -pipe -Os -isysroot/Library/Developer/CommandLineTools/SDKs/MacOSX15.sdk -arch arm64 -arch x86_64  -c -o src/libstddjb/tain_infinite.lo src/libstddjb/tain_infinite.c
exec /usr/bin/clang -D_POSIX_C_SOURCE=200809L -D_XOPEN_SOURCE=700 -Isrc/include -fPIC -Werror=implicit-function-declaration -Werror=implicit-int -Werror=pointer-sign -Werror=pointer-arith -Werror=incompatible-pointer-types -Werror=unguarded-availability -Wno-unused-value -Wno-parentheses -I/private/tmp/mp-skarnet.BQSnVP/prefix/include -isysroot/Library/Developer/CommandLineTools/SDKs/MacOSX15.sdk -pipe -Wall -std=c99 -fno-exceptions -fno-unwind-tables -fno-asynchronous-unwind-tables -ffunction-sections -fdata-sections -O2 -fomit-frame-pointer -pipe -Os -isysroot/Library/Developer/CommandLineTools/SDKs/MacOSX15.sdk -arch arm64 -arch x86_64  -c -o src/libstddjb/tain_infinite_relative.lo src/libstddjb/tain_infinite_relative.c
exec /usr/bin/clang -D_POSIX_C_SOURCE=200809L -D_XOPEN_SOURCE=700 -Isrc/include -fPIC -Werror=implicit-function-declaration -Werror=implicit-int -Werror=pointer-sign -Werror=pointer-arith -Werror=incompatible-pointer-types -Werror=unguarded-availability -Wno-unused-value -Wno-parentheses -I/private/tmp/mp-skarnet.BQSnVP/prefix/include -isysroot/Library/Developer/CommandLineTools/SDKs/MacOSX15.sdk -pipe -Wall -std=c99 -fno-exceptions -fno-unwind-tables -fno-asynchronous-unwind-tables -ffunction-sections -fdata-sections -O2 -fomit-frame-pointer -pipe -Os -isysroot/Library/Developer/CommandLineTools/SDKs/MacOSX15.sdk -arch arm64 -arch x86_64  -c -o src/libstddjb/tain_less.lo src/libstddjb/tain_less.c
exec /usr/bin/clang -D_POSIX_C_SOURCE=200809L -D_XOPEN_SOURCE=700 -Isrc/include -fPIC -Werror=implicit-function-declaration -Werror=implicit-int -Werror=pointer-sign -Werror=pointer-arith -Werror=incompatible-pointer-types -Werror=unguarded-availability -Wno-unused-value -Wno-parentheses -I/private/tmp/mp-skarnet.BQSnVP/prefix/include -isysroot/Library/Developer/CommandLineTools/SDKs/MacOSX15.sdk -pipe -Wall -std=c99 -fno-exceptions -fno-unwind-tables -fno-asynchronous-unwind-tables -ffunction-sections -fdata-sections -O2 -fomit-frame-pointer -pipe -Os -isysroot/Library/Developer/CommandLineTools/SDKs/MacOSX15.sdk -arch arm64 -arch x86_64  -c -o src/libstddjb/tain_nano500.lo src/libstddjb/tain_nano500.c
exec /usr/bin/clang -D_POSIX_C_SOURCE=200809L -D_XOPEN_SOURCE=700 -Isrc/include -fPIC -Werror=implicit-function-declaration -Werror=implicit-int -Werror=pointer-sign -Werror=pointer-arith -Werror=incompatible-pointer-types -Werror=unguarded-availability -Wno-unused-value -Wno-parentheses -I/private/tmp/mp-skarnet.BQSnVP/prefix/include -isysroot/Library/Developer/CommandLineTools/SDKs/MacOSX15.sdk -pipe -Wall -std=c99 -fno-exceptions -fno-unwind-tables -fno-asynchronous-unwind-tables -ffunction-sections -fdata-sections -O2 -fomit-frame-pointer -pipe -Os -isysroot/Library/Developer/CommandLineTools/SDKs/MacOSX15.sdk -arch arm64 -arch x86_64  -c -o src/libstddjb/tain_now.lo src/libstddjb/tain_now.c
exec /usr/bin/clang -D_POSIX_C_SOURCE=200809L -D_XOPEN_SOURCE=700 -Isrc/include -fPIC -Werror=implicit-function-declaration -Werror=implicit-int -Werror=pointer-sign -Werror=pointer-arith -Werror=incompatible-pointer-types -Werror=unguarded-availability -Wno-unused-value -Wno-parentheses -I/private/tmp/mp-skarnet.BQSnVP/prefix/include -isysroot/Library/Developer/CommandLineTools/SDKs/MacOSX15.sdk -pipe -Wall -std=c99 -fno-exceptions -fno-unwind-tables -fno-asynchronous-unwind-tables -ffunction-sections -fdata-sections -O2 -fomit-frame-pointer -pipe -Os -isysroot/Library/Developer/CommandLineTools/SDKs/MacOSX15.sdk -arch arm64 -arch x86_64  -c -o src/libstddjb/tain_now_set_stopwatch.lo src/libstddjb/tain_now_set_stopwatch.c
exec /usr/bin/clang -D_POSIX_C_SOURCE=200809L -D_XOPEN_SOURCE=700 -Isrc/include -fPIC -Werror=implicit-function-declaration -Werror=implicit-int -Werror=pointer-sign -Werror=pointer-arith -Werror=incompatible-pointer-types -Werror=unguarded-availability -Wno-unused-value -Wno-parentheses -I/private/tmp/mp-skarnet.BQSnVP/prefix/include -isysroot/Library/Developer/CommandLineTools/SDKs/MacOSX15.sdk -pipe -Wall -std=c99 -fno-exceptions -fno-unwind-tables -fno-asynchronous-unwind-tables -ffunction-sections -fdata-sections -O2 -fomit-frame-pointer -pipe -Os -isysroot/Library/Developer/CommandLineTools/SDKs/MacOSX15.sdk -arch arm64 -arch x86_64  -c -o src/libstddjb/tain_now_set_wallclock.lo src/libstddjb/tain_now_set_wallclock.c
exec /usr/bin/clang -D_POSIX_C_SOURCE=200809L -D_XOPEN_SOURCE=700 -Isrc/include -fPIC -Werror=implicit-function-declaration -Werror=implicit-int -Werror=pointer-sign -Werror=pointer-arith -Werror=incompatible-pointer-types -Werror=unguarded-availability -Wno-unused-value -Wno-parentheses -I/private/tmp/mp-skarnet.BQSnVP/prefix/include -isysroot/Library/Developer/CommandLineTools/SDKs/MacOSX15.sdk -pipe -Wall -std=c99 -fno-exceptions -fno-unwind-tables -fno-asynchronous-unwind-tables -ffunction-sections -fdata-sections -O2 -fomit-frame-pointer -pipe -Os -isysroot/Library/Developer/CommandLineTools/SDKs/MacOSX15.sdk -arch arm64 -arch x86_64  -c -o src/libstddjb/tain_pack.lo src/libstddjb/tain_pack.c
exec /usr/bin/clang -D_POSIX_C_SOURCE=200809L -D_XOPEN_SOURCE=700 -Isrc/include -fPIC -Werror=implicit-function-declaration -Werror=implicit-int -Werror=pointer-sign -Werror=pointer-arith -Werror=incompatible-pointer-types -Werror=unguarded-availability -Wno-unused-value -Wno-parentheses -I/private/tmp/mp-skarnet.BQSnVP/prefix/include -isysroot/Library/Developer/CommandLineTools/SDKs/MacOSX15.sdk -pipe -Wall -std=c99 -fno-exceptions -fno-unwind-tables -fno-asynchronous-unwind-tables -ffunction-sections -fdata-sections -O2 -fomit-frame-pointer -pipe -Os -isysroot/Library/Developer/CommandLineTools/SDKs/MacOSX15.sdk -arch arm64 -arch x86_64  -c -o src/libstddjb/tain_pack_little.lo src/libstddjb/tain_pack_little.c
exec /usr/bin/clang -D_POSIX_C_SOURCE=200809L -D_XOPEN_SOURCE=700 -Isrc/include -fPIC -Werror=implicit-function-declaration -Werror=implicit-int -Werror=pointer-sign -Werror=pointer-arith -Werror=incompatible-pointer-types -Werror=unguarded-availability -Wno-unused-value -Wno-parentheses -I/private/tmp/mp-skarnet.BQSnVP/prefix/include -isysroot/Library/Developer/CommandLineTools/SDKs/MacOSX15.sdk -pipe -Wall -std=c99 -fno-exceptions -fno-unwind-tables -fno-asynchronous-unwind-tables -ffunction-sections -fdata-sections -O2 -fomit-frame-pointer -pipe -Os -isysroot/Library/Developer/CommandLineTools/SDKs/MacOSX15.sdk -arch arm64 -arch x86_64  -c -o src/libstddjb/tain_relative_from_timespec.lo src/libstddjb/tain_relative_from_timespec.c
exec /usr/bin/clang -D_POSIX_C_SOURCE=200809L -D_XOPEN_SOURCE=700 -Isrc/include -fPIC -Werror=implicit-function-declaration -Werror=implicit-int -Werror=pointer-sign -Werror=pointer-arith -Werror=incompatible-pointer-types -Werror=unguarded-availability -Wno-unused-value -Wno-parentheses -I/private/tmp/mp-skarnet.BQSnVP/prefix/include -isysroot/Library/Developer/CommandLineTools/SDKs/MacOSX15.sdk -pipe -Wall -std=c99 -fno-exceptions -fno-unwind-tables -fno-asynchronous-unwind-tables -ffunction-sections -fdata-sections -O2 -fomit-frame-pointer -pipe -Os -isysroot/Library/Developer/CommandLineTools/SDKs/MacOSX15.sdk -arch arm64 -arch x86_64  -c -o src/libstddjb/tain_relative_from_timeval.lo src/libstddjb/tain_relative_from_timeval.c
exec /usr/bin/clang -D_POSIX_C_SOURCE=200809L -D_XOPEN_SOURCE=700 -Isrc/include -fPIC -Werror=implicit-function-declaration -Werror=implicit-int -Werror=pointer-sign -Werror=pointer-arith -Werror=incompatible-pointer-types -Werror=unguarded-availability -Wno-unused-value -Wno-parentheses -I/private/tmp/mp-skarnet.BQSnVP/prefix/include -isysroot/Library/Developer/CommandLineTools/SDKs/MacOSX15.sdk -pipe -Wall -std=c99 -fno-exceptions -fno-unwind-tables -fno-asynchronous-unwind-tables -ffunction-sections -fdata-sections -O2 -fomit-frame-pointer -pipe -Os -isysroot/Library/Developer/CommandLineTools/SDKs/MacOSX15.sdk -arch arm64 -arch x86_64  -c -o src/libstddjb/tain_scan.lo src/libstddjb/tain_scan.c
exec /usr/bin/clang -D_POSIX_C_SOURCE=200809L -D_XOPEN_SOURCE=700 -Isrc/include -fPIC -Werror=implicit-function-declaration -Werror=implicit-int -Werror=pointer-sign -Werror=pointer-arith -Werror=incompatible-pointer-types -Werror=unguarded-availability -Wno-unused-value -Wno-parentheses -I/private/tmp/mp-skarnet.BQSnVP/prefix/include -isysroot/Library/Developer/CommandLineTools/SDKs/MacOSX15.sdk -pipe -Wall -std=c99 -fno-exceptions -fno-unwind-tables -fno-asynchronous-unwind-tables -ffunction-sections -fdata-sections -O2 -fomit-frame-pointer -pipe -Os -isysroot/Library/Developer/CommandLineTools/SDKs/MacOSX15.sdk -arch arm64 -arch x86_64  -c -o src/libstddjb/tain_setnow.lo src/libstddjb/tain_setnow.c
exec /usr/bin/clang -D_POSIX_C_SOURCE=200809L -D_XOPEN_SOURCE=700 -Isrc/include -fPIC -Werror=implicit-function-declaration -Werror=implicit-int -Werror=pointer-sign -Werror=pointer-arith -Werror=incompatible-pointer-types -Werror=unguarded-availability -Wno-unused-value -Wno-parentheses -I/private/tmp/mp-skarnet.BQSnVP/prefix/include -isysroot/Library/Developer/CommandLineTools/SDKs/MacOSX15.sdk -pipe -Wall -std=c99 -fno-exceptions -fno-unwind-tables -fno-asynchronous-unwind-tables -ffunction-sections -fdata-sections -O2 -fomit-frame-pointer -pipe -Os -isysroot/Library/Developer/CommandLineTools/SDKs/MacOSX15.sdk -arch arm64 -arch x86_64  -c -o src/libstddjb/tain_stopwatch.lo src/libstddjb/tain_stopwatch.c
exec /usr/bin/clang -D_POSIX_C_SOURCE=200809L -D_XOPEN_SOURCE=700 -Isrc/include -fPIC -Werror=implicit-function-declaration -Werror=implicit-int -Werror=pointer-sign -Werror=pointer-arith -Werror=incompatible-pointer-types -Werror=unguarded-availability -Wno-unused-value -Wno-parentheses -I/private/tmp/mp-skarnet.BQSnVP/prefix/include -isysroot/Library/Developer/CommandLineTools/SDKs/MacOSX15.sdk -pipe -Wall -std=c99 -fno-exceptions -fno-unwind-tables -fno-asynchronous-unwind-tables -ffunction-sections -fdata-sections -O2 -fomit-frame-pointer -pipe -Os -isysroot/Library/Developer/CommandLineTools/SDKs/MacOSX15.sdk -arch arm64 -arch x86_64  -c -o src/libstddjb/tain_sub.lo src/libstddjb/tain_sub.c
exec /usr/bin/clang -D_POSIX_C_SOURCE=200809L -D_XOPEN_SOURCE=700 -Isrc/include -fPIC -Werror=implicit-function-declaration -Werror=implicit-int -Werror=pointer-sign -Werror=pointer-arith -Werror=incompatible-pointer-types -Werror=unguarded-availability -Wno-unused-value -Wno-parentheses -I/private/tmp/mp-skarnet.BQSnVP/prefix/include -isysroot/Library/Developer/CommandLineTools/SDKs/MacOSX15.sdk -pipe -Wall -std=c99 -fno-exceptions -fno-unwind-tables -fno-asynchronous-unwind-tables -ffunction-sections -fdata-sections -O2 -fomit-frame-pointer -pipe -Os -isysroot/Library/Developer/CommandLineTools/SDKs/MacOSX15.sdk -arch arm64 -arch x86_64  -c -o src/libstddjb/tain_to_millisecs.lo src/libstddjb/tain_to_millisecs.c
exec /usr/bin/clang -D_POSIX_C_SOURCE=200809L -D_XOPEN_SOURCE=700 -Isrc/include -fPIC -Werror=implicit-function-declaration -Werror=implicit-int -Werror=pointer-sign -Werror=pointer-arith -Werror=incompatible-pointer-types -Werror=unguarded-availability -Wno-unused-value -Wno-parentheses -I/private/tmp/mp-skarnet.BQSnVP/prefix/include -isysroot/Library/Developer/CommandLineTools/SDKs/MacOSX15.sdk -pipe -Wall -std=c99 -fno-exceptions -fno-unwind-tables -fno-asynchronous-unwind-tables -ffunction-sections -fdata-sections -O2 -fomit-frame-pointer -pipe -Os -isysroot/Library/Developer/CommandLineTools/SDKs/MacOSX15.sdk -arch arm64 -arch x86_64  -c -o src/libstddjb/tain_ulong.lo src/libstddjb/tain_ulong.c
exec /usr/bin/clang -D_POSIX_C_SOURCE=200809L -D_XOPEN_SOURCE=700 -Isrc/include -fPIC -Werror=implicit-function-declaration -Werror=implicit-int -Werror=pointer-sign -Werror=pointer-arith -Werror=incompatible-pointer-types -Werror=unguarded-availability -Wno-unused-value -Wno-parentheses -I/private/tmp/mp-skarnet.BQSnVP/prefix/include -isysroot/Library/Developer/CommandLineTools/SDKs/MacOSX15.sdk -pipe -Wall -std=c99 -fno-exceptions -fno-unwind-tables -fno-asynchronous-unwind-tables -ffunction-sections -fdata-sections -O2 -fomit-frame-pointer -pipe -Os -isysroot/Library/Developer/CommandLineTools/SDKs/MacOSX15.sdk -arch arm64 -arch x86_64  -c -o src/libstddjb/tain_unpack.lo src/libstddjb/tain_unpack.c
exec /usr/bin/clang -D_POSIX_C_SOURCE=200809L -D_XOPEN_SOURCE=700 -Isrc/include -fPIC -Werror=implicit-function-declaration -Werror=implicit-int -Werror=pointer-sign -Werror=pointer-arith -Werror=incompatible-pointer-types -Werror=unguarded-availability -Wno-unused-value -Wno-parentheses -I/private/tmp/mp-skarnet.BQSnVP/prefix/include -isysroot/Library/Developer/CommandLineTools/SDKs/MacOSX15.sdk -pipe -Wall -std=c99 -fno-exceptions -fno-unwind-tables -fno-asynchronous-unwind-tables -ffunction-sections -fdata-sections -O2 -fomit-frame-pointer -pipe -Os -isysroot/Library/Developer/CommandLineTools/SDKs/MacOSX15.sdk -arch arm64 -arch x86_64  -c -o src/libstddjb/tain_unpack_little.lo src/libstddjb/tain_unpack_little.c
exec /usr/bin/clang -D_POSIX_C_SOURCE=200809L -D_XOPEN_SOURCE=700 -Isrc/include -fPIC -Werror=implicit-function-declaration -Werror=implicit-int -Werror=pointer-sign -Werror=pointer-arith -Werror=incompatible-pointer-types -Werror=unguarded-availability -Wno-unused-value -Wno-parentheses -I/private/tmp/mp-skarnet.BQSnVP/prefix/include -isysroot/Library/Developer/CommandLineTools/SDKs/MacOSX15.sdk -pipe -Wall -std=c99 -fno-exceptions -fno-unwind-tables -fno-asynchronous-unwind-tables -ffunction-sections -fdata-sections -O2 -fomit-frame-pointer -pipe -Os -isysroot/Library/Developer/CommandLineTools/SDKs/MacOSX15.sdk -arch arm64 -arch x86_64  -c -o src/libstddjb/tain_wallclock_read.lo src/libstddjb/tain_wallclock_read.c
exec /usr/bin/clang -D_POSIX_C_SOURCE=200809L -D_XOPEN_SOURCE=700 -Isrc/include -fPIC -Werror=implicit-function-declaration -Werror=implicit-int -Werror=pointer-sign -Werror=pointer-arith -Werror=incompatible-pointer-types -Werror=unguarded-availability -Wno-unused-value -Wno-parentheses -I/private/tmp/mp-skarnet.BQSnVP/prefix/include -isysroot/Library/Developer/CommandLineTools/SDKs/MacOSX15.sdk -pipe -Wall -std=c99 -fno-exceptions -fno-unwind-tables -fno-asynchronous-unwind-tables -ffunction-sections -fdata-sections -O2 -fomit-frame-pointer -pipe -Os -isysroot/Library/Developer/CommandLineTools/SDKs/MacOSX15.sdk -arch arm64 -arch x86_64  -c -o src/libstddjb/tain_zero.lo src/libstddjb/tain_zero.c
exec /usr/bin/clang -D_POSIX_C_SOURCE=200809L -D_XOPEN_SOURCE=700 -Isrc/include -fPIC -Werror=implicit-function-declaration -Werror=implicit-int -Werror=pointer-sign -Werror=pointer-arith -Werror=incompatible-pointer-types -Werror=unguarded-availability -Wno-unused-value -Wno-parentheses -I/private/tmp/mp-skarnet.BQSnVP/prefix/include -isysroot/Library/Developer/CommandLineTools/SDKs/MacOSX15.sdk -pipe -Wall -std=c99 -fno-exceptions -fno-unwind-tables -fno-asynchronous-unwind-tables -ffunction-sections -fdata-sections -O2 -fomit-frame-pointer -pipe -Os -isysroot/Library/Developer/CommandLineTools/SDKs/MacOSX15.sdk -arch arm64 -arch x86_64  -c -o src/libstddjb/time_from_tai.lo src/libstddjb/time_from_tai.c
exec /usr/bin/clang -D_POSIX_C_SOURCE=200809L -D_XOPEN_SOURCE=700 -Isrc/include -fPIC -Werror=implicit-function-declaration -Werror=implicit-int -Werror=pointer-sign -Werror=pointer-arith -Werror=incompatible-pointer-types -Werror=unguarded-availability -Wno-unused-value -Wno-parentheses -I/private/tmp/mp-skarnet.BQSnVP/prefix/include -isysroot/Library/Developer/CommandLineTools/SDKs/MacOSX15.sdk -pipe -Wall -std=c99 -fno-exceptions -fno-unwind-tables -fno-asynchronous-unwind-tables -ffunction-sections -fdata-sections -O2 -fomit-frame-pointer -pipe -Os -isysroot/Library/Developer/CommandLineTools/SDKs/MacOSX15.sdk -arch arm64 -arch x86_64  -c -o src/libstddjb/time_from_tai_relative.lo src/libstddjb/time_from_tai_relative.c
exec /usr/bin/clang -D_POSIX_C_SOURCE=200809L -D_XOPEN_SOURCE=700 -Isrc/include -fPIC -Werror=implicit-function-declaration -Werror=implicit-int -Werror=pointer-sign -Werror=pointer-arith -Werror=incompatible-pointer-types -Werror=unguarded-availability -Wno-unused-value -Wno-parentheses -I/private/tmp/mp-skarnet.BQSnVP/prefix/include -isysroot/Library/Developer/CommandLineTools/SDKs/MacOSX15.sdk -pipe -Wall -std=c99 -fno-exceptions -fno-unwind-tables -fno-asynchronous-unwind-tables -ffunction-sections -fdata-sections -O2 -fomit-frame-pointer -pipe -Os -isysroot/Library/Developer/CommandLineTools/SDKs/MacOSX15.sdk -arch arm64 -arch x86_64  -c -o src/libstddjb/time_sysclock_from_tai.lo src/libstddjb/time_sysclock_from_tai.c
exec /usr/bin/clang -D_POSIX_C_SOURCE=200809L -D_XOPEN_SOURCE=700 -Isrc/include -fPIC -Werror=implicit-function-declaration -Werror=implicit-int -Werror=pointer-sign -Werror=pointer-arith -Werror=incompatible-pointer-types -Werror=unguarded-availability -Wno-unused-value -Wno-parentheses -I/private/tmp/mp-skarnet.BQSnVP/prefix/include -isysroot/Library/Developer/CommandLineTools/SDKs/MacOSX15.sdk -pipe -Wall -std=c99 -fno-exceptions -fno-unwind-tables -fno-asynchronous-unwind-tables -ffunction-sections -fdata-sections -O2 -fomit-frame-pointer -pipe -Os -isysroot/Library/Developer/CommandLineTools/SDKs/MacOSX15.sdk -arch arm64 -arch x86_64  -c -o src/libstddjb/timespec_cmp.lo src/libstddjb/timespec_cmp.c
exec /usr/bin/clang -D_POSIX_C_SOURCE=200809L -D_XOPEN_SOURCE=700 -Isrc/include -fPIC -Werror=implicit-function-declaration -Werror=implicit-int -Werror=pointer-sign -Werror=pointer-arith -Werror=incompatible-pointer-types -Werror=unguarded-availability -Wno-unused-value -Wno-parentheses -I/private/tmp/mp-skarnet.BQSnVP/prefix/include -isysroot/Library/Developer/CommandLineTools/SDKs/MacOSX15.sdk -pipe -Wall -std=c99 -fno-exceptions -fno-unwind-tables -fno-asynchronous-unwind-tables -ffunction-sections -fdata-sections -O2 -fomit-frame-pointer -pipe -Os -isysroot/Library/Developer/CommandLineTools/SDKs/MacOSX15.sdk -arch arm64 -arch x86_64  -c -o src/libstddjb/timespec_from_tain.lo src/libstddjb/timespec_from_tain.c
exec /usr/bin/clang -D_POSIX_C_SOURCE=200809L -D_XOPEN_SOURCE=700 -Isrc/include -fPIC -Werror=implicit-function-declaration -Werror=implicit-int -Werror=pointer-sign -Werror=pointer-arith -Werror=incompatible-pointer-types -Werror=unguarded-availability -Wno-unused-value -Wno-parentheses -I/private/tmp/mp-skarnet.BQSnVP/prefix/include -isysroot/Library/Developer/CommandLineTools/SDKs/MacOSX15.sdk -pipe -Wall -std=c99 -fno-exceptions -fno-unwind-tables -fno-asynchronous-unwind-tables -ffunction-sections -fdata-sections -O2 -fomit-frame-pointer -pipe -Os -isysroot/Library/Developer/CommandLineTools/SDKs/MacOSX15.sdk -arch arm64 -arch x86_64  -c -o src/libstddjb/timespec_from_tain_relative.lo src/libstddjb/timespec_from_tain_relative.c
exec /usr/bin/clang -D_POSIX_C_SOURCE=200809L -D_XOPEN_SOURCE=700 -Isrc/include -fPIC -Werror=implicit-function-declaration -Werror=implicit-int -Werror=pointer-sign -Werror=pointer-arith -Werror=incompatible-pointer-types -Werror=unguarded-availability -Wno-unused-value -Wno-parentheses -I/private/tmp/mp-skarnet.BQSnVP/prefix/include -isysroot/Library/Developer/CommandLineTools/SDKs/MacOSX15.sdk -pipe -Wall -std=c99 -fno-exceptions -fno-unwind-tables -fno-asynchronous-unwind-tables -ffunction-sections -fdata-sections -O2 -fomit-frame-pointer -pipe -Os -isysroot/Library/Developer/CommandLineTools/SDKs/MacOSX15.sdk -arch arm64 -arch x86_64  -c -o src/libstddjb/timespec_sysclock_from_tain.lo src/libstddjb/timespec_sysclock_from_tain.c
exec /usr/bin/clang -D_POSIX_C_SOURCE=200809L -D_XOPEN_SOURCE=700 -Isrc/include -fPIC -Werror=implicit-function-declaration -Werror=implicit-int -Werror=pointer-sign -Werror=pointer-arith -Werror=incompatible-pointer-types -Werror=unguarded-availability -Wno-unused-value -Wno-parentheses -I/private/tmp/mp-skarnet.BQSnVP/prefix/include -isysroot/Library/Developer/CommandLineTools/SDKs/MacOSX15.sdk -pipe -Wall -std=c99 -fno-exceptions -fno-unwind-tables -fno-asynchronous-unwind-tables -ffunction-sections -fdata-sections -O2 -fomit-frame-pointer -pipe -Os -isysroot/Library/Developer/CommandLineTools/SDKs/MacOSX15.sdk -arch arm64 -arch x86_64  -c -o src/libstddjb/timestamp.lo src/libstddjb/timestamp.c
exec /usr/bin/clang -D_POSIX_C_SOURCE=200809L -D_XOPEN_SOURCE=700 -Isrc/include -fPIC -Werror=implicit-function-declaration -Werror=implicit-int -Werror=pointer-sign -Werror=pointer-arith -Werror=incompatible-pointer-types -Werror=unguarded-availability -Wno-unused-value -Wno-parentheses -I/private/tmp/mp-skarnet.BQSnVP/prefix/include -isysroot/Library/Developer/CommandLineTools/SDKs/MacOSX15.sdk -pipe -Wall -std=c99 -fno-exceptions -fno-unwind-tables -fno-asynchronous-unwind-tables -ffunction-sections -fdata-sections -O2 -fomit-frame-pointer -pipe -Os -isysroot/Library/Developer/CommandLineTools/SDKs/MacOSX15.sdk -arch arm64 -arch x86_64  -c -o src/libstddjb/timestamp_fmt.lo src/libstddjb/timestamp_fmt.c
exec /usr/bin/clang -D_POSIX_C_SOURCE=200809L -D_XOPEN_SOURCE=700 -Isrc/include -fPIC -Werror=implicit-function-declaration -Werror=implicit-int -Werror=pointer-sign -Werror=pointer-arith -Werror=incompatible-pointer-types -Werror=unguarded-availability -Wno-unused-value -Wno-parentheses -I/private/tmp/mp-skarnet.BQSnVP/prefix/include -isysroot/Library/Developer/CommandLineTools/SDKs/MacOSX15.sdk -pipe -Wall -std=c99 -fno-exceptions -fno-unwind-tables -fno-asynchronous-unwind-tables -ffunction-sections -fdata-sections -O2 -fomit-frame-pointer -pipe -Os -isysroot/Library/Developer/CommandLineTools/SDKs/MacOSX15.sdk -arch arm64 -arch x86_64  -c -o src/libstddjb/timestamp_r.lo src/libstddjb/timestamp_r.c
exec /usr/bin/clang -D_POSIX_C_SOURCE=200809L -D_XOPEN_SOURCE=700 -Isrc/include -fPIC -Werror=implicit-function-declaration -Werror=implicit-int -Werror=pointer-sign -Werror=pointer-arith -Werror=incompatible-pointer-types -Werror=unguarded-availability -Wno-unused-value -Wno-parentheses -I/private/tmp/mp-skarnet.BQSnVP/prefix/include -isysroot/Library/Developer/CommandLineTools/SDKs/MacOSX15.sdk -pipe -Wall -std=c99 -fno-exceptions -fno-unwind-tables -fno-asynchronous-unwind-tables -ffunction-sections -fdata-sections -O2 -fomit-frame-pointer -pipe -Os -isysroot/Library/Developer/CommandLineTools/SDKs/MacOSX15.sdk -arch arm64 -arch x86_64  -c -o src/libstddjb/timestamp_scan.lo src/libstddjb/timestamp_scan.c
exec /usr/bin/clang -D_POSIX_C_SOURCE=200809L -D_XOPEN_SOURCE=700 -Isrc/include -fPIC -Werror=implicit-function-declaration -Werror=implicit-int -Werror=pointer-sign -Werror=pointer-arith -Werror=incompatible-pointer-types -Werror=unguarded-availability -Wno-unused-value -Wno-parentheses -I/private/tmp/mp-skarnet.BQSnVP/prefix/include -isysroot/Library/Developer/CommandLineTools/SDKs/MacOSX15.sdk -pipe -Wall -std=c99 -fno-exceptions -fno-unwind-tables -fno-asynchronous-unwind-tables -ffunction-sections -fdata-sections -O2 -fomit-frame-pointer -pipe -Os -isysroot/Library/Developer/CommandLineTools/SDKs/MacOSX15.sdk -arch arm64 -arch x86_64  -c -o src/libstddjb/timeval_from_tain.lo src/libstddjb/timeval_from_tain.c
exec /usr/bin/clang -D_POSIX_C_SOURCE=200809L -D_XOPEN_SOURCE=700 -Isrc/include -fPIC -Werror=implicit-function-declaration -Werror=implicit-int -Werror=pointer-sign -Werror=pointer-arith -Werror=incompatible-pointer-types -Werror=unguarded-availability -Wno-unused-value -Wno-parentheses -I/private/tmp/mp-skarnet.BQSnVP/prefix/include -isysroot/Library/Developer/CommandLineTools/SDKs/MacOSX15.sdk -pipe -Wall -std=c99 -fno-exceptions -fno-unwind-tables -fno-asynchronous-unwind-tables -ffunction-sections -fdata-sections -O2 -fomit-frame-pointer -pipe -Os -isysroot/Library/Developer/CommandLineTools/SDKs/MacOSX15.sdk -arch arm64 -arch x86_64  -c -o src/libstddjb/timeval_from_tain_relative.lo src/libstddjb/timeval_from_tain_relative.c
exec /usr/bin/clang -D_POSIX_C_SOURCE=200809L -D_XOPEN_SOURCE=700 -Isrc/include -fPIC -Werror=implicit-function-declaration -Werror=implicit-int -Werror=pointer-sign -Werror=pointer-arith -Werror=incompatible-pointer-types -Werror=unguarded-availability -Wno-unused-value -Wno-parentheses -I/private/tmp/mp-skarnet.BQSnVP/prefix/include -isysroot/Library/Developer/CommandLineTools/SDKs/MacOSX15.sdk -pipe -Wall -std=c99 -fno-exceptions -fno-unwind-tables -fno-asynchronous-unwind-tables -ffunction-sections -fdata-sections -O2 -fomit-frame-pointer -pipe -Os -isysroot/Library/Developer/CommandLineTools/SDKs/MacOSX15.sdk -arch arm64 -arch x86_64  -c -o src/libstddjb/timeval_sysclock_from_tain.lo src/libstddjb/timeval_sysclock_from_tain.c
exec /usr/bin/clang -D_POSIX_C_SOURCE=200809L -D_XOPEN_SOURCE=700 -Isrc/include -fPIC -Werror=implicit-function-declaration -Werror=implicit-int -Werror=pointer-sign -Werror=pointer-arith -Werror=incompatible-pointer-types -Werror=unguarded-availability -Wno-unused-value -Wno-parentheses -I/private/tmp/mp-skarnet.BQSnVP/prefix/include -isysroot/Library/Developer/CommandLineTools/SDKs/MacOSX15.sdk -pipe -Wall -std=c99 -fno-exceptions -fno-unwind-tables -fno-asynchronous-unwind-tables -ffunction-sections -fdata-sections -O2 -fomit-frame-pointer -pipe -Os -isysroot/Library/Developer/CommandLineTools/SDKs/MacOSX15.sdk -arch arm64 -arch x86_64  -c -o src/libstddjb/uint160_scan.lo src/libstddjb/uint160_scan.c
exec /usr/bin/clang -D_POSIX_C_SOURCE=200809L -D_XOPEN_SOURCE=700 -Isrc/include -fPIC -Werror=implicit-function-declaration -Werror=implicit-int -Werror=pointer-sign -Werror=pointer-arith -Werror=incompatible-pointer-types -Werror=unguarded-availability -Wno-unused-value -Wno-parentheses -I/private/tmp/mp-skarnet.BQSnVP/prefix/include -isysroot/Library/Developer/CommandLineTools/SDKs/MacOSX15.sdk -pipe -Wall -std=c99 -fno-exceptions -fno-unwind-tables -fno-asynchronous-unwind-tables -ffunction-sections -fdata-sections -O2 -fomit-frame-pointer -pipe -Os -isysroot/Library/Developer/CommandLineTools/SDKs/MacOSX15.sdk -arch arm64 -arch x86_64  -c -o src/libstddjb/uint16_bswap.lo src/libstddjb/uint16_bswap.c
exec /usr/bin/clang -D_POSIX_C_SOURCE=200809L -D_XOPEN_SOURCE=700 -Isrc/include -fPIC -Werror=implicit-function-declaration -Werror=implicit-int -Werror=pointer-sign -Werror=pointer-arith -Werror=incompatible-pointer-types -Werror=unguarded-availability -Wno-unused-value -Wno-parentheses -I/private/tmp/mp-skarnet.BQSnVP/prefix/include -isysroot/Library/Developer/CommandLineTools/SDKs/MacOSX15.sdk -pipe -Wall -std=c99 -fno-exceptions -fno-unwind-tables -fno-asynchronous-unwind-tables -ffunction-sections -fdata-sections -O2 -fomit-frame-pointer -pipe -Os -isysroot/Library/Developer/CommandLineTools/SDKs/MacOSX15.sdk -arch arm64 -arch x86_64  -c -o src/libstddjb/uint16_bswapn.lo src/libstddjb/uint16_bswapn.c
exec /usr/bin/clang -D_POSIX_C_SOURCE=200809L -D_XOPEN_SOURCE=700 -Isrc/include -fPIC -Werror=implicit-function-declaration -Werror=implicit-int -Werror=pointer-sign -Werror=pointer-arith -Werror=incompatible-pointer-types -Werror=unguarded-availability -Wno-unused-value -Wno-parentheses -I/private/tmp/mp-skarnet.BQSnVP/prefix/include -isysroot/Library/Developer/CommandLineTools/SDKs/MacOSX15.sdk -pipe -Wall -std=c99 -fno-exceptions -fno-unwind-tables -fno-asynchronous-unwind-tables -ffunction-sections -fdata-sections -O2 -fomit-frame-pointer -pipe -Os -isysroot/Library/Developer/CommandLineTools/SDKs/MacOSX15.sdk -arch arm64 -arch x86_64  -c -o src/libstddjb/uint16_bswapp.lo src/libstddjb/uint16_bswapp.c
exec /usr/bin/clang -D_POSIX_C_SOURCE=200809L -D_XOPEN_SOURCE=700 -Isrc/include -fPIC -Werror=implicit-function-declaration -Werror=implicit-int -Werror=pointer-sign -Werror=pointer-arith -Werror=incompatible-pointer-types -Werror=unguarded-availability -Wno-unused-value -Wno-parentheses -I/private/tmp/mp-skarnet.BQSnVP/prefix/include -isysroot/Library/Developer/CommandLineTools/SDKs/MacOSX15.sdk -pipe -Wall -std=c99 -fno-exceptions -fno-unwind-tables -fno-asynchronous-unwind-tables -ffunction-sections -fdata-sections -O2 -fomit-frame-pointer -pipe -Os -isysroot/Library/Developer/CommandLineTools/SDKs/MacOSX15.sdk -arch arm64 -arch x86_64  -c -o src/libstddjb/uint16_fmtlist.lo src/libstddjb/uint16_fmtlist.c
exec /usr/bin/clang -D_POSIX_C_SOURCE=200809L -D_XOPEN_SOURCE=700 -Isrc/include -fPIC -Werror=implicit-function-declaration -Werror=implicit-int -Werror=pointer-sign -Werror=pointer-arith -Werror=incompatible-pointer-types -Werror=unguarded-availability -Wno-unused-value -Wno-parentheses -I/private/tmp/mp-skarnet.BQSnVP/prefix/include -isysroot/Library/Developer/CommandLineTools/SDKs/MacOSX15.sdk -pipe -Wall -std=c99 -fno-exceptions -fno-unwind-tables -fno-asynchronous-unwind-tables -ffunction-sections -fdata-sections -O2 -fomit-frame-pointer -pipe -Os -isysroot/Library/Developer/CommandLineTools/SDKs/MacOSX15.sdk -arch arm64 -arch x86_64  -c -o src/libstddjb/uint16_pack.lo src/libstddjb/uint16_pack.c
exec /usr/bin/clang -D_POSIX_C_SOURCE=200809L -D_XOPEN_SOURCE=700 -Isrc/include -fPIC -Werror=implicit-function-declaration -Werror=implicit-int -Werror=pointer-sign -Werror=pointer-arith -Werror=incompatible-pointer-types -Werror=unguarded-availability -Wno-unused-value -Wno-parentheses -I/private/tmp/mp-skarnet.BQSnVP/prefix/include -isysroot/Library/Developer/CommandLineTools/SDKs/MacOSX15.sdk -pipe -Wall -std=c99 -fno-exceptions -fno-unwind-tables -fno-asynchronous-unwind-tables -ffunction-sections -fdata-sections -O2 -fomit-frame-pointer -pipe -Os -isysroot/Library/Developer/CommandLineTools/SDKs/MacOSX15.sdk -arch arm64 -arch x86_64  -c -o src/libstddjb/uint16_pack_big.lo src/libstddjb/uint16_pack_big.c
exec /usr/bin/clang -D_POSIX_C_SOURCE=200809L -D_XOPEN_SOURCE=700 -Isrc/include -fPIC -Werror=implicit-function-declaration -Werror=implicit-int -Werror=pointer-sign -Werror=pointer-arith -Werror=incompatible-pointer-types -Werror=unguarded-availability -Wno-unused-value -Wno-parentheses -I/private/tmp/mp-skarnet.BQSnVP/prefix/include -isysroot/Library/Developer/CommandLineTools/SDKs/MacOSX15.sdk -pipe -Wall -std=c99 -fno-exceptions -fno-unwind-tables -fno-asynchronous-unwind-tables -ffunction-sections -fdata-sections -O2 -fomit-frame-pointer -pipe -Os -isysroot/Library/Developer/CommandLineTools/SDKs/MacOSX15.sdk -arch arm64 -arch x86_64  -c -o src/libstddjb/uint16_scan.lo src/libstddjb/uint16_scan.c
exec /usr/bin/clang -D_POSIX_C_SOURCE=200809L -D_XOPEN_SOURCE=700 -Isrc/include -fPIC -Werror=implicit-function-declaration -Werror=implicit-int -Werror=pointer-sign -Werror=pointer-arith -Werror=incompatible-pointer-types -Werror=unguarded-availability -Wno-unused-value -Wno-parentheses -I/private/tmp/mp-skarnet.BQSnVP/prefix/include -isysroot/Library/Developer/CommandLineTools/SDKs/MacOSX15.sdk -pipe -Wall -std=c99 -fno-exceptions -fno-unwind-tables -fno-asynchronous-unwind-tables -ffunction-sections -fdata-sections -O2 -fomit-frame-pointer -pipe -Os -isysroot/Library/Developer/CommandLineTools/SDKs/MacOSX15.sdk -arch arm64 -arch x86_64  -c -o src/libstddjb/uint16_scanlist.lo src/libstddjb/uint16_scanlist.c
exec /usr/bin/clang -D_POSIX_C_SOURCE=200809L -D_XOPEN_SOURCE=700 -Isrc/include -fPIC -Werror=implicit-function-declaration -Werror=implicit-int -Werror=pointer-sign -Werror=pointer-arith -Werror=incompatible-pointer-types -Werror=unguarded-availability -Wno-unused-value -Wno-parentheses -I/private/tmp/mp-skarnet.BQSnVP/prefix/include -isysroot/Library/Developer/CommandLineTools/SDKs/MacOSX15.sdk -pipe -Wall -std=c99 -fno-exceptions -fno-unwind-tables -fno-asynchronous-unwind-tables -ffunction-sections -fdata-sections -O2 -fomit-frame-pointer -pipe -Os -isysroot/Library/Developer/CommandLineTools/SDKs/MacOSX15.sdk -arch arm64 -arch x86_64  -c -o src/libstddjb/uint16_unpack.lo src/libstddjb/uint16_unpack.c
exec /usr/bin/clang -D_POSIX_C_SOURCE=200809L -D_XOPEN_SOURCE=700 -Isrc/include -fPIC -Werror=implicit-function-declaration -Werror=implicit-int -Werror=pointer-sign -Werror=pointer-arith -Werror=incompatible-pointer-types -Werror=unguarded-availability -Wno-unused-value -Wno-parentheses -I/private/tmp/mp-skarnet.BQSnVP/prefix/include -isysroot/Library/Developer/CommandLineTools/SDKs/MacOSX15.sdk -pipe -Wall -std=c99 -fno-exceptions -fno-unwind-tables -fno-asynchronous-unwind-tables -ffunction-sections -fdata-sections -O2 -fomit-frame-pointer -pipe -Os -isysroot/Library/Developer/CommandLineTools/SDKs/MacOSX15.sdk -arch arm64 -arch x86_64  -c -o src/libstddjb/uint16_unpack_big.lo src/libstddjb/uint16_unpack_big.c
exec /usr/bin/clang -D_POSIX_C_SOURCE=200809L -D_XOPEN_SOURCE=700 -Isrc/include -fPIC -Werror=implicit-function-declaration -Werror=implicit-int -Werror=pointer-sign -Werror=pointer-arith -Werror=incompatible-pointer-types -Werror=unguarded-availability -Wno-unused-value -Wno-parentheses -I/private/tmp/mp-skarnet.BQSnVP/prefix/include -isysroot/Library/Developer/CommandLineTools/SDKs/MacOSX15.sdk -pipe -Wall -std=c99 -fno-exceptions -fno-unwind-tables -fno-asynchronous-unwind-tables -ffunction-sections -fdata-sections -O2 -fomit-frame-pointer -pipe -Os -isysroot/Library/Developer/CommandLineTools/SDKs/MacOSX15.sdk -arch arm64 -arch x86_64  -c -o src/libstddjb/uint320_scan.lo src/libstddjb/uint320_scan.c
exec /usr/bin/clang -D_POSIX_C_SOURCE=200809L -D_XOPEN_SOURCE=700 -Isrc/include -fPIC -Werror=implicit-function-declaration -Werror=implicit-int -Werror=pointer-sign -Werror=pointer-arith -Werror=incompatible-pointer-types -Werror=unguarded-availability -Wno-unused-value -Wno-parentheses -I/private/tmp/mp-skarnet.BQSnVP/prefix/include -isysroot/Library/Developer/CommandLineTools/SDKs/MacOSX15.sdk -pipe -Wall -std=c99 -fno-exceptions -fno-unwind-tables -fno-asynchronous-unwind-tables -ffunction-sections -fdata-sections -O2 -fomit-frame-pointer -pipe -Os -isysroot/Library/Developer/CommandLineTools/SDKs/MacOSX15.sdk -arch arm64 -arch x86_64  -c -o src/libstddjb/uint32_bswap.lo src/libstddjb/uint32_bswap.c
exec /usr/bin/clang -D_POSIX_C_SOURCE=200809L -D_XOPEN_SOURCE=700 -Isrc/include -fPIC -Werror=implicit-function-declaration -Werror=implicit-int -Werror=pointer-sign -Werror=pointer-arith -Werror=incompatible-pointer-types -Werror=unguarded-availability -Wno-unused-value -Wno-parentheses -I/private/tmp/mp-skarnet.BQSnVP/prefix/include -isysroot/Library/Developer/CommandLineTools/SDKs/MacOSX15.sdk -pipe -Wall -std=c99 -fno-exceptions -fno-unwind-tables -fno-asynchronous-unwind-tables -ffunction-sections -fdata-sections -O2 -fomit-frame-pointer -pipe -Os -isysroot/Library/Developer/CommandLineTools/SDKs/MacOSX15.sdk -arch arm64 -arch x86_64  -c -o src/libstddjb/uint32_bswapn.lo src/libstddjb/uint32_bswapn.c
exec /usr/bin/clang -D_POSIX_C_SOURCE=200809L -D_XOPEN_SOURCE=700 -Isrc/include -fPIC -Werror=implicit-function-declaration -Werror=implicit-int -Werror=pointer-sign -Werror=pointer-arith -Werror=incompatible-pointer-types -Werror=unguarded-availability -Wno-unused-value -Wno-parentheses -I/private/tmp/mp-skarnet.BQSnVP/prefix/include -isysroot/Library/Developer/CommandLineTools/SDKs/MacOSX15.sdk -pipe -Wall -std=c99 -fno-exceptions -fno-unwind-tables -fno-asynchronous-unwind-tables -ffunction-sections -fdata-sections -O2 -fomit-frame-pointer -pipe -Os -isysroot/Library/Developer/CommandLineTools/SDKs/MacOSX15.sdk -arch arm64 -arch x86_64  -c -o src/libstddjb/uint32_bswapp.lo src/libstddjb/uint32_bswapp.c
exec /usr/bin/clang -D_POSIX_C_SOURCE=200809L -D_XOPEN_SOURCE=700 -Isrc/include -fPIC -Werror=implicit-function-declaration -Werror=implicit-int -Werror=pointer-sign -Werror=pointer-arith -Werror=incompatible-pointer-types -Werror=unguarded-availability -Wno-unused-value -Wno-parentheses -I/private/tmp/mp-skarnet.BQSnVP/prefix/include -isysroot/Library/Developer/CommandLineTools/SDKs/MacOSX15.sdk -pipe -Wall -std=c99 -fno-exceptions -fno-unwind-tables -fno-asynchronous-unwind-tables -ffunction-sections -fdata-sections -O2 -fomit-frame-pointer -pipe -Os -isysroot/Library/Developer/CommandLineTools/SDKs/MacOSX15.sdk -arch arm64 -arch x86_64  -c -o src/libstddjb/uint32_fmtlist.lo src/libstddjb/uint32_fmtlist.c
exec /usr/bin/clang -D_POSIX_C_SOURCE=200809L -D_XOPEN_SOURCE=700 -Isrc/include -fPIC -Werror=implicit-function-declaration -Werror=implicit-int -Werror=pointer-sign -Werror=pointer-arith -Werror=incompatible-pointer-types -Werror=unguarded-availability -Wno-unused-value -Wno-parentheses -I/private/tmp/mp-skarnet.BQSnVP/prefix/include -isysroot/Library/Developer/CommandLineTools/SDKs/MacOSX15.sdk -pipe -Wall -std=c99 -fno-exceptions -fno-unwind-tables -fno-asynchronous-unwind-tables -ffunction-sections -fdata-sections -O2 -fomit-frame-pointer -pipe -Os -isysroot/Library/Developer/CommandLineTools/SDKs/MacOSX15.sdk -arch arm64 -arch x86_64  -c -o src/libstddjb/uint32_pack.lo src/libstddjb/uint32_pack.c
exec /usr/bin/clang -D_POSIX_C_SOURCE=200809L -D_XOPEN_SOURCE=700 -Isrc/include -fPIC -Werror=implicit-function-declaration -Werror=implicit-int -Werror=pointer-sign -Werror=pointer-arith -Werror=incompatible-pointer-types -Werror=unguarded-availability -Wno-unused-value -Wno-parentheses -I/private/tmp/mp-skarnet.BQSnVP/prefix/include -isysroot/Library/Developer/CommandLineTools/SDKs/MacOSX15.sdk -pipe -Wall -std=c99 -fno-exceptions -fno-unwind-tables -fno-asynchronous-unwind-tables -ffunction-sections -fdata-sections -O2 -fomit-frame-pointer -pipe -Os -isysroot/Library/Developer/CommandLineTools/SDKs/MacOSX15.sdk -arch arm64 -arch x86_64  -c -o src/libstddjb/uint32_pack_big.lo src/libstddjb/uint32_pack_big.c
exec /usr/bin/clang -D_POSIX_C_SOURCE=200809L -D_XOPEN_SOURCE=700 -Isrc/include -fPIC -Werror=implicit-function-declaration -Werror=implicit-int -Werror=pointer-sign -Werror=pointer-arith -Werror=incompatible-pointer-types -Werror=unguarded-availability -Wno-unused-value -Wno-parentheses -I/private/tmp/mp-skarnet.BQSnVP/prefix/include -isysroot/Library/Developer/CommandLineTools/SDKs/MacOSX15.sdk -pipe -Wall -std=c99 -fno-exceptions -fno-unwind-tables -fno-asynchronous-unwind-tables -ffunction-sections -fdata-sections -O2 -fomit-frame-pointer -pipe -Os -isysroot/Library/Developer/CommandLineTools/SDKs/MacOSX15.sdk -arch arm64 -arch x86_64  -c -o src/libstddjb/uint32_scan.lo src/libstddjb/uint32_scan.c
exec /usr/bin/clang -D_POSIX_C_SOURCE=200809L -D_XOPEN_SOURCE=700 -Isrc/include -fPIC -Werror=implicit-function-declaration -Werror=implicit-int -Werror=pointer-sign -Werror=pointer-arith -Werror=incompatible-pointer-types -Werror=unguarded-availability -Wno-unused-value -Wno-parentheses -I/private/tmp/mp-skarnet.BQSnVP/prefix/include -isysroot/Library/Developer/CommandLineTools/SDKs/MacOSX15.sdk -pipe -Wall -std=c99 -fno-exceptions -fno-unwind-tables -fno-asynchronous-unwind-tables -ffunction-sections -fdata-sections -O2 -fomit-frame-pointer -pipe -Os -isysroot/Library/Developer/CommandLineTools/SDKs/MacOSX15.sdk -arch arm64 -arch x86_64  -c -o src/libstddjb/uint32_scanlist.lo src/libstddjb/uint32_scanlist.c
exec /usr/bin/clang -D_POSIX_C_SOURCE=200809L -D_XOPEN_SOURCE=700 -Isrc/include -fPIC -Werror=implicit-function-declaration -Werror=implicit-int -Werror=pointer-sign -Werror=pointer-arith -Werror=incompatible-pointer-types -Werror=unguarded-availability -Wno-unused-value -Wno-parentheses -I/private/tmp/mp-skarnet.BQSnVP/prefix/include -isysroot/Library/Developer/CommandLineTools/SDKs/MacOSX15.sdk -pipe -Wall -std=c99 -fno-exceptions -fno-unwind-tables -fno-asynchronous-unwind-tables -ffunction-sections -fdata-sections -O2 -fomit-frame-pointer -pipe -Os -isysroot/Library/Developer/CommandLineTools/SDKs/MacOSX15.sdk -arch arm64 -arch x86_64  -c -o src/libstddjb/uint32_unpack.lo src/libstddjb/uint32_unpack.c
exec /usr/bin/clang -D_POSIX_C_SOURCE=200809L -D_XOPEN_SOURCE=700 -Isrc/include -fPIC -Werror=implicit-function-declaration -Werror=implicit-int -Werror=pointer-sign -Werror=pointer-arith -Werror=incompatible-pointer-types -Werror=unguarded-availability -Wno-unused-value -Wno-parentheses -I/private/tmp/mp-skarnet.BQSnVP/prefix/include -isysroot/Library/Developer/CommandLineTools/SDKs/MacOSX15.sdk -pipe -Wall -std=c99 -fno-exceptions -fno-unwind-tables -fno-asynchronous-unwind-tables -ffunction-sections -fdata-sections -O2 -fomit-frame-pointer -pipe -Os -isysroot/Library/Developer/CommandLineTools/SDKs/MacOSX15.sdk -arch arm64 -arch x86_64  -c -o src/libstddjb/uint32_unpack_big.lo src/libstddjb/uint32_unpack_big.c
exec /usr/bin/clang -D_POSIX_C_SOURCE=200809L -D_XOPEN_SOURCE=700 -Isrc/include -fPIC -Werror=implicit-function-declaration -Werror=implicit-int -Werror=pointer-sign -Werror=pointer-arith -Werror=incompatible-pointer-types -Werror=unguarded-availability -Wno-unused-value -Wno-parentheses -I/private/tmp/mp-skarnet.BQSnVP/prefix/include -isysroot/Library/Developer/CommandLineTools/SDKs/MacOSX15.sdk -pipe -Wall -std=c99 -fno-exceptions -fno-unwind-tables -fno-asynchronous-unwind-tables -ffunction-sections -fdata-sections -O2 -fomit-frame-pointer -pipe -Os -isysroot/Library/Developer/CommandLineTools/SDKs/MacOSX15.sdk -arch arm64 -arch x86_64  -c -o src/libstddjb/utc_from_localtm.lo src/libstddjb/utc_from_localtm.c
exec /usr/bin/clang -D_POSIX_C_SOURCE=200809L -D_XOPEN_SOURCE=700 -Isrc/include -fPIC -Werror=implicit-function-declaration -Werror=implicit-int -Werror=pointer-sign -Werror=pointer-arith -Werror=incompatible-pointer-types -Werror=unguarded-availability -Wno-unused-value -Wno-parentheses -I/private/tmp/mp-skarnet.BQSnVP/prefix/include -isysroot/Library/Developer/CommandLineTools/SDKs/MacOSX15.sdk -pipe -Wall -std=c99 -fno-exceptions -fno-unwind-tables -fno-asynchronous-unwind-tables -ffunction-sections -fdata-sections -O2 -fomit-frame-pointer -pipe -Os -isysroot/Library/Developer/CommandLineTools/SDKs/MacOSX15.sdk -arch arm64 -arch x86_64  -c -o src/libstddjb/utc_from_ltm64.lo src/libstddjb/utc_from_ltm64.c
exec /usr/bin/clang -D_POSIX_C_SOURCE=200809L -D_XOPEN_SOURCE=700 -Isrc/include -fPIC -Werror=implicit-function-declaration -Werror=implicit-int -Werror=pointer-sign -Werror=pointer-arith -Werror=incompatible-pointer-types -Werror=unguarded-availability -Wno-unused-value -Wno-parentheses -I/private/tmp/mp-skarnet.BQSnVP/prefix/include -isysroot/Library/Developer/CommandLineTools/SDKs/MacOSX15.sdk -pipe -Wall -std=c99 -fno-exceptions -fno-unwind-tables -fno-asynchronous-unwind-tables -ffunction-sections -fdata-sections -O2 -fomit-frame-pointer -pipe -Os -isysroot/Library/Developer/CommandLineTools/SDKs/MacOSX15.sdk -arch arm64 -arch x86_64  -c -o src/libstddjb/utc_from_sysclock.lo src/libstddjb/utc_from_sysclock.c
exec /usr/bin/clang -D_POSIX_C_SOURCE=200809L -D_XOPEN_SOURCE=700 -Isrc/include -fPIC -Werror=implicit-function-declaration -Werror=implicit-int -Werror=pointer-sign -Werror=pointer-arith -Werror=incompatible-pointer-types -Werror=unguarded-availability -Wno-unused-value -Wno-parentheses -I/private/tmp/mp-skarnet.BQSnVP/prefix/include -isysroot/Library/Developer/CommandLineTools/SDKs/MacOSX15.sdk -pipe -Wall -std=c99 -fno-exceptions -fno-unwind-tables -fno-asynchronous-unwind-tables -ffunction-sections -fdata-sections -O2 -fomit-frame-pointer -pipe -Os -isysroot/Library/Developer/CommandLineTools/SDKs/MacOSX15.sdk -arch arm64 -arch x86_64  -c -o src/libstddjb/utc_from_tai.lo src/libstddjb/utc_from_tai.c
exec /usr/bin/clang -D_POSIX_C_SOURCE=200809L -D_XOPEN_SOURCE=700 -Isrc/include -fPIC -Werror=implicit-function-declaration -Werror=implicit-int -Werror=pointer-sign -Werror=pointer-arith -Werror=incompatible-pointer-types -Werror=unguarded-availability -Wno-unused-value -Wno-parentheses -I/private/tmp/mp-skarnet.BQSnVP/prefix/include -isysroot/Library/Developer/CommandLineTools/SDKs/MacOSX15.sdk -pipe -Wall -std=c99 -fno-exceptions -fno-unwind-tables -fno-asynchronous-unwind-tables -ffunction-sections -fdata-sections -O2 -fomit-frame-pointer -pipe -Os -isysroot/Library/Developer/CommandLineTools/SDKs/MacOSX15.sdk -arch arm64 -arch x86_64  -c -o src/libunixonacid/bufalloc_timed_flush.lo src/libunixonacid/bufalloc_timed_flush.c
exec /usr/bin/clang -D_POSIX_C_SOURCE=200809L -D_XOPEN_SOURCE=700 -Isrc/include -fPIC -Werror=implicit-function-declaration -Werror=implicit-int -Werror=pointer-sign -Werror=pointer-arith -Werror=incompatible-pointer-types -Werror=unguarded-availability -Wno-unused-value -Wno-parentheses -I/private/tmp/mp-skarnet.BQSnVP/prefix/include -isysroot/Library/Developer/CommandLineTools/SDKs/MacOSX15.sdk -pipe -Wall -std=c99 -fno-exceptions -fno-unwind-tables -fno-asynchronous-unwind-tables -ffunction-sections -fdata-sections -O2 -fomit-frame-pointer -pipe -Os -isysroot/Library/Developer/CommandLineTools/SDKs/MacOSX15.sdk -arch arm64 -arch x86_64  -c -o src/libunixonacid/buffer_timed_fill.lo src/libunixonacid/buffer_timed_fill.c
exec /usr/bin/clang -D_POSIX_C_SOURCE=200809L -D_XOPEN_SOURCE=700 -Isrc/include -fPIC -Werror=implicit-function-declaration -Werror=implicit-int -Werror=pointer-sign -Werror=pointer-arith -Werror=incompatible-pointer-types -Werror=unguarded-availability -Wno-unused-value -Wno-parentheses -I/private/tmp/mp-skarnet.BQSnVP/prefix/include -isysroot/Library/Developer/CommandLineTools/SDKs/MacOSX15.sdk -pipe -Wall -std=c99 -fno-exceptions -fno-unwind-tables -fno-asynchronous-unwind-tables -ffunction-sections -fdata-sections -O2 -fomit-frame-pointer -pipe -Os -isysroot/Library/Developer/CommandLineTools/SDKs/MacOSX15.sdk -arch arm64 -arch x86_64  -c -o src/libunixonacid/buffer_timed_flush.lo src/libunixonacid/buffer_timed_flush.c
exec /usr/bin/clang -D_POSIX_C_SOURCE=200809L -D_XOPEN_SOURCE=700 -Isrc/include -fPIC -Werror=implicit-function-declaration -Werror=implicit-int -Werror=pointer-sign -Werror=pointer-arith -Werror=incompatible-pointer-types -Werror=unguarded-availability -Wno-unused-value -Wno-parentheses -I/private/tmp/mp-skarnet.BQSnVP/prefix/include -isysroot/Library/Developer/CommandLineTools/SDKs/MacOSX15.sdk -pipe -Wall -std=c99 -fno-exceptions -fno-unwind-tables -fno-asynchronous-unwind-tables -ffunction-sections -fdata-sections -O2 -fomit-frame-pointer -pipe -Os -isysroot/Library/Developer/CommandLineTools/SDKs/MacOSX15.sdk -arch arm64 -arch x86_64  -c -o src/libunixonacid/buffer_timed_get.lo src/libunixonacid/buffer_timed_get.c
exec /usr/bin/clang -D_POSIX_C_SOURCE=200809L -D_XOPEN_SOURCE=700 -Isrc/include -fPIC -Werror=implicit-function-declaration -Werror=implicit-int -Werror=pointer-sign -Werror=pointer-arith -Werror=incompatible-pointer-types -Werror=unguarded-availability -Wno-unused-value -Wno-parentheses -I/private/tmp/mp-skarnet.BQSnVP/prefix/include -isysroot/Library/Developer/CommandLineTools/SDKs/MacOSX15.sdk -pipe -Wall -std=c99 -fno-exceptions -fno-unwind-tables -fno-asynchronous-unwind-tables -ffunction-sections -fdata-sections -O2 -fomit-frame-pointer -pipe -Os -isysroot/Library/Developer/CommandLineTools/SDKs/MacOSX15.sdk -arch arm64 -arch x86_64  -c -o src/libunixonacid/buffer_timed_getv.lo src/libunixonacid/buffer_timed_getv.c
exec /usr/bin/clang -D_POSIX_C_SOURCE=200809L -D_XOPEN_SOURCE=700 -Isrc/include -fPIC -Werror=implicit-function-declaration -Werror=implicit-int -Werror=pointer-sign -Werror=pointer-arith -Werror=incompatible-pointer-types -Werror=unguarded-availability -Wno-unused-value -Wno-parentheses -I/private/tmp/mp-skarnet.BQSnVP/prefix/include -isysroot/Library/Developer/CommandLineTools/SDKs/MacOSX15.sdk -pipe -Wall -std=c99 -fno-exceptions -fno-unwind-tables -fno-asynchronous-unwind-tables -ffunction-sections -fdata-sections -O2 -fomit-frame-pointer -pipe -Os -isysroot/Library/Developer/CommandLineTools/SDKs/MacOSX15.sdk -arch arm64 -arch x86_64  -c -o src/libunixonacid/buffer_timed_put.lo src/libunixonacid/buffer_timed_put.c
exec /usr/bin/clang -D_POSIX_C_SOURCE=200809L -D_XOPEN_SOURCE=700 -Isrc/include -fPIC -Werror=implicit-function-declaration -Werror=implicit-int -Werror=pointer-sign -Werror=pointer-arith -Werror=incompatible-pointer-types -Werror=unguarded-availability -Wno-unused-value -Wno-parentheses -I/private/tmp/mp-skarnet.BQSnVP/prefix/include -isysroot/Library/Developer/CommandLineTools/SDKs/MacOSX15.sdk -pipe -Wall -std=c99 -fno-exceptions -fno-unwind-tables -fno-asynchronous-unwind-tables -ffunction-sections -fdata-sections -O2 -fomit-frame-pointer -pipe -Os -isysroot/Library/Developer/CommandLineTools/SDKs/MacOSX15.sdk -arch arm64 -arch x86_64  -c -o src/libunixonacid/buffer_timed_puts.lo src/libunixonacid/buffer_timed_puts.c
exec /usr/bin/clang -D_POSIX_C_SOURCE=200809L -D_XOPEN_SOURCE=700 -Isrc/include -fPIC -Werror=implicit-function-declaration -Werror=implicit-int -Werror=pointer-sign -Werror=pointer-arith -Werror=incompatible-pointer-types -Werror=unguarded-availability -Wno-unused-value -Wno-parentheses -I/private/tmp/mp-skarnet.BQSnVP/prefix/include -isysroot/Library/Developer/CommandLineTools/SDKs/MacOSX15.sdk -pipe -Wall -std=c99 -fno-exceptions -fno-unwind-tables -fno-asynchronous-unwind-tables -ffunction-sections -fdata-sections -O2 -fomit-frame-pointer -pipe -Os -isysroot/Library/Developer/CommandLineTools/SDKs/MacOSX15.sdk -arch arm64 -arch x86_64  -c -o src/libunixonacid/buffer_timed_putv.lo src/libunixonacid/buffer_timed_putv.c
exec /usr/bin/clang -D_POSIX_C_SOURCE=200809L -D_XOPEN_SOURCE=700 -Isrc/include -fPIC -Werror=implicit-function-declaration -Werror=implicit-int -Werror=pointer-sign -Werror=pointer-arith -Werror=incompatible-pointer-types -Werror=unguarded-availability -Wno-unused-value -Wno-parentheses -I/private/tmp/mp-skarnet.BQSnVP/prefix/include -isysroot/Library/Developer/CommandLineTools/SDKs/MacOSX15.sdk -pipe -Wall -std=c99 -fno-exceptions -fno-unwind-tables -fno-asynchronous-unwind-tables -ffunction-sections -fdata-sections -O2 -fomit-frame-pointer -pipe -Os -isysroot/Library/Developer/CommandLineTools/SDKs/MacOSX15.sdk -arch arm64 -arch x86_64  -c -o src/libunixonacid/ipc_timed_recv.lo src/libunixonacid/ipc_timed_recv.c
exec /usr/bin/clang -D_POSIX_C_SOURCE=200809L -D_XOPEN_SOURCE=700 -Isrc/include -fPIC -Werror=implicit-function-declaration -Werror=implicit-int -Werror=pointer-sign -Werror=pointer-arith -Werror=incompatible-pointer-types -Werror=unguarded-availability -Wno-unused-value -Wno-parentheses -I/private/tmp/mp-skarnet.BQSnVP/prefix/include -isysroot/Library/Developer/CommandLineTools/SDKs/MacOSX15.sdk -pipe -Wall -std=c99 -fno-exceptions -fno-unwind-tables -fno-asynchronous-unwind-tables -ffunction-sections -fdata-sections -O2 -fomit-frame-pointer -pipe -Os -isysroot/Library/Developer/CommandLineTools/SDKs/MacOSX15.sdk -arch arm64 -arch x86_64  -c -o src/libunixonacid/ipc_timed_send.lo src/libunixonacid/ipc_timed_send.c
exec /usr/bin/clang -D_POSIX_C_SOURCE=200809L -D_XOPEN_SOURCE=700 -Isrc/include -fPIC -Werror=implicit-function-declaration -Werror=implicit-int -Werror=pointer-sign -Werror=pointer-arith -Werror=incompatible-pointer-types -Werror=unguarded-availability -Wno-unused-value -Wno-parentheses -I/private/tmp/mp-skarnet.BQSnVP/prefix/include -isysroot/Library/Developer/CommandLineTools/SDKs/MacOSX15.sdk -pipe -Wall -std=c99 -fno-exceptions -fno-unwind-tables -fno-asynchronous-unwind-tables -ffunction-sections -fdata-sections -O2 -fomit-frame-pointer -pipe -Os -isysroot/Library/Developer/CommandLineTools/SDKs/MacOSX15.sdk -arch arm64 -arch x86_64  -c -o src/libunixonacid/ipc_timed_sendv.lo src/libunixonacid/ipc_timed_sendv.c
exec /usr/bin/clang -D_POSIX_C_SOURCE=200809L -D_XOPEN_SOURCE=700 -Isrc/include -fPIC -Werror=implicit-function-declaration -Werror=implicit-int -Werror=pointer-sign -Werror=pointer-arith -Werror=incompatible-pointer-types -Werror=unguarded-availability -Wno-unused-value -Wno-parentheses -I/private/tmp/mp-skarnet.BQSnVP/prefix/include -isysroot/Library/Developer/CommandLineTools/SDKs/MacOSX15.sdk -pipe -Wall -std=c99 -fno-exceptions -fno-unwind-tables -fno-asynchronous-unwind-tables -ffunction-sections -fdata-sections -O2 -fomit-frame-pointer -pipe -Os -isysroot/Library/Developer/CommandLineTools/SDKs/MacOSX15.sdk -arch arm64 -arch x86_64  -c -o src/libunixonacid/kolbak_call.lo src/libunixonacid/kolbak_call.c
exec /usr/bin/clang -D_POSIX_C_SOURCE=200809L -D_XOPEN_SOURCE=700 -Isrc/include -fPIC -Werror=implicit-function-declaration -Werror=implicit-int -Werror=pointer-sign -Werror=pointer-arith -Werror=incompatible-pointer-types -Werror=unguarded-availability -Wno-unused-value -Wno-parentheses -I/private/tmp/mp-skarnet.BQSnVP/prefix/include -isysroot/Library/Developer/CommandLineTools/SDKs/MacOSX15.sdk -pipe -Wall -std=c99 -fno-exceptions -fno-unwind-tables -fno-asynchronous-unwind-tables -ffunction-sections -fdata-sections -O2 -fomit-frame-pointer -pipe -Os -isysroot/Library/Developer/CommandLineTools/SDKs/MacOSX15.sdk -arch arm64 -arch x86_64  -c -o src/libunixonacid/kolbak_enqueue.lo src/libunixonacid/kolbak_enqueue.c
exec /usr/bin/clang -D_POSIX_C_SOURCE=200809L -D_XOPEN_SOURCE=700 -Isrc/include -fPIC -Werror=implicit-function-declaration -Werror=implicit-int -Werror=pointer-sign -Werror=pointer-arith -Werror=incompatible-pointer-types -Werror=unguarded-availability -Wno-unused-value -Wno-parentheses -I/private/tmp/mp-skarnet.BQSnVP/prefix/include -isysroot/Library/Developer/CommandLineTools/SDKs/MacOSX15.sdk -pipe -Wall -std=c99 -fno-exceptions -fno-unwind-tables -fno-asynchronous-unwind-tables -ffunction-sections -fdata-sections -O2 -fomit-frame-pointer -pipe -Os -isysroot/Library/Developer/CommandLineTools/SDKs/MacOSX15.sdk -arch arm64 -arch x86_64  -c -o src/libunixonacid/kolbak_queue_init.lo src/libunixonacid/kolbak_queue_init.c
exec /usr/bin/clang -D_POSIX_C_SOURCE=200809L -D_XOPEN_SOURCE=700 -Isrc/include -fPIC -Werror=implicit-function-declaration -Werror=implicit-int -Werror=pointer-sign -Werror=pointer-arith -Werror=incompatible-pointer-types -Werror=unguarded-availability -Wno-unused-value -Wno-parentheses -I/private/tmp/mp-skarnet.BQSnVP/prefix/include -isysroot/Library/Developer/CommandLineTools/SDKs/MacOSX15.sdk -pipe -Wall -std=c99 -fno-exceptions -fno-unwind-tables -fno-asynchronous-unwind-tables -ffunction-sections -fdata-sections -O2 -fomit-frame-pointer -pipe -Os -isysroot/Library/Developer/CommandLineTools/SDKs/MacOSX15.sdk -arch arm64 -arch x86_64  -c -o src/libunixonacid/kolbak_unenqueue.lo src/libunixonacid/kolbak_unenqueue.c
exec /usr/bin/clang -D_POSIX_C_SOURCE=200809L -D_XOPEN_SOURCE=700 -Isrc/include -fPIC -Werror=implicit-function-declaration -Werror=implicit-int -Werror=pointer-sign -Werror=pointer-arith -Werror=incompatible-pointer-types -Werror=unguarded-availability -Wno-unused-value -Wno-parentheses -I/private/tmp/mp-skarnet.BQSnVP/prefix/include -isysroot/Library/Developer/CommandLineTools/SDKs/MacOSX15.sdk -pipe -Wall -std=c99 -fno-exceptions -fno-unwind-tables -fno-asynchronous-unwind-tables -ffunction-sections -fdata-sections -O2 -fomit-frame-pointer -pipe -Os -isysroot/Library/Developer/CommandLineTools/SDKs/MacOSX15.sdk -arch arm64 -arch x86_64  -c -o src/libunixonacid/netstring_timed_get.lo src/libunixonacid/netstring_timed_get.c
exec /usr/bin/clang -D_POSIX_C_SOURCE=200809L -D_XOPEN_SOURCE=700 -Isrc/include -fPIC -Werror=implicit-function-declaration -Werror=implicit-int -Werror=pointer-sign -Werror=pointer-arith -Werror=incompatible-pointer-types -Werror=unguarded-availability -Wno-unused-value -Wno-parentheses -I/private/tmp/mp-skarnet.BQSnVP/prefix/include -isysroot/Library/Developer/CommandLineTools/SDKs/MacOSX15.sdk -pipe -Wall -std=c99 -fno-exceptions -fno-unwind-tables -fno-asynchronous-unwind-tables -ffunction-sections -fdata-sections -O2 -fomit-frame-pointer -pipe -Os -isysroot/Library/Developer/CommandLineTools/SDKs/MacOSX15.sdk -arch arm64 -arch x86_64  -c -o src/libunixonacid/sassclient_ack.lo src/libunixonacid/sassclient_ack.c
exec /usr/bin/clang -D_POSIX_C_SOURCE=200809L -D_XOPEN_SOURCE=700 -Isrc/include -fPIC -Werror=implicit-function-declaration -Werror=implicit-int -Werror=pointer-sign -Werror=pointer-arith -Werror=incompatible-pointer-types -Werror=unguarded-availability -Wno-unused-value -Wno-parentheses -I/private/tmp/mp-skarnet.BQSnVP/prefix/include -isysroot/Library/Developer/CommandLineTools/SDKs/MacOSX15.sdk -pipe -Wall -std=c99 -fno-exceptions -fno-unwind-tables -fno-asynchronous-unwind-tables -ffunction-sections -fdata-sections -O2 -fomit-frame-pointer -pipe -Os -isysroot/Library/Developer/CommandLineTools/SDKs/MacOSX15.sdk -arch arm64 -arch x86_64  -c -o src/libunixonacid/sassclient_cancel.lo src/libunixonacid/sassclient_cancel.c
exec /usr/bin/clang -D_POSIX_C_SOURCE=200809L -D_XOPEN_SOURCE=700 -Isrc/include -fPIC -Werror=implicit-function-declaration -Werror=implicit-int -Werror=pointer-sign -Werror=pointer-arith -Werror=incompatible-pointer-types -Werror=unguarded-availability -Wno-unused-value -Wno-parentheses -I/private/tmp/mp-skarnet.BQSnVP/prefix/include -isysroot/Library/Developer/CommandLineTools/SDKs/MacOSX15.sdk -pipe -Wall -std=c99 -fno-exceptions -fno-unwind-tables -fno-asynchronous-unwind-tables -ffunction-sections -fdata-sections -O2 -fomit-frame-pointer -pipe -Os -isysroot/Library/Developer/CommandLineTools/SDKs/MacOSX15.sdk -arch arm64 -arch x86_64  -c -o src/libunixonacid/sassclient_cancel_internal.lo src/libunixonacid/sassclient_cancel_internal.c
exec /usr/bin/clang -D_POSIX_C_SOURCE=200809L -D_XOPEN_SOURCE=700 -Isrc/include -fPIC -Werror=implicit-function-declaration -Werror=implicit-int -Werror=pointer-sign -Werror=pointer-arith -Werror=incompatible-pointer-types -Werror=unguarded-availability -Wno-unused-value -Wno-parentheses -I/private/tmp/mp-skarnet.BQSnVP/prefix/include -isysroot/Library/Developer/CommandLineTools/SDKs/MacOSX15.sdk -pipe -Wall -std=c99 -fno-exceptions -fno-unwind-tables -fno-asynchronous-unwind-tables -ffunction-sections -fdata-sections -O2 -fomit-frame-pointer -pipe -Os -isysroot/Library/Developer/CommandLineTools/SDKs/MacOSX15.sdk -arch arm64 -arch x86_64  -c -o src/libunixonacid/sassclient_end.lo src/libunixonacid/sassclient_end.c
exec /usr/bin/clang -D_POSIX_C_SOURCE=200809L -D_XOPEN_SOURCE=700 -Isrc/include -fPIC -Werror=implicit-function-declaration -Werror=implicit-int -Werror=pointer-sign -Werror=pointer-arith -Werror=incompatible-pointer-types -Werror=unguarded-availability -Wno-unused-value -Wno-parentheses -I/private/tmp/mp-skarnet.BQSnVP/prefix/include -isysroot/Library/Developer/CommandLineTools/SDKs/MacOSX15.sdk -pipe -Wall -std=c99 -fno-exceptions -fno-unwind-tables -fno-asynchronous-unwind-tables -ffunction-sections -fdata-sections -O2 -fomit-frame-pointer -pipe -Os -isysroot/Library/Developer/CommandLineTools/SDKs/MacOSX15.sdk -arch arm64 -arch x86_64  -c -o src/libunixonacid/sassclient_release.lo src/libunixonacid/sassclient_release.c
exec /usr/bin/clang -D_POSIX_C_SOURCE=200809L -D_XOPEN_SOURCE=700 -Isrc/include -fPIC -Werror=implicit-function-declaration -Werror=implicit-int -Werror=pointer-sign -Werror=pointer-arith -Werror=incompatible-pointer-types -Werror=unguarded-availability -Wno-unused-value -Wno-parentheses -I/private/tmp/mp-skarnet.BQSnVP/prefix/include -isysroot/Library/Developer/CommandLineTools/SDKs/MacOSX15.sdk -pipe -Wall -std=c99 -fno-exceptions -fno-unwind-tables -fno-asynchronous-unwind-tables -ffunction-sections -fdata-sections -O2 -fomit-frame-pointer -pipe -Os -isysroot/Library/Developer/CommandLineTools/SDKs/MacOSX15.sdk -arch arm64 -arch x86_64  -c -o src/libunixonacid/sassclient_send.lo src/libunixonacid/sassclient_send.c
exec /usr/bin/clang -D_POSIX_C_SOURCE=200809L -D_XOPEN_SOURCE=700 -Isrc/include -fPIC -Werror=implicit-function-declaration -Werror=implicit-int -Werror=pointer-sign -Werror=pointer-arith -Werror=incompatible-pointer-types -Werror=unguarded-availability -Wno-unused-value -Wno-parentheses -I/private/tmp/mp-skarnet.BQSnVP/prefix/include -isysroot/Library/Developer/CommandLineTools/SDKs/MacOSX15.sdk -pipe -Wall -std=c99 -fno-exceptions -fno-unwind-tables -fno-asynchronous-unwind-tables -ffunction-sections -fdata-sections -O2 -fomit-frame-pointer -pipe -Os -isysroot/Library/Developer/CommandLineTools/SDKs/MacOSX15.sdk -arch arm64 -arch x86_64  -c -o src/libunixonacid/sassclient_sendv.lo src/libunixonacid/sassclient_sendv.c
exec /usr/bin/clang -D_POSIX_C_SOURCE=200809L -D_XOPEN_SOURCE=700 -Isrc/include -fPIC -Werror=implicit-function-declaration -Werror=implicit-int -Werror=pointer-sign -Werror=pointer-arith -Werror=incompatible-pointer-types -Werror=unguarded-availability -Wno-unused-value -Wno-parentheses -I/private/tmp/mp-skarnet.BQSnVP/prefix/include -isysroot/Library/Developer/CommandLineTools/SDKs/MacOSX15.sdk -pipe -Wall -std=c99 -fno-exceptions -fno-unwind-tables -fno-asynchronous-unwind-tables -ffunction-sections -fdata-sections -O2 -fomit-frame-pointer -pipe -Os -isysroot/Library/Developer/CommandLineTools/SDKs/MacOSX15.sdk -arch arm64 -arch x86_64  -c -o src/libunixonacid/sassclient_start.lo src/libunixonacid/sassclient_start.c
exec /usr/bin/clang -D_POSIX_C_SOURCE=200809L -D_XOPEN_SOURCE=700 -Isrc/include -fPIC -Werror=implicit-function-declaration -Werror=implicit-int -Werror=pointer-sign -Werror=pointer-arith -Werror=incompatible-pointer-types -Werror=unguarded-availability -Wno-unused-value -Wno-parentheses -I/private/tmp/mp-skarnet.BQSnVP/prefix/include -isysroot/Library/Developer/CommandLineTools/SDKs/MacOSX15.sdk -pipe -Wall -std=c99 -fno-exceptions -fno-unwind-tables -fno-asynchronous-unwind-tables -ffunction-sections -fdata-sections -O2 -fomit-frame-pointer -pipe -Os -isysroot/Library/Developer/CommandLineTools/SDKs/MacOSX15.sdk -arch arm64 -arch x86_64  -c -o src/libunixonacid/sassclient_update.lo src/libunixonacid/sassclient_update.c
exec /usr/bin/clang -D_POSIX_C_SOURCE=200809L -D_XOPEN_SOURCE=700 -Isrc/include -fPIC -Werror=implicit-function-declaration -Werror=implicit-int -Werror=pointer-sign -Werror=pointer-arith -Werror=incompatible-pointer-types -Werror=unguarded-availability -Wno-unused-value -Wno-parentheses -I/private/tmp/mp-skarnet.BQSnVP/prefix/include -isysroot/Library/Developer/CommandLineTools/SDKs/MacOSX15.sdk -pipe -Wall -std=c99 -fno-exceptions -fno-unwind-tables -fno-asynchronous-unwind-tables -ffunction-sections -fdata-sections -O2 -fomit-frame-pointer -pipe -Os -isysroot/Library/Developer/CommandLineTools/SDKs/MacOSX15.sdk -arch arm64 -arch x86_64  -c -o src/libunixonacid/sassserver_init_structures.lo src/libunixonacid/sassserver_init_structures.c
exec /usr/bin/clang -D_POSIX_C_SOURCE=200809L -D_XOPEN_SOURCE=700 -Isrc/include -fPIC -Werror=implicit-function-declaration -Werror=implicit-int -Werror=pointer-sign -Werror=pointer-arith -Werror=incompatible-pointer-types -Werror=unguarded-availability -Wno-unused-value -Wno-parentheses -I/private/tmp/mp-skarnet.BQSnVP/prefix/include -isysroot/Library/Developer/CommandLineTools/SDKs/MacOSX15.sdk -pipe -Wall -std=c99 -fno-exceptions -fno-unwind-tables -fno-asynchronous-unwind-tables -ffunction-sections -fdata-sections -O2 -fomit-frame-pointer -pipe -Os -isysroot/Library/Developer/CommandLineTools/SDKs/MacOSX15.sdk -arch arm64 -arch x86_64  -c -o src/libunixonacid/skaclient_default_cb.lo src/libunixonacid/skaclient_default_cb.c
exec /usr/bin/clang -D_POSIX_C_SOURCE=200809L -D_XOPEN_SOURCE=700 -Isrc/include -fPIC -Werror=implicit-function-declaration -Werror=implicit-int -Werror=pointer-sign -Werror=pointer-arith -Werror=incompatible-pointer-types -Werror=unguarded-availability -Wno-unused-value -Wno-parentheses -I/private/tmp/mp-skarnet.BQSnVP/prefix/include -isysroot/Library/Developer/CommandLineTools/SDKs/MacOSX15.sdk -pipe -Wall -std=c99 -fno-exceptions -fno-unwind-tables -fno-asynchronous-unwind-tables -ffunction-sections -fdata-sections -O2 -fomit-frame-pointer -pipe -Os -isysroot/Library/Developer/CommandLineTools/SDKs/MacOSX15.sdk -arch arm64 -arch x86_64  -c -o src/libunixonacid/skaclient_end.lo src/libunixonacid/skaclient_end.c
exec /usr/bin/clang -D_POSIX_C_SOURCE=200809L -D_XOPEN_SOURCE=700 -Isrc/include -fPIC -Werror=implicit-function-declaration -Werror=implicit-int -Werror=pointer-sign -Werror=pointer-arith -Werror=incompatible-pointer-types -Werror=unguarded-availability -Wno-unused-value -Wno-parentheses -I/private/tmp/mp-skarnet.BQSnVP/prefix/include -isysroot/Library/Developer/CommandLineTools/SDKs/MacOSX15.sdk -pipe -Wall -std=c99 -fno-exceptions -fno-unwind-tables -fno-asynchronous-unwind-tables -ffunction-sections -fdata-sections -O2 -fomit-frame-pointer -pipe -Os -isysroot/Library/Developer/CommandLineTools/SDKs/MacOSX15.sdk -arch arm64 -arch x86_64  -c -o src/libunixonacid/skaclient_init.lo src/libunixonacid/skaclient_init.c
exec /usr/bin/clang -D_POSIX_C_SOURCE=200809L -D_XOPEN_SOURCE=700 -Isrc/include -fPIC -Werror=implicit-function-declaration -Werror=implicit-int -Werror=pointer-sign -Werror=pointer-arith -Werror=incompatible-pointer-types -Werror=unguarded-availability -Wno-unused-value -Wno-parentheses -I/private/tmp/mp-skarnet.BQSnVP/prefix/include -isysroot/Library/Developer/CommandLineTools/SDKs/MacOSX15.sdk -pipe -Wall -std=c99 -fno-exceptions -fno-unwind-tables -fno-asynchronous-unwind-tables -ffunction-sections -fdata-sections -O2 -fomit-frame-pointer -pipe -Os -isysroot/Library/Developer/CommandLineTools/SDKs/MacOSX15.sdk -arch arm64 -arch x86_64  -c -o src/libunixonacid/skaclient_put.lo src/libunixonacid/skaclient_put.c
exec /usr/bin/clang -D_POSIX_C_SOURCE=200809L -D_XOPEN_SOURCE=700 -Isrc/include -fPIC -Werror=implicit-function-declaration -Werror=implicit-int -Werror=pointer-sign -Werror=pointer-arith -Werror=incompatible-pointer-types -Werror=unguarded-availability -Wno-unused-value -Wno-parentheses -I/private/tmp/mp-skarnet.BQSnVP/prefix/include -isysroot/Library/Developer/CommandLineTools/SDKs/MacOSX15.sdk -pipe -Wall -std=c99 -fno-exceptions -fno-unwind-tables -fno-asynchronous-unwind-tables -ffunction-sections -fdata-sections -O2 -fomit-frame-pointer -pipe -Os -isysroot/Library/Developer/CommandLineTools/SDKs/MacOSX15.sdk -arch arm64 -arch x86_64  -c -o src/libunixonacid/skaclient_putmsg.lo src/libunixonacid/skaclient_putmsg.c
exec /usr/bin/clang -D_POSIX_C_SOURCE=200809L -D_XOPEN_SOURCE=700 -Isrc/include -fPIC -Werror=implicit-function-declaration -Werror=implicit-int -Werror=pointer-sign -Werror=pointer-arith -Werror=incompatible-pointer-types -Werror=unguarded-availability -Wno-unused-value -Wno-parentheses -I/private/tmp/mp-skarnet.BQSnVP/prefix/include -isysroot/Library/Developer/CommandLineTools/SDKs/MacOSX15.sdk -pipe -Wall -std=c99 -fno-exceptions -fno-unwind-tables -fno-asynchronous-unwind-tables -ffunction-sections -fdata-sections -O2 -fomit-frame-pointer -pipe -Os -isysroot/Library/Developer/CommandLineTools/SDKs/MacOSX15.sdk -arch arm64 -arch x86_64  -c -o src/libunixonacid/skaclient_putmsgv.lo src/libunixonacid/skaclient_putmsgv.c
exec /usr/bin/clang -D_POSIX_C_SOURCE=200809L -D_XOPEN_SOURCE=700 -Isrc/include -fPIC -Werror=implicit-function-declaration -Werror=implicit-int -Werror=pointer-sign -Werror=pointer-arith -Werror=incompatible-pointer-types -Werror=unguarded-availability -Wno-unused-value -Wno-parentheses -I/private/tmp/mp-skarnet.BQSnVP/prefix/include -isysroot/Library/Developer/CommandLineTools/SDKs/MacOSX15.sdk -pipe -Wall -std=c99 -fno-exceptions -fno-unwind-tables -fno-asynchronous-unwind-tables -ffunction-sections -fdata-sections -O2 -fomit-frame-pointer -pipe -Os -isysroot/Library/Developer/CommandLineTools/SDKs/MacOSX15.sdk -arch arm64 -arch x86_64  -c -o src/libunixonacid/skaclient_putv.lo src/libunixonacid/skaclient_putv.c
exec /usr/bin/clang -D_POSIX_C_SOURCE=200809L -D_XOPEN_SOURCE=700 -Isrc/include -fPIC -Werror=implicit-function-declaration -Werror=implicit-int -Werror=pointer-sign -Werror=pointer-arith -Werror=incompatible-pointer-types -Werror=unguarded-availability -Wno-unused-value -Wno-parentheses -I/private/tmp/mp-skarnet.BQSnVP/prefix/include -isysroot/Library/Developer/CommandLineTools/SDKs/MacOSX15.sdk -pipe -Wall -std=c99 -fno-exceptions -fno-unwind-tables -fno-asynchronous-unwind-tables -ffunction-sections -fdata-sections -O2 -fomit-frame-pointer -pipe -Os -isysroot/Library/Developer/CommandLineTools/SDKs/MacOSX15.sdk -arch arm64 -arch x86_64  -c -o src/libunixonacid/skaclient_send.lo src/libunixonacid/skaclient_send.c
exec /usr/bin/clang -D_POSIX_C_SOURCE=200809L -D_XOPEN_SOURCE=700 -Isrc/include -fPIC -Werror=implicit-function-declaration -Werror=implicit-int -Werror=pointer-sign -Werror=pointer-arith -Werror=incompatible-pointer-types -Werror=unguarded-availability -Wno-unused-value -Wno-parentheses -I/private/tmp/mp-skarnet.BQSnVP/prefix/include -isysroot/Library/Developer/CommandLineTools/SDKs/MacOSX15.sdk -pipe -Wall -std=c99 -fno-exceptions -fno-unwind-tables -fno-asynchronous-unwind-tables -ffunction-sections -fdata-sections -O2 -fomit-frame-pointer -pipe -Os -isysroot/Library/Developer/CommandLineTools/SDKs/MacOSX15.sdk -arch arm64 -arch x86_64  -c -o src/libunixonacid/skaclient_sendmsg.lo src/libunixonacid/skaclient_sendmsg.c
exec /usr/bin/clang -D_POSIX_C_SOURCE=200809L -D_XOPEN_SOURCE=700 -Isrc/include -fPIC -Werror=implicit-function-declaration -Werror=implicit-int -Werror=pointer-sign -Werror=pointer-arith -Werror=incompatible-pointer-types -Werror=unguarded-availability -Wno-unused-value -Wno-parentheses -I/private/tmp/mp-skarnet.BQSnVP/prefix/include -isysroot/Library/Developer/CommandLineTools/SDKs/MacOSX15.sdk -pipe -Wall -std=c99 -fno-exceptions -fno-unwind-tables -fno-asynchronous-unwind-tables -ffunction-sections -fdata-sections -O2 -fomit-frame-pointer -pipe -Os -isysroot/Library/Developer/CommandLineTools/SDKs/MacOSX15.sdk -arch arm64 -arch x86_64  -c -o src/libunixonacid/skaclient_sendmsgv.lo src/libunixonacid/skaclient_sendmsgv.c
exec /usr/bin/clang -D_POSIX_C_SOURCE=200809L -D_XOPEN_SOURCE=700 -Isrc/include -fPIC -Werror=implicit-function-declaration -Werror=implicit-int -Werror=pointer-sign -Werror=pointer-arith -Werror=incompatible-pointer-types -Werror=unguarded-availability -Wno-unused-value -Wno-parentheses -I/private/tmp/mp-skarnet.BQSnVP/prefix/include -isysroot/Library/Developer/CommandLineTools/SDKs/MacOSX15.sdk -pipe -Wall -std=c99 -fno-exceptions -fno-unwind-tables -fno-asynchronous-unwind-tables -ffunction-sections -fdata-sections -O2 -fomit-frame-pointer -pipe -Os -isysroot/Library/Developer/CommandLineTools/SDKs/MacOSX15.sdk -arch arm64 -arch x86_64  -c -o src/libunixonacid/skaclient_sendv.lo src/libunixonacid/skaclient_sendv.c
exec /usr/bin/clang -D_POSIX_C_SOURCE=200809L -D_XOPEN_SOURCE=700 -Isrc/include -fPIC -Werror=implicit-function-declaration -Werror=implicit-int -Werror=pointer-sign -Werror=pointer-arith -Werror=incompatible-pointer-types -Werror=unguarded-availability -Wno-unused-value -Wno-parentheses -I/private/tmp/mp-skarnet.BQSnVP/prefix/include -isysroot/Library/Developer/CommandLineTools/SDKs/MacOSX15.sdk -pipe -Wall -std=c99 -fno-exceptions -fno-unwind-tables -fno-asynchronous-unwind-tables -ffunction-sections -fdata-sections -O2 -fomit-frame-pointer -pipe -Os -isysroot/Library/Developer/CommandLineTools/SDKs/MacOSX15.sdk -arch arm64 -arch x86_64  -c -o src/libunixonacid/skaclient_server_ack.lo src/libunixonacid/skaclient_server_ack.c
exec /usr/bin/clang -D_POSIX_C_SOURCE=200809L -D_XOPEN_SOURCE=700 -Isrc/include -fPIC -Werror=implicit-function-declaration -Werror=implicit-int -Werror=pointer-sign -Werror=pointer-arith -Werror=incompatible-pointer-types -Werror=unguarded-availability -Wno-unused-value -Wno-parentheses -I/private/tmp/mp-skarnet.BQSnVP/prefix/include -isysroot/Library/Developer/CommandLineTools/SDKs/MacOSX15.sdk -pipe -Wall -std=c99 -fno-exceptions -fno-unwind-tables -fno-asynchronous-unwind-tables -ffunction-sections -fdata-sections -O2 -fomit-frame-pointer -pipe -Os -isysroot/Library/Developer/CommandLineTools/SDKs/MacOSX15.sdk -arch arm64 -arch x86_64  -c -o src/libunixonacid/skaclient_server_bidi_ack.lo src/libunixonacid/skaclient_server_bidi_ack.c
exec /usr/bin/clang -D_POSIX_C_SOURCE=200809L -D_XOPEN_SOURCE=700 -Isrc/include -fPIC -Werror=implicit-function-declaration -Werror=implicit-int -Werror=pointer-sign -Werror=pointer-arith -Werror=incompatible-pointer-types -Werror=unguarded-availability -Wno-unused-value -Wno-parentheses -I/private/tmp/mp-skarnet.BQSnVP/prefix/include -isysroot/Library/Developer/CommandLineTools/SDKs/MacOSX15.sdk -pipe -Wall -std=c99 -fno-exceptions -fno-unwind-tables -fno-asynchronous-unwind-tables -ffunction-sections -fdata-sections -O2 -fomit-frame-pointer -pipe -Os -isysroot/Library/Developer/CommandLineTools/SDKs/MacOSX15.sdk -arch arm64 -arch x86_64  -c -o src/libunixonacid/skaclient_server_init.lo src/libunixonacid/skaclient_server_init.c
exec /usr/bin/clang -D_POSIX_C_SOURCE=200809L -D_XOPEN_SOURCE=700 -Isrc/include -fPIC -Werror=implicit-function-declaration -Werror=implicit-int -Werror=pointer-sign -Werror=pointer-arith -Werror=incompatible-pointer-types -Werror=unguarded-availability -Wno-unused-value -Wno-parentheses -I/private/tmp/mp-skarnet.BQSnVP/prefix/include -isysroot/Library/Developer/CommandLineTools/SDKs/MacOSX15.sdk -pipe -Wall -std=c99 -fno-exceptions -fno-unwind-tables -fno-asynchronous-unwind-tables -ffunction-sections -fdata-sections -O2 -fomit-frame-pointer -pipe -Os -isysroot/Library/Developer/CommandLineTools/SDKs/MacOSX15.sdk -arch arm64 -arch x86_64  -c -o src/libunixonacid/skaclient_start.lo src/libunixonacid/skaclient_start.c
exec /usr/bin/clang -D_POSIX_C_SOURCE=200809L -D_XOPEN_SOURCE=700 -Isrc/include -fPIC -Werror=implicit-function-declaration -Werror=implicit-int -Werror=pointer-sign -Werror=pointer-arith -Werror=incompatible-pointer-types -Werror=unguarded-availability -Wno-unused-value -Wno-parentheses -I/private/tmp/mp-skarnet.BQSnVP/prefix/include -isysroot/Library/Developer/CommandLineTools/SDKs/MacOSX15.sdk -pipe -Wall -std=c99 -fno-exceptions -fno-unwind-tables -fno-asynchronous-unwind-tables -ffunction-sections -fdata-sections -O2 -fomit-frame-pointer -pipe -Os -isysroot/Library/Developer/CommandLineTools/SDKs/MacOSX15.sdk -arch arm64 -arch x86_64  -c -o src/libunixonacid/skaclient_start_async.lo src/libunixonacid/skaclient_start_async.c
exec /usr/bin/clang -D_POSIX_C_SOURCE=200809L -D_XOPEN_SOURCE=700 -Isrc/include -fPIC -Werror=implicit-function-declaration -Werror=implicit-int -Werror=pointer-sign -Werror=pointer-arith -Werror=incompatible-pointer-types -Werror=unguarded-availability -Wno-unused-value -Wno-parentheses -I/private/tmp/mp-skarnet.BQSnVP/prefix/include -isysroot/Library/Developer/CommandLineTools/SDKs/MacOSX15.sdk -pipe -Wall -std=c99 -fno-exceptions -fno-unwind-tables -fno-asynchronous-unwind-tables -ffunction-sections -fdata-sections -O2 -fomit-frame-pointer -pipe -Os -isysroot/Library/Developer/CommandLineTools/SDKs/MacOSX15.sdk -arch arm64 -arch x86_64  -c -o src/libunixonacid/skaclient_start_cb.lo src/libunixonacid/skaclient_start_cb.c
exec /usr/bin/clang -D_POSIX_C_SOURCE=200809L -D_XOPEN_SOURCE=700 -Isrc/include -fPIC -Werror=implicit-function-declaration -Werror=implicit-int -Werror=pointer-sign -Werror=pointer-arith -Werror=incompatible-pointer-types -Werror=unguarded-availability -Wno-unused-value -Wno-parentheses -I/private/tmp/mp-skarnet.BQSnVP/prefix/include -isysroot/Library/Developer/CommandLineTools/SDKs/MacOSX15.sdk -pipe -Wall -std=c99 -fno-exceptions -fno-unwind-tables -fno-asynchronous-unwind-tables -ffunction-sections -fdata-sections -O2 -fomit-frame-pointer -pipe -Os -isysroot/Library/Developer/CommandLineTools/SDKs/MacOSX15.sdk -arch arm64 -arch x86_64  -c -o src/libunixonacid/skaclient_startf.lo src/libunixonacid/skaclient_startf.c
exec /usr/bin/clang -D_POSIX_C_SOURCE=200809L -D_XOPEN_SOURCE=700 -Isrc/include -fPIC -Werror=implicit-function-declaration -Werror=implicit-int -Werror=pointer-sign -Werror=pointer-arith -Werror=incompatible-pointer-types -Werror=unguarded-availability -Wno-unused-value -Wno-parentheses -I/private/tmp/mp-skarnet.BQSnVP/prefix/include -isysroot/Library/Developer/CommandLineTools/SDKs/MacOSX15.sdk -pipe -Wall -std=c99 -fno-exceptions -fno-unwind-tables -fno-asynchronous-unwind-tables -ffunction-sections -fdata-sections -O2 -fomit-frame-pointer -pipe -Os -isysroot/Library/Developer/CommandLineTools/SDKs/MacOSX15.sdk -arch arm64 -arch x86_64  -c -o src/libunixonacid/skaclient_startf_async.lo src/libunixonacid/skaclient_startf_async.c
exec /usr/bin/clang -D_POSIX_C_SOURCE=200809L -D_XOPEN_SOURCE=700 -Isrc/include -fPIC -Werror=implicit-function-declaration -Werror=implicit-int -Werror=pointer-sign -Werror=pointer-arith -Werror=incompatible-pointer-types -Werror=unguarded-availability -Wno-unused-value -Wno-parentheses -I/private/tmp/mp-skarnet.BQSnVP/prefix/include -isysroot/Library/Developer/CommandLineTools/SDKs/MacOSX15.sdk -pipe -Wall -std=c99 -fno-exceptions -fno-unwind-tables -fno-asynchronous-unwind-tables -ffunction-sections -fdata-sections -O2 -fomit-frame-pointer -pipe -Os -isysroot/Library/Developer/CommandLineTools/SDKs/MacOSX15.sdk -arch arm64 -arch x86_64  -c -o src/libunixonacid/skaclient_syncify.lo src/libunixonacid/skaclient_syncify.c
exec /usr/bin/clang -D_POSIX_C_SOURCE=200809L -D_XOPEN_SOURCE=700 -Isrc/include -fPIC -Werror=implicit-function-declaration -Werror=implicit-int -Werror=pointer-sign -Werror=pointer-arith -Werror=incompatible-pointer-types -Werror=unguarded-availability -Wno-unused-value -Wno-parentheses -I/private/tmp/mp-skarnet.BQSnVP/prefix/include -isysroot/Library/Developer/CommandLineTools/SDKs/MacOSX15.sdk -pipe -Wall -std=c99 -fno-exceptions -fno-unwind-tables -fno-asynchronous-unwind-tables -ffunction-sections -fdata-sections -O2 -fomit-frame-pointer -pipe -Os -isysroot/Library/Developer/CommandLineTools/SDKs/MacOSX15.sdk -arch arm64 -arch x86_64  -c -o src/libunixonacid/skaclient_zero.lo src/libunixonacid/skaclient_zero.c
exec /usr/bin/clang -D_POSIX_C_SOURCE=200809L -D_XOPEN_SOURCE=700 -Isrc/include -fPIC -Werror=implicit-function-declaration -Werror=implicit-int -Werror=pointer-sign -Werror=pointer-arith -Werror=incompatible-pointer-types -Werror=unguarded-availability -Wno-unused-value -Wno-parentheses -I/private/tmp/mp-skarnet.BQSnVP/prefix/include -isysroot/Library/Developer/CommandLineTools/SDKs/MacOSX15.sdk -pipe -Wall -std=c99 -fno-exceptions -fno-unwind-tables -fno-asynchronous-unwind-tables -ffunction-sections -fdata-sections -O2 -fomit-frame-pointer -pipe -Os -isysroot/Library/Developer/CommandLineTools/SDKs/MacOSX15.sdk -arch arm64 -arch x86_64  -c -o src/libunixonacid/textclient_command.lo src/libunixonacid/textclient_command.c
exec /usr/bin/clang -D_POSIX_C_SOURCE=200809L -D_XOPEN_SOURCE=700 -Isrc/include -fPIC -Werror=implicit-function-declaration -Werror=implicit-int -Werror=pointer-sign -Werror=pointer-arith -Werror=incompatible-pointer-types -Werror=unguarded-availability -Wno-unused-value -Wno-parentheses -I/private/tmp/mp-skarnet.BQSnVP/prefix/include -isysroot/Library/Developer/CommandLineTools/SDKs/MacOSX15.sdk -pipe -Wall -std=c99 -fno-exceptions -fno-unwind-tables -fno-asynchronous-unwind-tables -ffunction-sections -fdata-sections -O2 -fomit-frame-pointer -pipe -Os -isysroot/Library/Developer/CommandLineTools/SDKs/MacOSX15.sdk -arch arm64 -arch x86_64  -c -o src/libunixonacid/textclient_commandv.lo src/libunixonacid/textclient_commandv.c
exec /usr/bin/clang -D_POSIX_C_SOURCE=200809L -D_XOPEN_SOURCE=700 -Isrc/include -fPIC -Werror=implicit-function-declaration -Werror=implicit-int -Werror=pointer-sign -Werror=pointer-arith -Werror=incompatible-pointer-types -Werror=unguarded-availability -Wno-unused-value -Wno-parentheses -I/private/tmp/mp-skarnet.BQSnVP/prefix/include -isysroot/Library/Developer/CommandLineTools/SDKs/MacOSX15.sdk -pipe -Wall -std=c99 -fno-exceptions -fno-unwind-tables -fno-asynchronous-unwind-tables -ffunction-sections -fdata-sections -O2 -fomit-frame-pointer -pipe -Os -isysroot/Library/Developer/CommandLineTools/SDKs/MacOSX15.sdk -arch arm64 -arch x86_64  -c -o src/libunixonacid/textclient_end.lo src/libunixonacid/textclient_end.c
exec /usr/bin/clang -D_POSIX_C_SOURCE=200809L -D_XOPEN_SOURCE=700 -Isrc/include -fPIC -Werror=implicit-function-declaration -Werror=implicit-int -Werror=pointer-sign -Werror=pointer-arith -Werror=incompatible-pointer-types -Werror=unguarded-availability -Wno-unused-value -Wno-parentheses -I/private/tmp/mp-skarnet.BQSnVP/prefix/include -isysroot/Library/Developer/CommandLineTools/SDKs/MacOSX15.sdk -pipe -Wall -std=c99 -fno-exceptions -fno-unwind-tables -fno-asynchronous-unwind-tables -ffunction-sections -fdata-sections -O2 -fomit-frame-pointer -pipe -Os -isysroot/Library/Developer/CommandLineTools/SDKs/MacOSX15.sdk -arch arm64 -arch x86_64  -c -o src/libunixonacid/textclient_server_init.lo src/libunixonacid/textclient_server_init.c
exec /usr/bin/clang -D_POSIX_C_SOURCE=200809L -D_XOPEN_SOURCE=700 -Isrc/include -fPIC -Werror=implicit-function-declaration -Werror=implicit-int -Werror=pointer-sign -Werror=pointer-arith -Werror=incompatible-pointer-types -Werror=unguarded-availability -Wno-unused-value -Wno-parentheses -I/private/tmp/mp-skarnet.BQSnVP/prefix/include -isysroot/Library/Developer/CommandLineTools/SDKs/MacOSX15.sdk -pipe -Wall -std=c99 -fno-exceptions -fno-unwind-tables -fno-asynchronous-unwind-tables -ffunction-sections -fdata-sections -O2 -fomit-frame-pointer -pipe -Os -isysroot/Library/Developer/CommandLineTools/SDKs/MacOSX15.sdk -arch arm64 -arch x86_64  -c -o src/libunixonacid/textclient_server_init_fromsocket.lo src/libunixonacid/textclient_server_init_fromsocket.c
exec /usr/bin/clang -D_POSIX_C_SOURCE=200809L -D_XOPEN_SOURCE=700 -Isrc/include -fPIC -Werror=implicit-function-declaration -Werror=implicit-int -Werror=pointer-sign -Werror=pointer-arith -Werror=incompatible-pointer-types -Werror=unguarded-availability -Wno-unused-value -Wno-parentheses -I/private/tmp/mp-skarnet.BQSnVP/prefix/include -isysroot/Library/Developer/CommandLineTools/SDKs/MacOSX15.sdk -pipe -Wall -std=c99 -fno-exceptions -fno-unwind-tables -fno-asynchronous-unwind-tables -ffunction-sections -fdata-sections -O2 -fomit-frame-pointer -pipe -Os -isysroot/Library/Developer/CommandLineTools/SDKs/MacOSX15.sdk -arch arm64 -arch x86_64  -c -o src/libunixonacid/textclient_start.lo src/libunixonacid/textclient_start.c
exec /usr/bin/clang -D_POSIX_C_SOURCE=200809L -D_XOPEN_SOURCE=700 -Isrc/include -fPIC -Werror=implicit-function-declaration -Werror=implicit-int -Werror=pointer-sign -Werror=pointer-arith -Werror=incompatible-pointer-types -Werror=unguarded-availability -Wno-unused-value -Wno-parentheses -I/private/tmp/mp-skarnet.BQSnVP/prefix/include -isysroot/Library/Developer/CommandLineTools/SDKs/MacOSX15.sdk -pipe -Wall -std=c99 -fno-exceptions -fno-unwind-tables -fno-asynchronous-unwind-tables -ffunction-sections -fdata-sections -O2 -fomit-frame-pointer -pipe -Os -isysroot/Library/Developer/CommandLineTools/SDKs/MacOSX15.sdk -arch arm64 -arch x86_64  -c -o src/libunixonacid/textclient_startf.lo src/libunixonacid/textclient_startf.c
exec /usr/bin/clang -D_POSIX_C_SOURCE=200809L -D_XOPEN_SOURCE=700 -Isrc/include -fPIC -Werror=implicit-function-declaration -Werror=implicit-int -Werror=pointer-sign -Werror=pointer-arith -Werror=incompatible-pointer-types -Werror=unguarded-availability -Wno-unused-value -Wno-parentheses -I/private/tmp/mp-skarnet.BQSnVP/prefix/include -isysroot/Library/Developer/CommandLineTools/SDKs/MacOSX15.sdk -pipe -Wall -std=c99 -fno-exceptions -fno-unwind-tables -fno-asynchronous-unwind-tables -ffunction-sections -fdata-sections -O2 -fomit-frame-pointer -pipe -Os -isysroot/Library/Developer/CommandLineTools/SDKs/MacOSX15.sdk -arch arm64 -arch x86_64  -c -o src/libunixonacid/textclient_zero.lo src/libunixonacid/textclient_zero.c
exec /usr/bin/clang -D_POSIX_C_SOURCE=200809L -D_XOPEN_SOURCE=700 -Isrc/include -fPIC -Werror=implicit-function-declaration -Werror=implicit-int -Werror=pointer-sign -Werror=pointer-arith -Werror=incompatible-pointer-types -Werror=unguarded-availability -Wno-unused-value -Wno-parentheses -I/private/tmp/mp-skarnet.BQSnVP/prefix/include -isysroot/Library/Developer/CommandLineTools/SDKs/MacOSX15.sdk -pipe -Wall -std=c99 -fno-exceptions -fno-unwind-tables -fno-asynchronous-unwind-tables -ffunction-sections -fdata-sections -O2 -fomit-frame-pointer -pipe -Os -isysroot/Library/Developer/CommandLineTools/SDKs/MacOSX15.sdk -arch arm64 -arch x86_64  -c -o src/libunixonacid/textmessage_create_send_channel.lo src/libunixonacid/textmessage_create_send_channel.c
exec /usr/bin/clang -D_POSIX_C_SOURCE=200809L -D_XOPEN_SOURCE=700 -Isrc/include -fPIC -Werror=implicit-function-declaration -Werror=implicit-int -Werror=pointer-sign -Werror=pointer-arith -Werror=incompatible-pointer-types -Werror=unguarded-availability -Wno-unused-value -Wno-parentheses -I/private/tmp/mp-skarnet.BQSnVP/prefix/include -isysroot/Library/Developer/CommandLineTools/SDKs/MacOSX15.sdk -pipe -Wall -std=c99 -fno-exceptions -fno-unwind-tables -fno-asynchronous-unwind-tables -ffunction-sections -fdata-sections -O2 -fomit-frame-pointer -pipe -Os -isysroot/Library/Developer/CommandLineTools/SDKs/MacOSX15.sdk -arch arm64 -arch x86_64  -c -o src/libunixonacid/textmessage_handle.lo src/libunixonacid/textmessage_handle.c
exec /usr/bin/clang -D_POSIX_C_SOURCE=200809L -D_XOPEN_SOURCE=700 -Isrc/include -fPIC -Werror=implicit-function-declaration -Werror=implicit-int -Werror=pointer-sign -Werror=pointer-arith -Werror=incompatible-pointer-types -Werror=unguarded-availability -Wno-unused-value -Wno-parentheses -I/private/tmp/mp-skarnet.BQSnVP/prefix/include -isysroot/Library/Developer/CommandLineTools/SDKs/MacOSX15.sdk -pipe -Wall -std=c99 -fno-exceptions -fno-unwind-tables -fno-asynchronous-unwind-tables -ffunction-sections -fdata-sections -O2 -fomit-frame-pointer -pipe -Os -isysroot/Library/Developer/CommandLineTools/SDKs/MacOSX15.sdk -arch arm64 -arch x86_64  -c -o src/libunixonacid/textmessage_put.lo src/libunixonacid/textmessage_put.c
exec /usr/bin/clang -D_POSIX_C_SOURCE=200809L -D_XOPEN_SOURCE=700 -Isrc/include -fPIC -Werror=implicit-function-declaration -Werror=implicit-int -Werror=pointer-sign -Werror=pointer-arith -Werror=incompatible-pointer-types -Werror=unguarded-availability -Wno-unused-value -Wno-parentheses -I/private/tmp/mp-skarnet.BQSnVP/prefix/include -isysroot/Library/Developer/CommandLineTools/SDKs/MacOSX15.sdk -pipe -Wall -std=c99 -fno-exceptions -fno-unwind-tables -fno-asynchronous-unwind-tables -ffunction-sections -fdata-sections -O2 -fomit-frame-pointer -pipe -Os -isysroot/Library/Developer/CommandLineTools/SDKs/MacOSX15.sdk -arch arm64 -arch x86_64  -c -o src/libunixonacid/textmessage_putv.lo src/libunixonacid/textmessage_putv.c
exec /usr/bin/clang -D_POSIX_C_SOURCE=200809L -D_XOPEN_SOURCE=700 -Isrc/include -fPIC -Werror=implicit-function-declaration -Werror=implicit-int -Werror=pointer-sign -Werror=pointer-arith -Werror=incompatible-pointer-types -Werror=unguarded-availability -Wno-unused-value -Wno-parentheses -I/private/tmp/mp-skarnet.BQSnVP/prefix/include -isysroot/Library/Developer/CommandLineTools/SDKs/MacOSX15.sdk -pipe -Wall -std=c99 -fno-exceptions -fno-unwind-tables -fno-asynchronous-unwind-tables -ffunction-sections -fdata-sections -O2 -fomit-frame-pointer -pipe -Os -isysroot/Library/Developer/CommandLineTools/SDKs/MacOSX15.sdk -arch arm64 -arch x86_64  -c -o src/libunixonacid/textmessage_receive.lo src/libunixonacid/textmessage_receive.c
exec /usr/bin/clang -D_POSIX_C_SOURCE=200809L -D_XOPEN_SOURCE=700 -Isrc/include -fPIC -Werror=implicit-function-declaration -Werror=implicit-int -Werror=pointer-sign -Werror=pointer-arith -Werror=incompatible-pointer-types -Werror=unguarded-availability -Wno-unused-value -Wno-parentheses -I/private/tmp/mp-skarnet.BQSnVP/prefix/include -isysroot/Library/Developer/CommandLineTools/SDKs/MacOSX15.sdk -pipe -Wall -std=c99 -fno-exceptions -fno-unwind-tables -fno-asynchronous-unwind-tables -ffunction-sections -fdata-sections -O2 -fomit-frame-pointer -pipe -Os -isysroot/Library/Developer/CommandLineTools/SDKs/MacOSX15.sdk -arch arm64 -arch x86_64  -c -o src/libunixonacid/textmessage_receiver_0.lo src/libunixonacid/textmessage_receiver_0.c
exec /usr/bin/clang -D_POSIX_C_SOURCE=200809L -D_XOPEN_SOURCE=700 -Isrc/include -fPIC -Werror=implicit-function-declaration -Werror=implicit-int -Werror=pointer-sign -Werror=pointer-arith -Werror=incompatible-pointer-types -Werror=unguarded-availability -Wno-unused-value -Wno-parentheses -I/private/tmp/mp-skarnet.BQSnVP/prefix/include -isysroot/Library/Developer/CommandLineTools/SDKs/MacOSX15.sdk -pipe -Wall -std=c99 -fno-exceptions -fno-unwind-tables -fno-asynchronous-unwind-tables -ffunction-sections -fdata-sections -O2 -fomit-frame-pointer -pipe -Os -isysroot/Library/Developer/CommandLineTools/SDKs/MacOSX15.sdk -arch arm64 -arch x86_64  -c -o src/libunixonacid/textmessage_receiver_free.lo src/libunixonacid/textmessage_receiver_free.c
exec /usr/bin/clang -D_POSIX_C_SOURCE=200809L -D_XOPEN_SOURCE=700 -Isrc/include -fPIC -Werror=implicit-function-declaration -Werror=implicit-int -Werror=pointer-sign -Werror=pointer-arith -Werror=incompatible-pointer-types -Werror=unguarded-availability -Wno-unused-value -Wno-parentheses -I/private/tmp/mp-skarnet.BQSnVP/prefix/include -isysroot/Library/Developer/CommandLineTools/SDKs/MacOSX15.sdk -pipe -Wall -std=c99 -fno-exceptions -fno-unwind-tables -fno-asynchronous-unwind-tables -ffunction-sections -fdata-sections -O2 -fomit-frame-pointer -pipe -Os -isysroot/Library/Developer/CommandLineTools/SDKs/MacOSX15.sdk -arch arm64 -arch x86_64  -c -o src/libunixonacid/textmessage_receiver_hasmsginbuf.lo src/libunixonacid/textmessage_receiver_hasmsginbuf.c
exec /usr/bin/clang -D_POSIX_C_SOURCE=200809L -D_XOPEN_SOURCE=700 -Isrc/include -fPIC -Werror=implicit-function-declaration -Werror=implicit-int -Werror=pointer-sign -Werror=pointer-arith -Werror=incompatible-pointer-types -Werror=unguarded-availability -Wno-unused-value -Wno-parentheses -I/private/tmp/mp-skarnet.BQSnVP/prefix/include -isysroot/Library/Developer/CommandLineTools/SDKs/MacOSX15.sdk -pipe -Wall -std=c99 -fno-exceptions -fno-unwind-tables -fno-asynchronous-unwind-tables -ffunction-sections -fdata-sections -O2 -fomit-frame-pointer -pipe -Os -isysroot/Library/Developer/CommandLineTools/SDKs/MacOSX15.sdk -arch arm64 -arch x86_64  -c -o src/libunixonacid/textmessage_receiver_init.lo src/libunixonacid/textmessage_receiver_init.c
exec /usr/bin/clang -D_POSIX_C_SOURCE=200809L -D_XOPEN_SOURCE=700 -Isrc/include -fPIC -Werror=implicit-function-declaration -Werror=implicit-int -Werror=pointer-sign -Werror=pointer-arith -Werror=incompatible-pointer-types -Werror=unguarded-availability -Wno-unused-value -Wno-parentheses -I/private/tmp/mp-skarnet.BQSnVP/prefix/include -isysroot/Library/Developer/CommandLineTools/SDKs/MacOSX15.sdk -pipe -Wall -std=c99 -fno-exceptions -fno-unwind-tables -fno-asynchronous-unwind-tables -ffunction-sections -fdata-sections -O2 -fomit-frame-pointer -pipe -Os -isysroot/Library/Developer/CommandLineTools/SDKs/MacOSX15.sdk -arch arm64 -arch x86_64  -c -o src/libunixonacid/textmessage_receiver_zero.lo src/libunixonacid/textmessage_receiver_zero.c
exec /usr/bin/clang -D_POSIX_C_SOURCE=200809L -D_XOPEN_SOURCE=700 -Isrc/include -fPIC -Werror=implicit-function-declaration -Werror=implicit-int -Werror=pointer-sign -Werror=pointer-arith -Werror=incompatible-pointer-types -Werror=unguarded-availability -Wno-unused-value -Wno-parentheses -I/private/tmp/mp-skarnet.BQSnVP/prefix/include -isysroot/Library/Developer/CommandLineTools/SDKs/MacOSX15.sdk -pipe -Wall -std=c99 -fno-exceptions -fno-unwind-tables -fno-asynchronous-unwind-tables -ffunction-sections -fdata-sections -O2 -fomit-frame-pointer -pipe -Os -isysroot/Library/Developer/CommandLineTools/SDKs/MacOSX15.sdk -arch arm64 -arch x86_64  -c -o src/libunixonacid/textmessage_recv_channel.lo src/libunixonacid/textmessage_recv_channel.c
exec /usr/bin/clang -D_POSIX_C_SOURCE=200809L -D_XOPEN_SOURCE=700 -Isrc/include -fPIC -Werror=implicit-function-declaration -Werror=implicit-int -Werror=pointer-sign -Werror=pointer-arith -Werror=incompatible-pointer-types -Werror=unguarded-availability -Wno-unused-value -Wno-parentheses -I/private/tmp/mp-skarnet.BQSnVP/prefix/include -isysroot/Library/Developer/CommandLineTools/SDKs/MacOSX15.sdk -pipe -Wall -std=c99 -fno-exceptions -fno-unwind-tables -fno-asynchronous-unwind-tables -ffunction-sections -fdata-sections -O2 -fomit-frame-pointer -pipe -Os -isysroot/Library/Developer/CommandLineTools/SDKs/MacOSX15.sdk -arch arm64 -arch x86_64  -c -o src/libunixonacid/textmessage_sender_1.lo src/libunixonacid/textmessage_sender_1.c
exec /usr/bin/clang -D_POSIX_C_SOURCE=200809L -D_XOPEN_SOURCE=700 -Isrc/include -fPIC -Werror=implicit-function-declaration -Werror=implicit-int -Werror=pointer-sign -Werror=pointer-arith -Werror=incompatible-pointer-types -Werror=unguarded-availability -Wno-unused-value -Wno-parentheses -I/private/tmp/mp-skarnet.BQSnVP/prefix/include -isysroot/Library/Developer/CommandLineTools/SDKs/MacOSX15.sdk -pipe -Wall -std=c99 -fno-exceptions -fno-unwind-tables -fno-asynchronous-unwind-tables -ffunction-sections -fdata-sections -O2 -fomit-frame-pointer -pipe -Os -isysroot/Library/Developer/CommandLineTools/SDKs/MacOSX15.sdk -arch arm64 -arch x86_64  -c -o src/libunixonacid/textmessage_sender_flush.lo src/libunixonacid/textmessage_sender_flush.c
exec /usr/bin/clang -D_POSIX_C_SOURCE=200809L -D_XOPEN_SOURCE=700 -Isrc/include -fPIC -Werror=implicit-function-declaration -Werror=implicit-int -Werror=pointer-sign -Werror=pointer-arith -Werror=incompatible-pointer-types -Werror=unguarded-availability -Wno-unused-value -Wno-parentheses -I/private/tmp/mp-skarnet.BQSnVP/prefix/include -isysroot/Library/Developer/CommandLineTools/SDKs/MacOSX15.sdk -pipe -Wall -std=c99 -fno-exceptions -fno-unwind-tables -fno-asynchronous-unwind-tables -ffunction-sections -fdata-sections -O2 -fomit-frame-pointer -pipe -Os -isysroot/Library/Developer/CommandLineTools/SDKs/MacOSX15.sdk -arch arm64 -arch x86_64  -c -o src/libunixonacid/textmessage_sender_getfd.lo src/libunixonacid/textmessage_sender_getfd.c
exec /usr/bin/clang -D_POSIX_C_SOURCE=200809L -D_XOPEN_SOURCE=700 -Isrc/include -fPIC -Werror=implicit-function-declaration -Werror=implicit-int -Werror=pointer-sign -Werror=pointer-arith -Werror=incompatible-pointer-types -Werror=unguarded-availability -Wno-unused-value -Wno-parentheses -I/private/tmp/mp-skarnet.BQSnVP/prefix/include -isysroot/Library/Developer/CommandLineTools/SDKs/MacOSX15.sdk -pipe -Wall -std=c99 -fno-exceptions -fno-unwind-tables -fno-asynchronous-unwind-tables -ffunction-sections -fdata-sections -O2 -fomit-frame-pointer -pipe -Os -isysroot/Library/Developer/CommandLineTools/SDKs/MacOSX15.sdk -arch arm64 -arch x86_64  -c -o src/libunixonacid/textmessage_sender_timed_flush.lo src/libunixonacid/textmessage_sender_timed_flush.c
exec /usr/bin/clang -D_POSIX_C_SOURCE=200809L -D_XOPEN_SOURCE=700 -Isrc/include -fPIC -Werror=implicit-function-declaration -Werror=implicit-int -Werror=pointer-sign -Werror=pointer-arith -Werror=incompatible-pointer-types -Werror=unguarded-availability -Wno-unused-value -Wno-parentheses -I/private/tmp/mp-skarnet.BQSnVP/prefix/include -isysroot/Library/Developer/CommandLineTools/SDKs/MacOSX15.sdk -pipe -Wall -std=c99 -fno-exceptions -fno-unwind-tables -fno-asynchronous-unwind-tables -ffunction-sections -fdata-sections -O2 -fomit-frame-pointer -pipe -Os -isysroot/Library/Developer/CommandLineTools/SDKs/MacOSX15.sdk -arch arm64 -arch x86_64  -c -o src/libunixonacid/textmessage_sender_x.lo src/libunixonacid/textmessage_sender_x.c
exec /usr/bin/clang -D_POSIX_C_SOURCE=200809L -D_XOPEN_SOURCE=700 -Isrc/include -fPIC -Werror=implicit-function-declaration -Werror=implicit-int -Werror=pointer-sign -Werror=pointer-arith -Werror=incompatible-pointer-types -Werror=unguarded-availability -Wno-unused-value -Wno-parentheses -I/private/tmp/mp-skarnet.BQSnVP/prefix/include -isysroot/Library/Developer/CommandLineTools/SDKs/MacOSX15.sdk -pipe -Wall -std=c99 -fno-exceptions -fno-unwind-tables -fno-asynchronous-unwind-tables -ffunction-sections -fdata-sections -O2 -fomit-frame-pointer -pipe -Os -isysroot/Library/Developer/CommandLineTools/SDKs/MacOSX15.sdk -arch arm64 -arch x86_64  -c -o src/libunixonacid/textmessage_sender_zero.lo src/libunixonacid/textmessage_sender_zero.c
exec /usr/bin/clang -D_POSIX_C_SOURCE=200809L -D_XOPEN_SOURCE=700 -Isrc/include -fPIC -Werror=implicit-function-declaration -Werror=implicit-int -Werror=pointer-sign -Werror=pointer-arith -Werror=incompatible-pointer-types -Werror=unguarded-availability -Wno-unused-value -Wno-parentheses -I/private/tmp/mp-skarnet.BQSnVP/prefix/include -isysroot/Library/Developer/CommandLineTools/SDKs/MacOSX15.sdk -pipe -Wall -std=c99 -fno-exceptions -fno-unwind-tables -fno-asynchronous-unwind-tables -ffunction-sections -fdata-sections -O2 -fomit-frame-pointer -pipe -Os -isysroot/Library/Developer/CommandLineTools/SDKs/MacOSX15.sdk -arch arm64 -arch x86_64  -c -o src/libunixonacid/textmessage_timed_handle.lo src/libunixonacid/textmessage_timed_handle.c
exec /usr/bin/clang -D_POSIX_C_SOURCE=200809L -D_XOPEN_SOURCE=700 -Isrc/include -fPIC -Werror=implicit-function-declaration -Werror=implicit-int -Werror=pointer-sign -Werror=pointer-arith -Werror=incompatible-pointer-types -Werror=unguarded-availability -Wno-unused-value -Wno-parentheses -I/private/tmp/mp-skarnet.BQSnVP/prefix/include -isysroot/Library/Developer/CommandLineTools/SDKs/MacOSX15.sdk -pipe -Wall -std=c99 -fno-exceptions -fno-unwind-tables -fno-asynchronous-unwind-tables -ffunction-sections -fdata-sections -O2 -fomit-frame-pointer -pipe -Os -isysroot/Library/Developer/CommandLineTools/SDKs/MacOSX15.sdk -arch arm64 -arch x86_64  -c -o src/libunixonacid/textmessage_timed_receive.lo src/libunixonacid/textmessage_timed_receive.c
exec /usr/bin/clang -D_POSIX_C_SOURCE=200809L -D_XOPEN_SOURCE=700 -Isrc/include -fPIC -Werror=implicit-function-declaration -Werror=implicit-int -Werror=pointer-sign -Werror=pointer-arith -Werror=incompatible-pointer-types -Werror=unguarded-availability -Wno-unused-value -Wno-parentheses -I/private/tmp/mp-skarnet.BQSnVP/prefix/include -isysroot/Library/Developer/CommandLineTools/SDKs/MacOSX15.sdk -pipe -Wall -std=c99 -fno-exceptions -fno-unwind-tables -fno-asynchronous-unwind-tables -ffunction-sections -fdata-sections -O2 -fomit-frame-pointer -pipe -Os -isysroot/Library/Developer/CommandLineTools/SDKs/MacOSX15.sdk -arch arm64 -arch x86_64  -c -o src/libunixonacid/timed_flush.lo src/libunixonacid/timed_flush.c
exec /usr/bin/clang -D_POSIX_C_SOURCE=200809L -D_XOPEN_SOURCE=700 -Isrc/include -fPIC -Werror=implicit-function-declaration -Werror=implicit-int -Werror=pointer-sign -Werror=pointer-arith -Werror=incompatible-pointer-types -Werror=unguarded-availability -Wno-unused-value -Wno-parentheses -I/private/tmp/mp-skarnet.BQSnVP/prefix/include -isysroot/Library/Developer/CommandLineTools/SDKs/MacOSX15.sdk -pipe -Wall -std=c99 -fno-exceptions -fno-unwind-tables -fno-asynchronous-unwind-tables -ffunction-sections -fdata-sections -O2 -fomit-frame-pointer -pipe -Os -isysroot/Library/Developer/CommandLineTools/SDKs/MacOSX15.sdk -arch arm64 -arch x86_64  -c -o src/libunixonacid/timed_get.lo src/libunixonacid/timed_get.c
exec /usr/bin/clang -D_POSIX_C_SOURCE=200809L -D_XOPEN_SOURCE=700 -Isrc/include -fPIC -Werror=implicit-function-declaration -Werror=implicit-int -Werror=pointer-sign -Werror=pointer-arith -Werror=incompatible-pointer-types -Werror=unguarded-availability -Wno-unused-value -Wno-parentheses -I/private/tmp/mp-skarnet.BQSnVP/prefix/include -isysroot/Library/Developer/CommandLineTools/SDKs/MacOSX15.sdk -pipe -Wall -std=c99 -fno-exceptions -fno-unwind-tables -fno-asynchronous-unwind-tables -ffunction-sections -fdata-sections -O2 -fomit-frame-pointer -pipe -Os -isysroot/Library/Developer/CommandLineTools/SDKs/MacOSX15.sdk -arch arm64 -arch x86_64  -c -o src/libunixonacid/timed_getln.lo src/libunixonacid/timed_getln.c
exec /usr/bin/clang -D_POSIX_C_SOURCE=200809L -D_XOPEN_SOURCE=700 -Isrc/include -fPIC -Werror=implicit-function-declaration -Werror=implicit-int -Werror=pointer-sign -Werror=pointer-arith -Werror=incompatible-pointer-types -Werror=unguarded-availability -Wno-unused-value -Wno-parentheses -I/private/tmp/mp-skarnet.BQSnVP/prefix/include -isysroot/Library/Developer/CommandLineTools/SDKs/MacOSX15.sdk -pipe -Wall -std=c99 -fno-exceptions -fno-unwind-tables -fno-asynchronous-unwind-tables -ffunction-sections -fdata-sections -O2 -fomit-frame-pointer -pipe -Os -isysroot/Library/Developer/CommandLineTools/SDKs/MacOSX15.sdk -arch arm64 -arch x86_64  -c -o src/libunixonacid/timed_getlnmax.lo src/libunixonacid/timed_getlnmax.c
exec /usr/bin/clang -D_POSIX_C_SOURCE=200809L -D_XOPEN_SOURCE=700 -Isrc/include -fPIC -Werror=implicit-function-declaration -Werror=implicit-int -Werror=pointer-sign -Werror=pointer-arith -Werror=incompatible-pointer-types -Werror=unguarded-availability -Wno-unused-value -Wno-parentheses -I/private/tmp/mp-skarnet.BQSnVP/prefix/include -isysroot/Library/Developer/CommandLineTools/SDKs/MacOSX15.sdk -pipe -Wall -std=c99 -fno-exceptions -fno-unwind-tables -fno-asynchronous-unwind-tables -ffunction-sections -fdata-sections -O2 -fomit-frame-pointer -pipe -Os -isysroot/Library/Developer/CommandLineTools/SDKs/MacOSX15.sdk -arch arm64 -arch x86_64  -c -o src/libunixonacid/timed_read.lo src/libunixonacid/timed_read.c
exec /usr/bin/clang -D_POSIX_C_SOURCE=200809L -D_XOPEN_SOURCE=700 -Isrc/include -fPIC -Werror=implicit-function-declaration -Werror=implicit-int -Werror=pointer-sign -Werror=pointer-arith -Werror=incompatible-pointer-types -Werror=unguarded-availability -Wno-unused-value -Wno-parentheses -I/private/tmp/mp-skarnet.BQSnVP/prefix/include -isysroot/Library/Developer/CommandLineTools/SDKs/MacOSX15.sdk -pipe -Wall -std=c99 -fno-exceptions -fno-unwind-tables -fno-asynchronous-unwind-tables -ffunction-sections -fdata-sections -O2 -fomit-frame-pointer -pipe -Os -isysroot/Library/Developer/CommandLineTools/SDKs/MacOSX15.sdk -arch arm64 -arch x86_64  -c -o src/libunixonacid/timed_readv.lo src/libunixonacid/timed_readv.c
exec /usr/bin/clang -D_POSIX_C_SOURCE=200809L -D_XOPEN_SOURCE=700 -Isrc/include -fPIC -Werror=implicit-function-declaration -Werror=implicit-int -Werror=pointer-sign -Werror=pointer-arith -Werror=incompatible-pointer-types -Werror=unguarded-availability -Wno-unused-value -Wno-parentheses -I/private/tmp/mp-skarnet.BQSnVP/prefix/include -isysroot/Library/Developer/CommandLineTools/SDKs/MacOSX15.sdk -pipe -Wall -std=c99 -fno-exceptions -fno-unwind-tables -fno-asynchronous-unwind-tables -ffunction-sections -fdata-sections -O2 -fomit-frame-pointer -pipe -Os -isysroot/Library/Developer/CommandLineTools/SDKs/MacOSX15.sdk -arch arm64 -arch x86_64  -c -o src/libunixonacid/timed_write.lo src/libunixonacid/timed_write.c
exec /usr/bin/clang -D_POSIX_C_SOURCE=200809L -D_XOPEN_SOURCE=700 -Isrc/include -fPIC -Werror=implicit-function-declaration -Werror=implicit-int -Werror=pointer-sign -Werror=pointer-arith -Werror=incompatible-pointer-types -Werror=unguarded-availability -Wno-unused-value -Wno-parentheses -I/private/tmp/mp-skarnet.BQSnVP/prefix/include -isysroot/Library/Developer/CommandLineTools/SDKs/MacOSX15.sdk -pipe -Wall -std=c99 -fno-exceptions -fno-unwind-tables -fno-asynchronous-unwind-tables -ffunction-sections -fdata-sections -O2 -fomit-frame-pointer -pipe -Os -isysroot/Library/Developer/CommandLineTools/SDKs/MacOSX15.sdk -arch arm64 -arch x86_64  -c -o src/libunixonacid/timed_writev.lo src/libunixonacid/timed_writev.c
exec /usr/bin/clang -D_POSIX_C_SOURCE=200809L -D_XOPEN_SOURCE=700 -Isrc/include -fPIC -Werror=implicit-function-declaration -Werror=implicit-int -Werror=pointer-sign -Werror=pointer-arith -Werror=incompatible-pointer-types -Werror=unguarded-availability -Wno-unused-value -Wno-parentheses -I/private/tmp/mp-skarnet.BQSnVP/prefix/include -isysroot/Library/Developer/CommandLineTools/SDKs/MacOSX15.sdk -pipe -Wall -std=c99 -fno-exceptions -fno-unwind-tables -fno-asynchronous-unwind-tables -ffunction-sections -fdata-sections -O2 -fomit-frame-pointer -pipe -Os -isysroot/Library/Developer/CommandLineTools/SDKs/MacOSX15.sdk -arch arm64 -arch x86_64  -c -o src/libunixonacid/unixconnection_free.lo src/libunixonacid/unixconnection_free.c
exec /usr/bin/clang -D_POSIX_C_SOURCE=200809L -D_XOPEN_SOURCE=700 -Isrc/include -fPIC -Werror=implicit-function-declaration -Werror=implicit-int -Werror=pointer-sign -Werror=pointer-arith -Werror=incompatible-pointer-types -Werror=unguarded-availability -Wno-unused-value -Wno-parentheses -I/private/tmp/mp-skarnet.BQSnVP/prefix/include -isysroot/Library/Developer/CommandLineTools/SDKs/MacOSX15.sdk -pipe -Wall -std=c99 -fno-exceptions -fno-unwind-tables -fno-asynchronous-unwind-tables -ffunction-sections -fdata-sections -O2 -fomit-frame-pointer -pipe -Os -isysroot/Library/Developer/CommandLineTools/SDKs/MacOSX15.sdk -arch arm64 -arch x86_64  -c -o src/libunixonacid/unixconnection_init.lo src/libunixonacid/unixconnection_init.c
exec /usr/bin/clang -D_POSIX_C_SOURCE=200809L -D_XOPEN_SOURCE=700 -Isrc/include -fPIC -Werror=implicit-function-declaration -Werror=implicit-int -Werror=pointer-sign -Werror=pointer-arith -Werror=incompatible-pointer-types -Werror=unguarded-availability -Wno-unused-value -Wno-parentheses -I/private/tmp/mp-skarnet.BQSnVP/prefix/include -isysroot/Library/Developer/CommandLineTools/SDKs/MacOSX15.sdk -pipe -Wall -std=c99 -fno-exceptions -fno-unwind-tables -fno-asynchronous-unwind-tables -ffunction-sections -fdata-sections -O2 -fomit-frame-pointer -pipe -Os -isysroot/Library/Developer/CommandLineTools/SDKs/MacOSX15.sdk -arch arm64 -arch x86_64  -c -o src/libunixonacid/unixconnection_init_withclosecb.lo src/libunixonacid/unixconnection_init_withclosecb.c
exec /usr/bin/clang -D_POSIX_C_SOURCE=200809L -D_XOPEN_SOURCE=700 -Isrc/include -fPIC -Werror=implicit-function-declaration -Werror=implicit-int -Werror=pointer-sign -Werror=pointer-arith -Werror=incompatible-pointer-types -Werror=unguarded-availability -Wno-unused-value -Wno-parentheses -I/private/tmp/mp-skarnet.BQSnVP/prefix/include -isysroot/Library/Developer/CommandLineTools/SDKs/MacOSX15.sdk -pipe -Wall -std=c99 -fno-exceptions -fno-unwind-tables -fno-asynchronous-unwind-tables -ffunction-sections -fdata-sections -O2 -fomit-frame-pointer -pipe -Os -isysroot/Library/Developer/CommandLineTools/SDKs/MacOSX15.sdk -arch arm64 -arch x86_64  -c -o src/libunixonacid/unixconnection_zero.lo src/libunixonacid/unixconnection_zero.c
exec /usr/bin/clang -D_POSIX_C_SOURCE=200809L -D_XOPEN_SOURCE=700 -Isrc/include -fPIC -Werror=implicit-function-declaration -Werror=implicit-int -Werror=pointer-sign -Werror=pointer-arith -Werror=incompatible-pointer-types -Werror=unguarded-availability -Wno-unused-value -Wno-parentheses -I/private/tmp/mp-skarnet.BQSnVP/prefix/include -isysroot/Library/Developer/CommandLineTools/SDKs/MacOSX15.sdk -pipe -Wall -std=c99 -fno-exceptions -fno-unwind-tables -fno-asynchronous-unwind-tables -ffunction-sections -fdata-sections -O2 -fomit-frame-pointer -pipe -Os -isysroot/Library/Developer/CommandLineTools/SDKs/MacOSX15.sdk -arch arm64 -arch x86_64  -c -o src/libunixonacid/unixmessage_bits_closeall.lo src/libunixonacid/unixmessage_bits_closeall.c
exec /usr/bin/clang -D_POSIX_C_SOURCE=200809L -D_XOPEN_SOURCE=700 -Isrc/include -fPIC -Werror=implicit-function-declaration -Werror=implicit-int -Werror=pointer-sign -Werror=pointer-arith -Werror=incompatible-pointer-types -Werror=unguarded-availability -Wno-unused-value -Wno-parentheses -I/private/tmp/mp-skarnet.BQSnVP/prefix/include -isysroot/Library/Developer/CommandLineTools/SDKs/MacOSX15.sdk -pipe -Wall -std=c99 -fno-exceptions -fno-unwind-tables -fno-asynchronous-unwind-tables -ffunction-sections -fdata-sections -O2 -fomit-frame-pointer -pipe -Os -isysroot/Library/Developer/CommandLineTools/SDKs/MacOSX15.sdk -arch arm64 -arch x86_64  -c -o src/libunixonacid/unixmessage_bits_closenone.lo src/libunixonacid/unixmessage_bits_closenone.c
exec /usr/bin/clang -D_POSIX_C_SOURCE=200809L -D_XOPEN_SOURCE=700 -Isrc/include -fPIC -Werror=implicit-function-declaration -Werror=implicit-int -Werror=pointer-sign -Werror=pointer-arith -Werror=incompatible-pointer-types -Werror=unguarded-availability -Wno-unused-value -Wno-parentheses -I/private/tmp/mp-skarnet.BQSnVP/prefix/include -isysroot/Library/Developer/CommandLineTools/SDKs/MacOSX15.sdk -pipe -Wall -std=c99 -fno-exceptions -fno-unwind-tables -fno-asynchronous-unwind-tables -ffunction-sections -fdata-sections -O2 -fomit-frame-pointer -pipe -Os -isysroot/Library/Developer/CommandLineTools/SDKs/MacOSX15.sdk -arch arm64 -arch x86_64  -c -o src/libunixonacid/unixmessage_drop.lo src/libunixonacid/unixmessage_drop.c
exec /usr/bin/clang -D_POSIX_C_SOURCE=200809L -D_XOPEN_SOURCE=700 -Isrc/include -fPIC -Werror=implicit-function-declaration -Werror=implicit-int -Werror=pointer-sign -Werror=pointer-arith -Werror=incompatible-pointer-types -Werror=unguarded-availability -Wno-unused-value -Wno-parentheses -I/private/tmp/mp-skarnet.BQSnVP/prefix/include -isysroot/Library/Developer/CommandLineTools/SDKs/MacOSX15.sdk -pipe -Wall -std=c99 -fno-exceptions -fno-unwind-tables -fno-asynchronous-unwind-tables -ffunction-sections -fdata-sections -O2 -fomit-frame-pointer -pipe -Os -isysroot/Library/Developer/CommandLineTools/SDKs/MacOSX15.sdk -arch arm64 -arch x86_64  -c -o src/libunixonacid/unixmessage_handle.lo src/libunixonacid/unixmessage_handle.c
exec /usr/bin/clang -D_POSIX_C_SOURCE=200809L -D_XOPEN_SOURCE=700 -Isrc/include -fPIC -Werror=implicit-function-declaration -Werror=implicit-int -Werror=pointer-sign -Werror=pointer-arith -Werror=incompatible-pointer-types -Werror=unguarded-availability -Wno-unused-value -Wno-parentheses -I/private/tmp/mp-skarnet.BQSnVP/prefix/include -isysroot/Library/Developer/CommandLineTools/SDKs/MacOSX15.sdk -pipe -Wall -std=c99 -fno-exceptions -fno-unwind-tables -fno-asynchronous-unwind-tables -ffunction-sections -fdata-sections -O2 -fomit-frame-pointer -pipe -Os -isysroot/Library/Developer/CommandLineTools/SDKs/MacOSX15.sdk -arch arm64 -arch x86_64  -c -o src/libunixonacid/unixmessage_put.lo src/libunixonacid/unixmessage_put.c
exec /usr/bin/clang -D_POSIX_C_SOURCE=200809L -D_XOPEN_SOURCE=700 -Isrc/include -fPIC -Werror=implicit-function-declaration -Werror=implicit-int -Werror=pointer-sign -Werror=pointer-arith -Werror=incompatible-pointer-types -Werror=unguarded-availability -Wno-unused-value -Wno-parentheses -I/private/tmp/mp-skarnet.BQSnVP/prefix/include -isysroot/Library/Developer/CommandLineTools/SDKs/MacOSX15.sdk -pipe -Wall -std=c99 -fno-exceptions -fno-unwind-tables -fno-asynchronous-unwind-tables -ffunction-sections -fdata-sections -O2 -fomit-frame-pointer -pipe -Os -isysroot/Library/Developer/CommandLineTools/SDKs/MacOSX15.sdk -arch arm64 -arch x86_64  -c -o src/libunixonacid/unixmessage_receive.lo src/libunixonacid/unixmessage_receive.c
exec /usr/bin/clang -D_POSIX_C_SOURCE=200809L -D_XOPEN_SOURCE=700 -Isrc/include -fPIC -Werror=implicit-function-declaration -Werror=implicit-int -Werror=pointer-sign -Werror=pointer-arith -Werror=incompatible-pointer-types -Werror=unguarded-availability -Wno-unused-value -Wno-parentheses -I/private/tmp/mp-skarnet.BQSnVP/prefix/include -isysroot/Library/Developer/CommandLineTools/SDKs/MacOSX15.sdk -pipe -Wall -std=c99 -fno-exceptions -fno-unwind-tables -fno-asynchronous-unwind-tables -ffunction-sections -fdata-sections -O2 -fomit-frame-pointer -pipe -Os -isysroot/Library/Developer/CommandLineTools/SDKs/MacOSX15.sdk -arch arm64 -arch x86_64  -c -o src/libunixonacid/unixmessage_receiver_0.lo src/libunixonacid/unixmessage_receiver_0.c
exec /usr/bin/clang -D_POSIX_C_SOURCE=200809L -D_XOPEN_SOURCE=700 -Isrc/include -fPIC -Werror=implicit-function-declaration -Werror=implicit-int -Werror=pointer-sign -Werror=pointer-arith -Werror=incompatible-pointer-types -Werror=unguarded-availability -Wno-unused-value -Wno-parentheses -I/private/tmp/mp-skarnet.BQSnVP/prefix/include -isysroot/Library/Developer/CommandLineTools/SDKs/MacOSX15.sdk -pipe -Wall -std=c99 -fno-exceptions -fno-unwind-tables -fno-asynchronous-unwind-tables -ffunction-sections -fdata-sections -O2 -fomit-frame-pointer -pipe -Os -isysroot/Library/Developer/CommandLineTools/SDKs/MacOSX15.sdk -arch arm64 -arch x86_64  -c -o src/libunixonacid/unixmessage_receiver_free.lo src/libunixonacid/unixmessage_receiver_free.c
exec /usr/bin/clang -D_POSIX_C_SOURCE=200809L -D_XOPEN_SOURCE=700 -Isrc/include -fPIC -Werror=implicit-function-declaration -Werror=implicit-int -Werror=pointer-sign -Werror=pointer-arith -Werror=incompatible-pointer-types -Werror=unguarded-availability -Wno-unused-value -Wno-parentheses -I/private/tmp/mp-skarnet.BQSnVP/prefix/include -isysroot/Library/Developer/CommandLineTools/SDKs/MacOSX15.sdk -pipe -Wall -std=c99 -fno-exceptions -fno-unwind-tables -fno-asynchronous-unwind-tables -ffunction-sections -fdata-sections -O2 -fomit-frame-pointer -pipe -Os -isysroot/Library/Developer/CommandLineTools/SDKs/MacOSX15.sdk -arch arm64 -arch x86_64  -c -o src/libunixonacid/unixmessage_receiver_hasmsginbuf.lo src/libunixonacid/unixmessage_receiver_hasmsginbuf.c
exec /usr/bin/clang -D_POSIX_C_SOURCE=200809L -D_XOPEN_SOURCE=700 -Isrc/include -fPIC -Werror=implicit-function-declaration -Werror=implicit-int -Werror=pointer-sign -Werror=pointer-arith -Werror=incompatible-pointer-types -Werror=unguarded-availability -Wno-unused-value -Wno-parentheses -I/private/tmp/mp-skarnet.BQSnVP/prefix/include -isysroot/Library/Developer/CommandLineTools/SDKs/MacOSX15.sdk -pipe -Wall -std=c99 -fno-exceptions -fno-unwind-tables -fno-asynchronous-unwind-tables -ffunction-sections -fdata-sections -O2 -fomit-frame-pointer -pipe -Os -isysroot/Library/Developer/CommandLineTools/SDKs/MacOSX15.sdk -arch arm64 -arch x86_64  -c -o src/libunixonacid/unixmessage_receiver_init.lo src/libunixonacid/unixmessage_receiver_init.c
exec /usr/bin/clang -D_POSIX_C_SOURCE=200809L -D_XOPEN_SOURCE=700 -Isrc/include -fPIC -Werror=implicit-function-declaration -Werror=implicit-int -Werror=pointer-sign -Werror=pointer-arith -Werror=incompatible-pointer-types -Werror=unguarded-availability -Wno-unused-value -Wno-parentheses -I/private/tmp/mp-skarnet.BQSnVP/prefix/include -isysroot/Library/Developer/CommandLineTools/SDKs/MacOSX15.sdk -pipe -Wall -std=c99 -fno-exceptions -fno-unwind-tables -fno-asynchronous-unwind-tables -ffunction-sections -fdata-sections -O2 -fomit-frame-pointer -pipe -Os -isysroot/Library/Developer/CommandLineTools/SDKs/MacOSX15.sdk -arch arm64 -arch x86_64  -c -o src/libunixonacid/unixmessage_sender_1.lo src/libunixonacid/unixmessage_sender_1.c
exec /usr/bin/clang -D_POSIX_C_SOURCE=200809L -D_XOPEN_SOURCE=700 -Isrc/include -fPIC -Werror=implicit-function-declaration -Werror=implicit-int -Werror=pointer-sign -Werror=pointer-arith -Werror=incompatible-pointer-types -Werror=unguarded-availability -Wno-unused-value -Wno-parentheses -I/private/tmp/mp-skarnet.BQSnVP/prefix/include -isysroot/Library/Developer/CommandLineTools/SDKs/MacOSX15.sdk -pipe -Wall -std=c99 -fno-exceptions -fno-unwind-tables -fno-asynchronous-unwind-tables -ffunction-sections -fdata-sections -O2 -fomit-frame-pointer -pipe -Os -isysroot/Library/Developer/CommandLineTools/SDKs/MacOSX15.sdk -arch arm64 -arch x86_64  -c -o src/libunixonacid/unixmessage_sender_closecb.lo src/libunixonacid/unixmessage_sender_closecb.c
exec /usr/bin/clang -D_POSIX_C_SOURCE=200809L -D_XOPEN_SOURCE=700 -Isrc/include -fPIC -Werror=implicit-function-declaration -Werror=implicit-int -Werror=pointer-sign -Werror=pointer-arith -Werror=incompatible-pointer-types -Werror=unguarded-availability -Wno-unused-value -Wno-parentheses -I/private/tmp/mp-skarnet.BQSnVP/prefix/include -isysroot/Library/Developer/CommandLineTools/SDKs/MacOSX15.sdk -pipe -Wall -std=c99 -fno-exceptions -fno-unwind-tables -fno-asynchronous-unwind-tables -ffunction-sections -fdata-sections -O2 -fomit-frame-pointer -pipe -Os -isysroot/Library/Developer/CommandLineTools/SDKs/MacOSX15.sdk -arch arm64 -arch x86_64  -c -o src/libunixonacid/unixmessage_sender_flush.lo src/libunixonacid/unixmessage_sender_flush.c
exec /usr/bin/clang -D_POSIX_C_SOURCE=200809L -D_XOPEN_SOURCE=700 -Isrc/include -fPIC -Werror=implicit-function-declaration -Werror=implicit-int -Werror=pointer-sign -Werror=pointer-arith -Werror=incompatible-pointer-types -Werror=unguarded-availability -Wno-unused-value -Wno-parentheses -I/private/tmp/mp-skarnet.BQSnVP/prefix/include -isysroot/Library/Developer/CommandLineTools/SDKs/MacOSX15.sdk -pipe -Wall -std=c99 -fno-exceptions -fno-unwind-tables -fno-asynchronous-unwind-tables -ffunction-sections -fdata-sections -O2 -fomit-frame-pointer -pipe -Os -isysroot/Library/Developer/CommandLineTools/SDKs/MacOSX15.sdk -arch arm64 -arch x86_64  -c -o src/libunixonacid/unixmessage_sender_free.lo src/libunixonacid/unixmessage_sender_free.c
exec /usr/bin/clang -D_POSIX_C_SOURCE=200809L -D_XOPEN_SOURCE=700 -Isrc/include -fPIC -Werror=implicit-function-declaration -Werror=implicit-int -Werror=pointer-sign -Werror=pointer-arith -Werror=incompatible-pointer-types -Werror=unguarded-availability -Wno-unused-value -Wno-parentheses -I/private/tmp/mp-skarnet.BQSnVP/prefix/include -isysroot/Library/Developer/CommandLineTools/SDKs/MacOSX15.sdk -pipe -Wall -std=c99 -fno-exceptions -fno-unwind-tables -fno-asynchronous-unwind-tables -ffunction-sections -fdata-sections -O2 -fomit-frame-pointer -pipe -Os -isysroot/Library/Developer/CommandLineTools/SDKs/MacOSX15.sdk -arch arm64 -arch x86_64  -c -o src/libunixonacid/unixmessage_sender_getfd.lo src/libunixonacid/unixmessage_sender_getfd.c
exec /usr/bin/clang -D_POSIX_C_SOURCE=200809L -D_XOPEN_SOURCE=700 -Isrc/include -fPIC -Werror=implicit-function-declaration -Werror=implicit-int -Werror=pointer-sign -Werror=pointer-arith -Werror=incompatible-pointer-types -Werror=unguarded-availability -Wno-unused-value -Wno-parentheses -I/private/tmp/mp-skarnet.BQSnVP/prefix/include -isysroot/Library/Developer/CommandLineTools/SDKs/MacOSX15.sdk -pipe -Wall -std=c99 -fno-exceptions -fno-unwind-tables -fno-asynchronous-unwind-tables -ffunction-sections -fdata-sections -O2 -fomit-frame-pointer -pipe -Os -isysroot/Library/Developer/CommandLineTools/SDKs/MacOSX15.sdk -arch arm64 -arch x86_64  -c -o src/libunixonacid/unixmessage_sender_init.lo src/libunixonacid/unixmessage_sender_init.c
exec /usr/bin/clang -D_POSIX_C_SOURCE=200809L -D_XOPEN_SOURCE=700 -Isrc/include -fPIC -Werror=implicit-function-declaration -Werror=implicit-int -Werror=pointer-sign -Werror=pointer-arith -Werror=incompatible-pointer-types -Werror=unguarded-availability -Wno-unused-value -Wno-parentheses -I/private/tmp/mp-skarnet.BQSnVP/prefix/include -isysroot/Library/Developer/CommandLineTools/SDKs/MacOSX15.sdk -pipe -Wall -std=c99 -fno-exceptions -fno-unwind-tables -fno-asynchronous-unwind-tables -ffunction-sections -fdata-sections -O2 -fomit-frame-pointer -pipe -Os -isysroot/Library/Developer/CommandLineTools/SDKs/MacOSX15.sdk -arch arm64 -arch x86_64  -c -o src/libunixonacid/unixmessage_sender_init_withclosecb.lo src/libunixonacid/unixmessage_sender_init_withclosecb.c
exec /usr/bin/clang -D_POSIX_C_SOURCE=200809L -D_XOPEN_SOURCE=700 -Isrc/include -fPIC -Werror=implicit-function-declaration -Werror=implicit-int -Werror=pointer-sign -Werror=pointer-arith -Werror=incompatible-pointer-types -Werror=unguarded-availability -Wno-unused-value -Wno-parentheses -I/private/tmp/mp-skarnet.BQSnVP/prefix/include -isysroot/Library/Developer/CommandLineTools/SDKs/MacOSX15.sdk -pipe -Wall -std=c99 -fno-exceptions -fno-unwind-tables -fno-asynchronous-unwind-tables -ffunction-sections -fdata-sections -O2 -fomit-frame-pointer -pipe -Os -isysroot/Library/Developer/CommandLineTools/SDKs/MacOSX15.sdk -arch arm64 -arch x86_64  -c -o src/libunixonacid/unixmessage_sender_timed_flush.lo src/libunixonacid/unixmessage_sender_timed_flush.c
exec /usr/bin/clang -D_POSIX_C_SOURCE=200809L -D_XOPEN_SOURCE=700 -Isrc/include -fPIC -Werror=implicit-function-declaration -Werror=implicit-int -Werror=pointer-sign -Werror=pointer-arith -Werror=incompatible-pointer-types -Werror=unguarded-availability -Wno-unused-value -Wno-parentheses -I/private/tmp/mp-skarnet.BQSnVP/prefix/include -isysroot/Library/Developer/CommandLineTools/SDKs/MacOSX15.sdk -pipe -Wall -std=c99 -fno-exceptions -fno-unwind-tables -fno-asynchronous-unwind-tables -ffunction-sections -fdata-sections -O2 -fomit-frame-pointer -pipe -Os -isysroot/Library/Developer/CommandLineTools/SDKs/MacOSX15.sdk -arch arm64 -arch x86_64  -c -o src/libunixonacid/unixmessage_sender_x.lo src/libunixonacid/unixmessage_sender_x.c
exec /usr/bin/clang -D_POSIX_C_SOURCE=200809L -D_XOPEN_SOURCE=700 -Isrc/include -fPIC -Werror=implicit-function-declaration -Werror=implicit-int -Werror=pointer-sign -Werror=pointer-arith -Werror=incompatible-pointer-types -Werror=unguarded-availability -Wno-unused-value -Wno-parentheses -I/private/tmp/mp-skarnet.BQSnVP/prefix/include -isysroot/Library/Developer/CommandLineTools/SDKs/MacOSX15.sdk -pipe -Wall -std=c99 -fno-exceptions -fno-unwind-tables -fno-asynchronous-unwind-tables -ffunction-sections -fdata-sections -O2 -fomit-frame-pointer -pipe -Os -isysroot/Library/Developer/CommandLineTools/SDKs/MacOSX15.sdk -arch arm64 -arch x86_64  -c -o src/libunixonacid/unixmessage_sender_zero.lo src/libunixonacid/unixmessage_sender_zero.c
exec /usr/bin/clang -D_POSIX_C_SOURCE=200809L -D_XOPEN_SOURCE=700 -Isrc/include -fPIC -Werror=implicit-function-declaration -Werror=implicit-int -Werror=pointer-sign -Werror=pointer-arith -Werror=incompatible-pointer-types -Werror=unguarded-availability -Wno-unused-value -Wno-parentheses -I/private/tmp/mp-skarnet.BQSnVP/prefix/include -isysroot/Library/Developer/CommandLineTools/SDKs/MacOSX15.sdk -pipe -Wall -std=c99 -fno-exceptions -fno-unwind-tables -fno-asynchronous-unwind-tables -ffunction-sections -fdata-sections -O2 -fomit-frame-pointer -pipe -Os -isysroot/Library/Developer/CommandLineTools/SDKs/MacOSX15.sdk -arch arm64 -arch x86_64  -c -o src/libunixonacid/unixmessage_timed_handle.lo src/libunixonacid/unixmessage_timed_handle.c
exec /usr/bin/clang -D_POSIX_C_SOURCE=200809L -D_XOPEN_SOURCE=700 -Isrc/include -fPIC -Werror=implicit-function-declaration -Werror=implicit-int -Werror=pointer-sign -Werror=pointer-arith -Werror=incompatible-pointer-types -Werror=unguarded-availability -Wno-unused-value -Wno-parentheses -I/private/tmp/mp-skarnet.BQSnVP/prefix/include -isysroot/Library/Developer/CommandLineTools/SDKs/MacOSX15.sdk -pipe -Wall -std=c99 -fno-exceptions -fno-unwind-tables -fno-asynchronous-unwind-tables -ffunction-sections -fdata-sections -O2 -fomit-frame-pointer -pipe -Os -isysroot/Library/Developer/CommandLineTools/SDKs/MacOSX15.sdk -arch arm64 -arch x86_64  -c -o src/libunixonacid/unixmessage_timed_receive.lo src/libunixonacid/unixmessage_timed_receive.c
exec /usr/bin/clang -D_POSIX_C_SOURCE=200809L -D_XOPEN_SOURCE=700 -Isrc/include -fPIC -Werror=implicit-function-declaration -Werror=implicit-int -Werror=pointer-sign -Werror=pointer-arith -Werror=incompatible-pointer-types -Werror=unguarded-availability -Wno-unused-value -Wno-parentheses -I/private/tmp/mp-skarnet.BQSnVP/prefix/include -isysroot/Library/Developer/CommandLineTools/SDKs/MacOSX15.sdk -pipe -Wall -std=c99 -fno-exceptions -fno-unwind-tables -fno-asynchronous-unwind-tables -ffunction-sections -fdata-sections -O2 -fomit-frame-pointer -pipe -Os -isysroot/Library/Developer/CommandLineTools/SDKs/MacOSX15.sdk -arch arm64 -arch x86_64  -c -o src/libunixonacid/unixmessage_unput.lo src/libunixonacid/unixmessage_unput.c
exec /usr/bin/clang -D_POSIX_C_SOURCE=200809L -D_XOPEN_SOURCE=700 -Isrc/include -fPIC -Werror=implicit-function-declaration -Werror=implicit-int -Werror=pointer-sign -Werror=pointer-arith -Werror=incompatible-pointer-types -Werror=unguarded-availability -Wno-unused-value -Wno-parentheses -I/private/tmp/mp-skarnet.BQSnVP/prefix/include -isysroot/Library/Developer/CommandLineTools/SDKs/MacOSX15.sdk -pipe -Wall -std=c99 -fno-exceptions -fno-unwind-tables -fno-asynchronous-unwind-tables -ffunction-sections -fdata-sections -O2 -fomit-frame-pointer -pipe -Os -isysroot/Library/Developer/CommandLineTools/SDKs/MacOSX15.sdk -arch arm64 -arch x86_64  -c -o src/libunixonacid/unixmessage_zero.lo src/libunixonacid/unixmessage_zero.c
exec /usr/bin/clang -D_POSIX_C_SOURCE=200809L -D_XOPEN_SOURCE=700 -Isrc/include -fPIC -Werror=implicit-function-declaration -Werror=implicit-int -Werror=pointer-sign -Werror=pointer-arith -Werror=incompatible-pointer-types -Werror=unguarded-availability -Wno-unused-value -Wno-parentheses -I/private/tmp/mp-skarnet.BQSnVP/prefix/include -isysroot/Library/Developer/CommandLineTools/SDKs/MacOSX15.sdk -pipe -Wall -std=c99 -fno-exceptions -fno-unwind-tables -fno-asynchronous-unwind-tables -ffunction-sections -fdata-sections -O2 -fomit-frame-pointer -pipe -Os -isysroot/Library/Developer/CommandLineTools/SDKs/MacOSX15.sdk -arch arm64 -arch x86_64  -c -o src/libunixonacid/unixmessagev_zero.lo src/libunixonacid/unixmessagev_zero.c
exec tools/gen-types.sh sysdeps.cfg/sysdeps size uid gid pid time dev ino > src/include/skalibs/types.h
exec /usr/bin/clang -D_POSIX_C_SOURCE=200809L -D_XOPEN_SOURCE=700 -Isrc/include -fPIC -Werror=implicit-function-declaration -Werror=implicit-int -Werror=pointer-sign -Werror=pointer-arith -Werror=incompatible-pointer-types -Werror=unguarded-availability -Wno-unused-value -Wno-parentheses -I/private/tmp/mp-skarnet.BQSnVP/prefix/include -isysroot/Library/Developer/CommandLineTools/SDKs/MacOSX15.sdk -pipe -Wall -std=c99 -fno-exceptions -fno-unwind-tables -fno-asynchronous-unwind-tables -ffunction-sections -fdata-sections -O2 -fomit-frame-pointer -pipe -Os -isysroot/Library/Developer/CommandLineTools/SDKs/MacOSX15.sdk -arch arm64 -arch x86_64  -c -o src/libstddjb/ip46_scan.lo src/libstddjb/ip46_scan.c
exec /usr/bin/clang -D_POSIX_C_SOURCE=200809L -D_XOPEN_SOURCE=700 -Isrc/include -fPIC -Werror=implicit-function-declaration -Werror=implicit-int -Werror=pointer-sign -Werror=pointer-arith -Werror=incompatible-pointer-types -Werror=unguarded-availability -Wno-unused-value -Wno-parentheses -I/private/tmp/mp-skarnet.BQSnVP/prefix/include -isysroot/Library/Developer/CommandLineTools/SDKs/MacOSX15.sdk -pipe -Wall -std=c99 -fno-exceptions -fno-unwind-tables -fno-asynchronous-unwind-tables -ffunction-sections -fdata-sections -O2 -fomit-frame-pointer -pipe -Os -isysroot/Library/Developer/CommandLineTools/SDKs/MacOSX15.sdk -arch arm64 -arch x86_64  -c -o src/libstddjb/ip46_scanlist.lo src/libstddjb/ip46_scanlist.c
exec /usr/bin/clang -D_POSIX_C_SOURCE=200809L -D_XOPEN_SOURCE=700 -Isrc/include -fPIC -Werror=implicit-function-declaration -Werror=implicit-int -Werror=pointer-sign -Werror=pointer-arith -Werror=incompatible-pointer-types -Werror=unguarded-availability -Wno-unused-value -Wno-parentheses -I/private/tmp/mp-skarnet.BQSnVP/prefix/include -isysroot/Library/Developer/CommandLineTools/SDKs/MacOSX15.sdk -pipe -Wall -std=c99 -fno-exceptions -fno-unwind-tables -fno-asynchronous-unwind-tables -ffunction-sections -fdata-sections -O2 -fomit-frame-pointer -pipe -Os -isysroot/Library/Developer/CommandLineTools/SDKs/MacOSX15.sdk -arch arm64 -arch x86_64  -c -o src/libenvexec/child_spawn.lo src/libenvexec/child_spawn.c
exec /usr/bin/clang -D_POSIX_C_SOURCE=200809L -D_XOPEN_SOURCE=700 -Isrc/include -fPIC -Werror=implicit-function-declaration -Werror=implicit-int -Werror=pointer-sign -Werror=pointer-arith -Werror=incompatible-pointer-types -Werror=unguarded-availability -Wno-unused-value -Wno-parentheses -I/private/tmp/mp-skarnet.BQSnVP/prefix/include -isysroot/Library/Developer/CommandLineTools/SDKs/MacOSX15.sdk -pipe -Wall -std=c99 -fno-exceptions -fno-unwind-tables -fno-asynchronous-unwind-tables -ffunction-sections -fdata-sections -O2 -fomit-frame-pointer -pipe -Os -isysroot/Library/Developer/CommandLineTools/SDKs/MacOSX15.sdk -arch arm64 -arch x86_64  -c -o src/libenvexec/child_spawn3.lo src/libenvexec/child_spawn3.c
exec /usr/bin/clang -D_POSIX_C_SOURCE=200809L -D_XOPEN_SOURCE=700 -Isrc/include -fPIC -Werror=implicit-function-declaration -Werror=implicit-int -Werror=pointer-sign -Werror=pointer-arith -Werror=incompatible-pointer-types -Werror=unguarded-availability -Wno-unused-value -Wno-parentheses -I/private/tmp/mp-skarnet.BQSnVP/prefix/include -isysroot/Library/Developer/CommandLineTools/SDKs/MacOSX15.sdk -pipe -Wall -std=c99 -fno-exceptions -fno-unwind-tables -fno-asynchronous-unwind-tables -ffunction-sections -fdata-sections -O2 -fomit-frame-pointer -pipe -Os -isysroot/Library/Developer/CommandLineTools/SDKs/MacOSX15.sdk -arch arm64 -arch x86_64  -c -o src/libenvexec/gcspawn.lo src/libenvexec/gcspawn.c
exec /usr/bin/clang -D_POSIX_C_SOURCE=200809L -D_XOPEN_SOURCE=700 -Isrc/include -fPIC -Werror=implicit-function-declaration -Werror=implicit-int -Werror=pointer-sign -Werror=pointer-arith -Werror=incompatible-pointer-types -Werror=unguarded-availability -Wno-unused-value -Wno-parentheses -I/private/tmp/mp-skarnet.BQSnVP/prefix/include -isysroot/Library/Developer/CommandLineTools/SDKs/MacOSX15.sdk -pipe -Wall -std=c99 -fno-exceptions -fno-unwind-tables -fno-asynchronous-unwind-tables -ffunction-sections -fdata-sections -O2 -fomit-frame-pointer -pipe -Os -isysroot/Library/Developer/CommandLineTools/SDKs/MacOSX15.sdk -arch arm64 -arch x86_64  -c -o src/libenvexec/prog.lo src/libenvexec/prog.c
exec /usr/bin/clang -D_POSIX_C_SOURCE=200809L -D_XOPEN_SOURCE=700 -Isrc/include -fPIC -Werror=implicit-function-declaration -Werror=implicit-int -Werror=pointer-sign -Werror=pointer-arith -Werror=incompatible-pointer-types -Werror=unguarded-availability -Wno-unused-value -Wno-parentheses -I/private/tmp/mp-skarnet.BQSnVP/prefix/include -isysroot/Library/Developer/CommandLineTools/SDKs/MacOSX15.sdk -pipe -Wall -std=c99 -fno-exceptions -fno-unwind-tables -fno-asynchronous-unwind-tables -ffunction-sections -fdata-sections -O2 -fomit-frame-pointer -pipe -Os -isysroot/Library/Developer/CommandLineTools/SDKs/MacOSX15.sdk -arch arm64 -arch x86_64  -c -o src/libenvexec/prog_pid_fill.lo src/libenvexec/prog_pid_fill.c
exec /usr/bin/clang -D_POSIX_C_SOURCE=200809L -D_XOPEN_SOURCE=700 -Isrc/include -fPIC -Werror=implicit-function-declaration -Werror=implicit-int -Werror=pointer-sign -Werror=pointer-arith -Werror=incompatible-pointer-types -Werror=unguarded-availability -Wno-unused-value -Wno-parentheses -I/private/tmp/mp-skarnet.BQSnVP/prefix/include -isysroot/Library/Developer/CommandLineTools/SDKs/MacOSX15.sdk -pipe -Wall -std=c99 -fno-exceptions -fno-unwind-tables -fno-asynchronous-unwind-tables -ffunction-sections -fdata-sections -O2 -fomit-frame-pointer -pipe -Os -isysroot/Library/Developer/CommandLineTools/SDKs/MacOSX15.sdk -arch arm64 -arch x86_64  -c -o src/libenvexec/strerr_diev.lo src/libenvexec/strerr_diev.c
exec /usr/bin/clang -D_POSIX_C_SOURCE=200809L -D_XOPEN_SOURCE=700 -Isrc/include -fPIC -Werror=implicit-function-declaration -Werror=implicit-int -Werror=pointer-sign -Werror=pointer-arith -Werror=incompatible-pointer-types -Werror=unguarded-availability -Wno-unused-value -Wno-parentheses -I/private/tmp/mp-skarnet.BQSnVP/prefix/include -isysroot/Library/Developer/CommandLineTools/SDKs/MacOSX15.sdk -pipe -Wall -std=c99 -fno-exceptions -fno-unwind-tables -fno-asynchronous-unwind-tables -ffunction-sections -fdata-sections -O2 -fomit-frame-pointer -pipe -Os -isysroot/Library/Developer/CommandLineTools/SDKs/MacOSX15.sdk -arch arm64 -arch x86_64  -c -o src/libenvexec/strerr_dievsys.lo src/libenvexec/strerr_dievsys.c
exec /usr/bin/clang -D_POSIX_C_SOURCE=200809L -D_XOPEN_SOURCE=700 -Isrc/include -fPIC -Werror=implicit-function-declaration -Werror=implicit-int -Werror=pointer-sign -Werror=pointer-arith -Werror=incompatible-pointer-types -Werror=unguarded-availability -Wno-unused-value -Wno-parentheses -I/private/tmp/mp-skarnet.BQSnVP/prefix/include -isysroot/Library/Developer/CommandLineTools/SDKs/MacOSX15.sdk -pipe -Wall -std=c99 -fno-exceptions -fno-unwind-tables -fno-asynchronous-unwind-tables -ffunction-sections -fdata-sections -O2 -fomit-frame-pointer -pipe -Os -isysroot/Library/Developer/CommandLineTools/SDKs/MacOSX15.sdk -arch arm64 -arch x86_64  -c -o src/libenvexec/strerr_warnv.lo src/libenvexec/strerr_warnv.c
exec /usr/bin/clang -D_POSIX_C_SOURCE=200809L -D_XOPEN_SOURCE=700 -Isrc/include -fPIC -Werror=implicit-function-declaration -Werror=implicit-int -Werror=pointer-sign -Werror=pointer-arith -Werror=incompatible-pointer-types -Werror=unguarded-availability -Wno-unused-value -Wno-parentheses -I/private/tmp/mp-skarnet.BQSnVP/prefix/include -isysroot/Library/Developer/CommandLineTools/SDKs/MacOSX15.sdk -pipe -Wall -std=c99 -fno-exceptions -fno-unwind-tables -fno-asynchronous-unwind-tables -ffunction-sections -fdata-sections -O2 -fomit-frame-pointer -pipe -Os -isysroot/Library/Developer/CommandLineTools/SDKs/MacOSX15.sdk -arch arm64 -arch x86_64  -c -o src/libenvexec/strerr_warnvsys.lo src/libenvexec/strerr_warnvsys.c
exec /usr/bin/clang -D_POSIX_C_SOURCE=200809L -D_XOPEN_SOURCE=700 -Isrc/include -fPIC -Werror=implicit-function-declaration -Werror=implicit-int -Werror=pointer-sign -Werror=pointer-arith -Werror=incompatible-pointer-types -Werror=unguarded-availability -Wno-unused-value -Wno-parentheses -I/private/tmp/mp-skarnet.BQSnVP/prefix/include -isysroot/Library/Developer/CommandLineTools/SDKs/MacOSX15.sdk -pipe -Wall -std=c99 -fno-exceptions -fno-unwind-tables -fno-asynchronous-unwind-tables -ffunction-sections -fdata-sections -O2 -fomit-frame-pointer -pipe -Os -isysroot/Library/Developer/CommandLineTools/SDKs/MacOSX15.sdk -arch arm64 -arch x86_64  -c -o src/libenvexec/xexec_ae.lo src/libenvexec/xexec_ae.c
exec /usr/bin/clang -D_POSIX_C_SOURCE=200809L -D_XOPEN_SOURCE=700 -Isrc/include -fPIC -Werror=implicit-function-declaration -Werror=implicit-int -Werror=pointer-sign -Werror=pointer-arith -Werror=incompatible-pointer-types -Werror=unguarded-availability -Wno-unused-value -Wno-parentheses -I/private/tmp/mp-skarnet.BQSnVP/prefix/include -isysroot/Library/Developer/CommandLineTools/SDKs/MacOSX15.sdk -pipe -Wall -std=c99 -fno-exceptions -fno-unwind-tables -fno-asynchronous-unwind-tables -ffunction-sections -fdata-sections -O2 -fomit-frame-pointer -pipe -Os -isysroot/Library/Developer/CommandLineTools/SDKs/MacOSX15.sdk -arch arm64 -arch x86_64  -c -o src/libenvexec/xexecvep.lo src/libenvexec/xexecvep.c
exec /usr/bin/clang -D_POSIX_C_SOURCE=200809L -D_XOPEN_SOURCE=700 -Isrc/include -fPIC -Werror=implicit-function-declaration -Werror=implicit-int -Werror=pointer-sign -Werror=pointer-arith -Werror=incompatible-pointer-types -Werror=unguarded-availability -Wno-unused-value -Wno-parentheses -I/private/tmp/mp-skarnet.BQSnVP/prefix/include -isysroot/Library/Developer/CommandLineTools/SDKs/MacOSX15.sdk -pipe -Wall -std=c99 -fno-exceptions -fno-unwind-tables -fno-asynchronous-unwind-tables -ffunction-sections -fdata-sections -O2 -fomit-frame-pointer -pipe -Os -isysroot/Library/Developer/CommandLineTools/SDKs/MacOSX15.sdk -arch arm64 -arch x86_64  -c -o src/libenvexec/xexecvep_loose.lo src/libenvexec/xexecvep_loose.c
exec /usr/bin/clang -D_POSIX_C_SOURCE=200809L -D_XOPEN_SOURCE=700 -Isrc/include -fPIC -Werror=implicit-function-declaration -Werror=implicit-int -Werror=pointer-sign -Werror=pointer-arith -Werror=incompatible-pointer-types -Werror=unguarded-availability -Wno-unused-value -Wno-parentheses -I/private/tmp/mp-skarnet.BQSnVP/prefix/include -isysroot/Library/Developer/CommandLineTools/SDKs/MacOSX15.sdk -pipe -Wall -std=c99 -fno-exceptions -fno-unwind-tables -fno-asynchronous-unwind-tables -ffunction-sections -fdata-sections -O2 -fomit-frame-pointer -pipe -Os -isysroot/Library/Developer/CommandLineTools/SDKs/MacOSX15.sdk -arch arm64 -arch x86_64  -c -o src/libenvexec/xmexec0_af.lo src/libenvexec/xmexec0_af.c
exec /usr/bin/clang -D_POSIX_C_SOURCE=200809L -D_XOPEN_SOURCE=700 -Isrc/include -fPIC -Werror=implicit-function-declaration -Werror=implicit-int -Werror=pointer-sign -Werror=pointer-arith -Werror=incompatible-pointer-types -Werror=unguarded-availability -Wno-unused-value -Wno-parentheses -I/private/tmp/mp-skarnet.BQSnVP/prefix/include -isysroot/Library/Developer/CommandLineTools/SDKs/MacOSX15.sdk -pipe -Wall -std=c99 -fno-exceptions -fno-unwind-tables -fno-asynchronous-unwind-tables -ffunction-sections -fdata-sections -O2 -fomit-frame-pointer -pipe -Os -isysroot/Library/Developer/CommandLineTools/SDKs/MacOSX15.sdk -arch arm64 -arch x86_64  -c -o src/libenvexec/xmexec0_afm.lo src/libenvexec/xmexec0_afm.c
exec /usr/bin/clang -D_POSIX_C_SOURCE=200809L -D_XOPEN_SOURCE=700 -Isrc/include -fPIC -Werror=implicit-function-declaration -Werror=implicit-int -Werror=pointer-sign -Werror=pointer-arith -Werror=incompatible-pointer-types -Werror=unguarded-availability -Wno-unused-value -Wno-parentheses -I/private/tmp/mp-skarnet.BQSnVP/prefix/include -isysroot/Library/Developer/CommandLineTools/SDKs/MacOSX15.sdk -pipe -Wall -std=c99 -fno-exceptions -fno-unwind-tables -fno-asynchronous-unwind-tables -ffunction-sections -fdata-sections -O2 -fomit-frame-pointer -pipe -Os -isysroot/Library/Developer/CommandLineTools/SDKs/MacOSX15.sdk -arch arm64 -arch x86_64  -c -o src/libenvexec/xmexec0_afn.lo src/libenvexec/xmexec0_afn.c
exec /usr/bin/clang -D_POSIX_C_SOURCE=200809L -D_XOPEN_SOURCE=700 -Isrc/include -fPIC -Werror=implicit-function-declaration -Werror=implicit-int -Werror=pointer-sign -Werror=pointer-arith -Werror=incompatible-pointer-types -Werror=unguarded-availability -Wno-unused-value -Wno-parentheses -I/private/tmp/mp-skarnet.BQSnVP/prefix/include -isysroot/Library/Developer/CommandLineTools/SDKs/MacOSX15.sdk -pipe -Wall -std=c99 -fno-exceptions -fno-unwind-tables -fno-asynchronous-unwind-tables -ffunction-sections -fdata-sections -O2 -fomit-frame-pointer -pipe -Os -isysroot/Library/Developer/CommandLineTools/SDKs/MacOSX15.sdk -arch arm64 -arch x86_64  -c -o src/libenvexec/xmexec_af.lo src/libenvexec/xmexec_af.c
exec /usr/bin/clang -D_POSIX_C_SOURCE=200809L -D_XOPEN_SOURCE=700 -Isrc/include -fPIC -Werror=implicit-function-declaration -Werror=implicit-int -Werror=pointer-sign -Werror=pointer-arith -Werror=incompatible-pointer-types -Werror=unguarded-availability -Wno-unused-value -Wno-parentheses -I/private/tmp/mp-skarnet.BQSnVP/prefix/include -isysroot/Library/Developer/CommandLineTools/SDKs/MacOSX15.sdk -pipe -Wall -std=c99 -fno-exceptions -fno-unwind-tables -fno-asynchronous-unwind-tables -ffunction-sections -fdata-sections -O2 -fomit-frame-pointer -pipe -Os -isysroot/Library/Developer/CommandLineTools/SDKs/MacOSX15.sdk -arch arm64 -arch x86_64  -c -o src/libenvexec/xmexec_afm.lo src/libenvexec/xmexec_afm.c
exec /usr/bin/clang -D_POSIX_C_SOURCE=200809L -D_XOPEN_SOURCE=700 -Isrc/include -fPIC -Werror=implicit-function-declaration -Werror=implicit-int -Werror=pointer-sign -Werror=pointer-arith -Werror=incompatible-pointer-types -Werror=unguarded-availability -Wno-unused-value -Wno-parentheses -I/private/tmp/mp-skarnet.BQSnVP/prefix/include -isysroot/Library/Developer/CommandLineTools/SDKs/MacOSX15.sdk -pipe -Wall -std=c99 -fno-exceptions -fno-unwind-tables -fno-asynchronous-unwind-tables -ffunction-sections -fdata-sections -O2 -fomit-frame-pointer -pipe -Os -isysroot/Library/Developer/CommandLineTools/SDKs/MacOSX15.sdk -arch arm64 -arch x86_64  -c -o src/libenvexec/xmexec_afn.lo src/libenvexec/xmexec_afn.c
exec /usr/bin/clang -D_POSIX_C_SOURCE=200809L -D_XOPEN_SOURCE=700 -Isrc/include -fPIC -Werror=implicit-function-declaration -Werror=implicit-int -Werror=pointer-sign -Werror=pointer-arith -Werror=incompatible-pointer-types -Werror=unguarded-availability -Wno-unused-value -Wno-parentheses -I/private/tmp/mp-skarnet.BQSnVP/prefix/include -isysroot/Library/Developer/CommandLineTools/SDKs/MacOSX15.sdk -pipe -Wall -std=c99 -fno-exceptions -fno-unwind-tables -fno-asynchronous-unwind-tables -ffunction-sections -fdata-sections -O2 -fomit-frame-pointer -pipe -Os -isysroot/Library/Developer/CommandLineTools/SDKs/MacOSX15.sdk -arch arm64 -arch x86_64  -c -o src/libenvexec/xmspawn_af.lo src/libenvexec/xmspawn_af.c
exec /usr/bin/clang -D_POSIX_C_SOURCE=200809L -D_XOPEN_SOURCE=700 -Isrc/include -fPIC -Werror=implicit-function-declaration -Werror=implicit-int -Werror=pointer-sign -Werror=pointer-arith -Werror=incompatible-pointer-types -Werror=unguarded-availability -Wno-unused-value -Wno-parentheses -I/private/tmp/mp-skarnet.BQSnVP/prefix/include -isysroot/Library/Developer/CommandLineTools/SDKs/MacOSX15.sdk -pipe -Wall -std=c99 -fno-exceptions -fno-unwind-tables -fno-asynchronous-unwind-tables -ffunction-sections -fdata-sections -O2 -fomit-frame-pointer -pipe -Os -isysroot/Library/Developer/CommandLineTools/SDKs/MacOSX15.sdk -arch arm64 -arch x86_64  -c -o src/libenvexec/xmspawn_afm.lo src/libenvexec/xmspawn_afm.c
exec /usr/bin/clang -D_POSIX_C_SOURCE=200809L -D_XOPEN_SOURCE=700 -Isrc/include -fPIC -Werror=implicit-function-declaration -Werror=implicit-int -Werror=pointer-sign -Werror=pointer-arith -Werror=incompatible-pointer-types -Werror=unguarded-availability -Wno-unused-value -Wno-parentheses -I/private/tmp/mp-skarnet.BQSnVP/prefix/include -isysroot/Library/Developer/CommandLineTools/SDKs/MacOSX15.sdk -pipe -Wall -std=c99 -fno-exceptions -fno-unwind-tables -fno-asynchronous-unwind-tables -ffunction-sections -fdata-sections -O2 -fomit-frame-pointer -pipe -Os -isysroot/Library/Developer/CommandLineTools/SDKs/MacOSX15.sdk -arch arm64 -arch x86_64  -c -o src/libenvexec/xmspawn_afn.lo src/libenvexec/xmspawn_afn.c
exec /usr/bin/clang -D_POSIX_C_SOURCE=200809L -D_XOPEN_SOURCE=700 -Isrc/include -fPIC -Werror=implicit-function-declaration -Werror=implicit-int -Werror=pointer-sign -Werror=pointer-arith -Werror=incompatible-pointer-types -Werror=unguarded-availability -Wno-unused-value -Wno-parentheses -I/private/tmp/mp-skarnet.BQSnVP/prefix/include -isysroot/Library/Developer/CommandLineTools/SDKs/MacOSX15.sdk -pipe -Wall -std=c99 -fno-exceptions -fno-unwind-tables -fno-asynchronous-unwind-tables -ffunction-sections -fdata-sections -O2 -fomit-frame-pointer -pipe -Os -isysroot/Library/Developer/CommandLineTools/SDKs/MacOSX15.sdk -arch arm64 -arch x86_64  -c -o src/librandom/random_devurandom.lo src/librandom/random_devurandom.c
exec /usr/bin/clang -D_POSIX_C_SOURCE=200809L -D_XOPEN_SOURCE=700 -Isrc/include -fPIC -Werror=implicit-function-declaration -Werror=implicit-int -Werror=pointer-sign -Werror=pointer-arith -Werror=incompatible-pointer-types -Werror=unguarded-availability -Wno-unused-value -Wno-parentheses -I/private/tmp/mp-skarnet.BQSnVP/prefix/include -isysroot/Library/Developer/CommandLineTools/SDKs/MacOSX15.sdk -pipe -Wall -std=c99 -fno-exceptions -fno-unwind-tables -fno-asynchronous-unwind-tables -ffunction-sections -fdata-sections -O2 -fomit-frame-pointer -pipe -Os -isysroot/Library/Developer/CommandLineTools/SDKs/MacOSX15.sdk -arch arm64 -arch x86_64  -c -o src/libstddjb/baprintf.lo src/libstddjb/baprintf.c
exec /usr/bin/clang -D_POSIX_C_SOURCE=200809L -D_XOPEN_SOURCE=700 -Isrc/include -fPIC -Werror=implicit-function-declaration -Werror=implicit-int -Werror=pointer-sign -Werror=pointer-arith -Werror=incompatible-pointer-types -Werror=unguarded-availability -Wno-unused-value -Wno-parentheses -I/private/tmp/mp-skarnet.BQSnVP/prefix/include -isysroot/Library/Developer/CommandLineTools/SDKs/MacOSX15.sdk -pipe -Wall -std=c99 -fno-exceptions -fno-unwind-tables -fno-asynchronous-unwind-tables -ffunction-sections -fdata-sections -O2 -fomit-frame-pointer -pipe -Os -isysroot/Library/Developer/CommandLineTools/SDKs/MacOSX15.sdk -arch arm64 -arch x86_64  -c -o src/libstddjb/bprintf.lo src/libstddjb/bprintf.c
exec /usr/bin/clang -D_POSIX_C_SOURCE=200809L -D_XOPEN_SOURCE=700 -Isrc/include -fPIC -Werror=implicit-function-declaration -Werror=implicit-int -Werror=pointer-sign -Werror=pointer-arith -Werror=incompatible-pointer-types -Werror=unguarded-availability -Wno-unused-value -Wno-parentheses -I/private/tmp/mp-skarnet.BQSnVP/prefix/include -isysroot/Library/Developer/CommandLineTools/SDKs/MacOSX15.sdk -pipe -Wall -std=c99 -fno-exceptions -fno-unwind-tables -fno-asynchronous-unwind-tables -ffunction-sections -fdata-sections -O2 -fomit-frame-pointer -pipe -Os -isysroot/Library/Developer/CommandLineTools/SDKs/MacOSX15.sdk -arch arm64 -arch x86_64  -c -o src/libstddjb/gol_argv.lo src/libstddjb/gol_argv.c
exec /usr/bin/clang -D_POSIX_C_SOURCE=200809L -D_XOPEN_SOURCE=700 -Isrc/include -fPIC -Werror=implicit-function-declaration -Werror=implicit-int -Werror=pointer-sign -Werror=pointer-arith -Werror=incompatible-pointer-types -Werror=unguarded-availability -Wno-unused-value -Wno-parentheses -I/private/tmp/mp-skarnet.BQSnVP/prefix/include -isysroot/Library/Developer/CommandLineTools/SDKs/MacOSX15.sdk -pipe -Wall -std=c99 -fno-exceptions -fno-unwind-tables -fno-asynchronous-unwind-tables -ffunction-sections -fdata-sections -O2 -fomit-frame-pointer -pipe -Os -isysroot/Library/Developer/CommandLineTools/SDKs/MacOSX15.sdk -arch arm64 -arch x86_64  -c -o src/libstddjb/gol_main.lo src/libstddjb/gol_main.c
exec /usr/bin/clang -D_POSIX_C_SOURCE=200809L -D_XOPEN_SOURCE=700 -Isrc/include -fPIC -Werror=implicit-function-declaration -Werror=implicit-int -Werror=pointer-sign -Werror=pointer-arith -Werror=incompatible-pointer-types -Werror=unguarded-availability -Wno-unused-value -Wno-parentheses -I/private/tmp/mp-skarnet.BQSnVP/prefix/include -isysroot/Library/Developer/CommandLineTools/SDKs/MacOSX15.sdk -pipe -Wall -std=c99 -fno-exceptions -fno-unwind-tables -fno-asynchronous-unwind-tables -ffunction-sections -fdata-sections -O2 -fomit-frame-pointer -pipe -Os -isysroot/Library/Developer/CommandLineTools/SDKs/MacOSX15.sdk -arch arm64 -arch x86_64  -c -o src/libstddjb/localtm_fmt.lo src/libstddjb/localtm_fmt.c
exec /usr/bin/clang -D_POSIX_C_SOURCE=200809L -D_XOPEN_SOURCE=700 -Isrc/include -fPIC -Werror=implicit-function-declaration -Werror=implicit-int -Werror=pointer-sign -Werror=pointer-arith -Werror=incompatible-pointer-types -Werror=unguarded-availability -Wno-unused-value -Wno-parentheses -I/private/tmp/mp-skarnet.BQSnVP/prefix/include -isysroot/Library/Developer/CommandLineTools/SDKs/MacOSX15.sdk -pipe -Wall -std=c99 -fno-exceptions -fno-unwind-tables -fno-asynchronous-unwind-tables -ffunction-sections -fdata-sections -O2 -fomit-frame-pointer -pipe -Os -isysroot/Library/Developer/CommandLineTools/SDKs/MacOSX15.sdk -arch arm64 -arch x86_64  -c -o src/libstddjb/localtm_scan.lo src/libstddjb/localtm_scan.c
exec /usr/bin/clang -D_POSIX_C_SOURCE=200809L -D_XOPEN_SOURCE=700 -Isrc/include -fPIC -Werror=implicit-function-declaration -Werror=implicit-int -Werror=pointer-sign -Werror=pointer-arith -Werror=incompatible-pointer-types -Werror=unguarded-availability -Wno-unused-value -Wno-parentheses -I/private/tmp/mp-skarnet.BQSnVP/prefix/include -isysroot/Library/Developer/CommandLineTools/SDKs/MacOSX15.sdk -pipe -Wall -std=c99 -fno-exceptions -fno-unwind-tables -fno-asynchronous-unwind-tables -ffunction-sections -fdata-sections -O2 -fomit-frame-pointer -pipe -Os -isysroot/Library/Developer/CommandLineTools/SDKs/MacOSX15.sdk -arch arm64 -arch x86_64  -c -o src/libstddjb/lolprintf.lo src/libstddjb/lolprintf.c
exec /usr/bin/clang -D_POSIX_C_SOURCE=200809L -D_XOPEN_SOURCE=700 -Isrc/include -fPIC -Werror=implicit-function-declaration -Werror=implicit-int -Werror=pointer-sign -Werror=pointer-arith -Werror=incompatible-pointer-types -Werror=unguarded-availability -Wno-unused-value -Wno-parentheses -I/private/tmp/mp-skarnet.BQSnVP/prefix/include -isysroot/Library/Developer/CommandLineTools/SDKs/MacOSX15.sdk -pipe -Wall -std=c99 -fno-exceptions -fno-unwind-tables -fno-asynchronous-unwind-tables -ffunction-sections -fdata-sections -O2 -fomit-frame-pointer -pipe -Os -isysroot/Library/Developer/CommandLineTools/SDKs/MacOSX15.sdk -arch arm64 -arch x86_64  -c -o src/libstddjb/netstring_get.lo src/libstddjb/netstring_get.c
exec /usr/bin/clang -D_POSIX_C_SOURCE=200809L -D_XOPEN_SOURCE=700 -Isrc/include -fPIC -Werror=implicit-function-declaration -Werror=implicit-int -Werror=pointer-sign -Werror=pointer-arith -Werror=incompatible-pointer-types -Werror=unguarded-availability -Wno-unused-value -Wno-parentheses -I/private/tmp/mp-skarnet.BQSnVP/prefix/include -isysroot/Library/Developer/CommandLineTools/SDKs/MacOSX15.sdk -pipe -Wall -std=c99 -fno-exceptions -fno-unwind-tables -fno-asynchronous-unwind-tables -ffunction-sections -fdata-sections -O2 -fomit-frame-pointer -pipe -Os -isysroot/Library/Developer/CommandLineTools/SDKs/MacOSX15.sdk -arch arm64 -arch x86_64  -c -o src/libstddjb/sauniquename.lo src/libstddjb/sauniquename.c
exec /usr/bin/clang -D_POSIX_C_SOURCE=200809L -D_XOPEN_SOURCE=700 -Isrc/include -fPIC -Werror=implicit-function-declaration -Werror=implicit-int -Werror=pointer-sign -Werror=pointer-arith -Werror=incompatible-pointer-types -Werror=unguarded-availability -Wno-unused-value -Wno-parentheses -I/private/tmp/mp-skarnet.BQSnVP/prefix/include -isysroot/Library/Developer/CommandLineTools/SDKs/MacOSX15.sdk -pipe -Wall -std=c99 -fno-exceptions -fno-unwind-tables -fno-asynchronous-unwind-tables -ffunction-sections -fdata-sections -O2 -fomit-frame-pointer -pipe -Os -isysroot/Library/Developer/CommandLineTools/SDKs/MacOSX15.sdk -arch arm64 -arch x86_64  -c -o src/libstddjb/sig0_scan.lo src/libstddjb/sig0_scan.c
exec /usr/bin/clang -D_POSIX_C_SOURCE=200809L -D_XOPEN_SOURCE=700 -Isrc/include -fPIC -Werror=implicit-function-declaration -Werror=implicit-int -Werror=pointer-sign -Werror=pointer-arith -Werror=incompatible-pointer-types -Werror=unguarded-availability -Wno-unused-value -Wno-parentheses -I/private/tmp/mp-skarnet.BQSnVP/prefix/include -isysroot/Library/Developer/CommandLineTools/SDKs/MacOSX15.sdk -pipe -Wall -std=c99 -fno-exceptions -fno-unwind-tables -fno-asynchronous-unwind-tables -ffunction-sections -fdata-sections -O2 -fomit-frame-pointer -pipe -Os -isysroot/Library/Developer/CommandLineTools/SDKs/MacOSX15.sdk -arch arm64 -arch x86_64  -c -o src/libstddjb/strn_fmt.lo src/libstddjb/strn_fmt.c
exec /usr/bin/clang -D_POSIX_C_SOURCE=200809L -D_XOPEN_SOURCE=700 -Isrc/include -fPIC -Werror=implicit-function-declaration -Werror=implicit-int -Werror=pointer-sign -Werror=pointer-arith -Werror=incompatible-pointer-types -Werror=unguarded-availability -Wno-unused-value -Wno-parentheses -I/private/tmp/mp-skarnet.BQSnVP/prefix/include -isysroot/Library/Developer/CommandLineTools/SDKs/MacOSX15.sdk -pipe -Wall -std=c99 -fno-exceptions -fno-unwind-tables -fno-asynchronous-unwind-tables -ffunction-sections -fdata-sections -O2 -fomit-frame-pointer -pipe -Os -isysroot/Library/Developer/CommandLineTools/SDKs/MacOSX15.sdk -arch arm64 -arch x86_64  -c -o src/libstddjb/vbaprintf.lo src/libstddjb/vbaprintf.c
exec /usr/bin/clang -D_POSIX_C_SOURCE=200809L -D_XOPEN_SOURCE=700 -Isrc/include -fPIC -Werror=implicit-function-declaration -Werror=implicit-int -Werror=pointer-sign -Werror=pointer-arith -Werror=incompatible-pointer-types -Werror=unguarded-availability -Wno-unused-value -Wno-parentheses -I/private/tmp/mp-skarnet.BQSnVP/prefix/include -isysroot/Library/Developer/CommandLineTools/SDKs/MacOSX15.sdk -pipe -Wall -std=c99 -fno-exceptions -fno-unwind-tables -fno-asynchronous-unwind-tables -ffunction-sections -fdata-sections -O2 -fomit-frame-pointer -pipe -Os -isysroot/Library/Developer/CommandLineTools/SDKs/MacOSX15.sdk -arch arm64 -arch x86_64  -c -o src/libstddjb/vbprintf.lo src/libstddjb/vbprintf.c
exec /usr/bin/clang -D_POSIX_C_SOURCE=200809L -D_XOPEN_SOURCE=700 -Isrc/include -fPIC -Werror=implicit-function-declaration -Werror=implicit-int -Werror=pointer-sign -Werror=pointer-arith -Werror=incompatible-pointer-types -Werror=unguarded-availability -Wno-unused-value -Wno-parentheses -I/private/tmp/mp-skarnet.BQSnVP/prefix/include -isysroot/Library/Developer/CommandLineTools/SDKs/MacOSX15.sdk -pipe -Wall -std=c99 -fno-exceptions -fno-unwind-tables -fno-asynchronous-unwind-tables -ffunction-sections -fdata-sections -O2 -fomit-frame-pointer -pipe -Os -isysroot/Library/Developer/CommandLineTools/SDKs/MacOSX15.sdk -arch arm64 -arch x86_64  -c -o src/libunixonacid/sassserver.lo src/libunixonacid/sassserver.c
exec /usr/bin/clang -D_POSIX_C_SOURCE=200809L -D_XOPEN_SOURCE=700 -Isrc/include -fPIC -Werror=implicit-function-declaration -Werror=implicit-int -Werror=pointer-sign -Werror=pointer-arith -Werror=incompatible-pointer-types -Werror=unguarded-availability -Wno-unused-value -Wno-parentheses -I/private/tmp/mp-skarnet.BQSnVP/prefix/include -isysroot/Library/Developer/CommandLineTools/SDKs/MacOSX15.sdk -pipe -Wall -std=c99 -fno-exceptions -fno-unwind-tables -fno-asynchronous-unwind-tables -ffunction-sections -fdata-sections -O2 -fomit-frame-pointer -pipe -Os -isysroot/Library/Developer/CommandLineTools/SDKs/MacOSX15.sdk -arch arm64 -arch x86_64  -c -o src/libunixonacid/sassserver_init.lo src/libunixonacid/sassserver_init.c
exec /usr/bin/clang -D_POSIX_C_SOURCE=200809L -D_XOPEN_SOURCE=700 -Isrc/include -fPIC -Werror=implicit-function-declaration -Werror=implicit-int -Werror=pointer-sign -Werror=pointer-arith -Werror=incompatible-pointer-types -Werror=unguarded-availability -Wno-unused-value -Wno-parentheses -I/private/tmp/mp-skarnet.BQSnVP/prefix/include -isysroot/Library/Developer/CommandLineTools/SDKs/MacOSX15.sdk -pipe -Wall -std=c99 -fno-exceptions -fno-unwind-tables -fno-asynchronous-unwind-tables -ffunction-sections -fdata-sections -O2 -fomit-frame-pointer -pipe -Os -isysroot/Library/Developer/CommandLineTools/SDKs/MacOSX15.sdk -arch arm64 -arch x86_64  -c -o src/libunixonacid/sassserver_init_frompipe.lo src/libunixonacid/sassserver_init_frompipe.c
exec /usr/bin/clang -D_POSIX_C_SOURCE=200809L -D_XOPEN_SOURCE=700 -Isrc/include -fPIC -Werror=implicit-function-declaration -Werror=implicit-int -Werror=pointer-sign -Werror=pointer-arith -Werror=incompatible-pointer-types -Werror=unguarded-availability -Wno-unused-value -Wno-parentheses -I/private/tmp/mp-skarnet.BQSnVP/prefix/include -isysroot/Library/Developer/CommandLineTools/SDKs/MacOSX15.sdk -pipe -Wall -std=c99 -fno-exceptions -fno-unwind-tables -fno-asynchronous-unwind-tables -ffunction-sections -fdata-sections -O2 -fomit-frame-pointer -pipe -Os -isysroot/Library/Developer/CommandLineTools/SDKs/MacOSX15.sdk -arch arm64 -arch x86_64  -c -o src/libunixonacid/sassserver_init_fromsocket.lo src/libunixonacid/sassserver_init_fromsocket.c
exec /usr/bin/clang -D_POSIX_C_SOURCE=200809L -D_XOPEN_SOURCE=700 -Isrc/include -fPIC -Werror=implicit-function-declaration -Werror=implicit-int -Werror=pointer-sign -Werror=pointer-arith -Werror=incompatible-pointer-types -Werror=unguarded-availability -Wno-unused-value -Wno-parentheses -I/private/tmp/mp-skarnet.BQSnVP/prefix/include -isysroot/Library/Developer/CommandLineTools/SDKs/MacOSX15.sdk -pipe -Wall -std=c99 -fno-exceptions -fno-unwind-tables -fno-asynchronous-unwind-tables -ffunction-sections -fdata-sections -O2 -fomit-frame-pointer -pipe -Os -isysroot/Library/Developer/CommandLineTools/SDKs/MacOSX15.sdk -arch arm64 -arch x86_64  -c -o src/libunixonacid/textclient_server_init_frompipe.lo src/libunixonacid/textclient_server_init_frompipe.c
exec /usr/bin/clang -o libskarnet.dylib.xyzzy -pipe -Wall -std=c99 -fno-exceptions -fno-unwind-tables -fno-asynchronous-unwind-tables -ffunction-sections -fdata-sections -O2 -fomit-frame-pointer -pipe -Os -isysroot/Library/Developer/CommandLineTools/SDKs/MacOSX15.sdk -arch arm64 -arch x86_64   -L/private/tmp/mp-skarnet.BQSnVP/prefix/lib -Wl,-headerpad_max_install_names -Wl,-syslibroot,/Library/Developer/CommandLineTools/SDKs/MacOSX15.sdk -arch arm64 -arch x86_64 -shared -Wl,-dylib_install_name,/private/tmp/mp-skarnet.BQSnVP/prefix/lib/libskarnet.2.15.dylib -Wl,-dylib_compatibility_version,527.1 -Wl,-dylib_current_version,527.1.0 src/libdatastruct/avlnode_delete.lo src/libdatastruct/avlnode_doublerotate.lo src/libdatastruct/avlnode_extreme.lo src/libdatastruct/avlnode_extremenode.lo src/libdatastruct/avlnode_height.lo src/libdatastruct/avlnode_insertnode.lo src/libdatastruct/avlnode_iter.lo src/libdatastruct/avlnode_iter_withcancel.lo src/libdatastruct/avlnode_rotate.lo src/libdatastruct/avlnode_search.lo src/libdatastruct/avlnode_searchnode.lo src/libdatastruct/avlnode_zero.lo src/libdatastruct/avltree_delete.lo src/libdatastruct/avltree_free.lo src/libdatastruct/avltree_init.lo src/libdatastruct/avltree_insert.lo src/libdatastruct/avltree_newnode.lo src/libdatastruct/avltree_zero.lo src/libdatastruct/avltreeb_init.lo src/libdatastruct/avltreen_delete.lo src/libdatastruct/avltreen_init.lo src/libdatastruct/avltreen_insert.lo src/libdatastruct/avltreen_newnode.lo src/libdatastruct/bigkv_fill.lo src/libdatastruct/bigkv_free.lo src/libdatastruct/bigkv_search.lo src/libdatastruct/bigkv_zero.lo src/libdatastruct/genqdyn_clean.lo src/libdatastruct/genqdyn_free.lo src/libdatastruct/genqdyn_init.lo src/libdatastruct/genqdyn_pop.lo src/libdatastruct/genqdyn_push.lo src/libdatastruct/genqdyn_unpush.lo src/libdatastruct/genqdyn_zero.lo src/libdatastruct/genset.lo src/libdatastruct/genset_deepfree.lo src/libdatastruct/genset_iter_nocancel.lo src/libdatastruct/genset_iter_withcancel.lo src/libdatastruct/gensetdyn_deepfree.lo src/libdatastruct/gensetdyn_delete.lo src/libdatastruct/gensetdyn_free.lo src/libdatastruct/gensetdyn_init.lo src/libdatastruct/gensetdyn_iter_nocancel.lo src/libdatastruct/gensetdyn_iter_withcancel.lo src/libdatastruct/gensetdyn_new.lo src/libdatastruct/gensetdyn_ready.lo src/libdatastruct/gensetdyn_zero.lo src/libenvexec/child_spawn.lo src/libenvexec/child_spawn0.lo src/libenvexec/child_spawn1_internal.lo src/libenvexec/child_spawn1_pipe.lo src/libenvexec/child_spawn1_socket.lo src/libenvexec/child_spawn2.lo src/libenvexec/child_spawn3.lo src/libenvexec/cspawn.lo src/libenvexec/env_addmodif.lo src/libenvexec/env_dump.lo src/libenvexec/env_dump4.lo src/libenvexec/env_get2.lo src/libenvexec/env_len.lo src/libenvexec/env_make.lo src/libenvexec/env_merg.lo src/libenvexec/env_merge.lo src/libenvexec/env_mergen.lo src/libenvexec/env_mergn.lo src/libenvexec/env_string.lo src/libenvexec/envalloc_0.lo src/libenvexec/envalloc_make.lo src/libenvexec/envalloc_merge.lo src/libenvexec/envalloc_uniq.lo src/libenvexec/envdir.lo src/libenvexec/envdir_clamp.lo src/libenvexec/envdir_noclamp.lo src/libenvexec/exec0_ae.lo src/libenvexec/exec_ae.lo src/libenvexec/gcspawn.lo src/libenvexec/gmspawn_afn.lo src/libenvexec/mexec0_af.lo src/libenvexec/mexec0_afm.lo src/libenvexec/mexec0_afn.lo src/libenvexec/mexec_af.lo src/libenvexec/mexec_afm.lo src/libenvexec/mexec_afn.lo src/libenvexec/mspawn_af.lo src/libenvexec/mspawn_afm.lo src/libenvexec/mspawn_afn.lo src/libenvexec/prog.lo src/libenvexec/prog_pid_fill.lo src/libenvexec/strerr_diev.lo src/libenvexec/strerr_dievsys.lo src/libenvexec/strerr_warnv.lo src/libenvexec/strerr_warnvsys.lo src/libenvexec/xexec0_ae.lo src/libenvexec/xexec_ae.lo src/libenvexec/xexecvep.lo src/libenvexec/xexecvep_loose.lo src/libenvexec/xmexec0_af.lo src/libenvexec/xmexec0_afm.lo src/libenvexec/xmexec0_afn.lo src/libenvexec/xmexec_af.lo src/libenvexec/xmexec_afm.lo src/libenvexec/xmexec_afn.lo src/libenvexec/xmspawn_af.lo src/libenvexec/xmspawn_afm.lo src/libenvexec/xmspawn_afn.lo src/libplaynice/keventbridge_end.lo src/libplaynice/keventbridge_read.lo src/libplaynice/keventbridge_start.lo src/libposixplz/bsearchr.lo src/libposixplz/doublefork.lo src/libposixplz/execvep.lo src/libposixplz/execvep_internal.lo src/libposixplz/execvep_loose.lo src/libposixplz/fork_newpid.lo src/libposixplz/getpeereid.lo src/libposixplz/memmem.lo src/libposixplz/millisleep.lo src/libposixplz/mkbtemp.lo src/libposixplz/mkctemp.lo src/libposixplz/mkdirp.lo src/libposixplz/mkdirp2.lo src/libposixplz/mkfiletemp.lo src/libposixplz/mkhtemp.lo src/libposixplz/mklinktemp.lo src/libposixplz/mkltemp.lo src/libposixplz/mkntemp.lo src/libposixplz/mkptemp.lo src/libposixplz/mkptemp2.lo src/libposixplz/mkptemp3.lo src/libposixplz/munmap_void.lo src/libposixplz/pthread_mutex_tailock.lo src/libposixplz/qsortr.lo src/libposixplz/setgroups.lo src/libposixplz/strcasestr.lo src/libposixplz/strnlen.lo src/libposixplz/touch.lo src/libposixplz/unlink_void.lo src/librandom/autosurf.lo src/librandom/autosurf_name.lo src/librandom/random_buf.lo src/librandom/random_buf_early.lo src/librandom/random_devurandom.lo src/librandom/random_name_from.lo src/librandom/random_sauniquename_from.lo src/librandom/random_uint32_from.lo src/librandom/random_unsort_from.lo src/librandom/surf.lo src/librandom/surf_init.lo src/libstdcrypto/blake2s_final.lo src/libstdcrypto/blake2s_init.lo src/libstdcrypto/blake2s_transform.lo src/libstdcrypto/blake2s_update.lo src/libstdcrypto/crc32c.lo src/libstdcrypto/sha1_feed.lo src/libstdcrypto/sha1_final.lo src/libstdcrypto/sha1_init.lo src/libstdcrypto/sha1_transform.lo src/libstdcrypto/sha1_update.lo src/libstdcrypto/sha256_feed.lo src/libstdcrypto/sha256_final.lo src/libstdcrypto/sha256_init.lo src/libstdcrypto/sha256_transform.lo src/libstdcrypto/sha256_update.lo src/libstdcrypto/sha512_final.lo src/libstdcrypto/sha512_init.lo src/libstdcrypto/sha512_transform.lo src/libstdcrypto/sha512_update.lo src/libstddjb/alarm_deadline.lo src/libstddjb/alarm_disable.lo src/libstddjb/alarm_milliseconds.lo src/libstddjb/alarm_timeout.lo src/libstddjb/alloc.lo src/libstddjb/alloc_realloc.lo src/libstddjb/allread.lo src/libstddjb/allreadv.lo src/libstddjb/allreadwrite.lo src/libstddjb/allreadwritev.lo src/libstddjb/allwrite.lo src/libstddjb/allwritev.lo src/libstddjb/baprintf.lo src/libstddjb/bitarray_and.lo src/libstddjb/bitarray_clearsetn.lo src/libstddjb/bitarray_count.lo src/libstddjb/bitarray_firstclear.lo src/libstddjb/bitarray_firstclear_skip.lo src/libstddjb/bitarray_firstset.lo src/libstddjb/bitarray_firstset_skip.lo src/libstddjb/bitarray_not.lo src/libstddjb/bitarray_or.lo src/libstddjb/bitarray_testandpoke.lo src/libstddjb/bitarray_xor.lo src/libstddjb/bprintf.lo src/libstddjb/bufalloc_1.lo src/libstddjb/bufalloc_2.lo src/libstddjb/bufalloc_clean.lo src/libstddjb/bufalloc_flush.lo src/libstddjb/bufalloc_getfd.lo src/libstddjb/bufalloc_getlen.lo src/libstddjb/bufalloc_init.lo src/libstddjb/buffer_0.lo src/libstddjb/buffer_0f1.lo src/libstddjb/buffer_0small.lo src/libstddjb/buffer_1.lo src/libstddjb/buffer_1small.lo src/libstddjb/buffer_2.lo src/libstddjb/buffer_fill.lo src/libstddjb/buffer_flush.lo src/libstddjb/buffer_flush1read.lo src/libstddjb/buffer_get.lo src/libstddjb/buffer_getall.lo src/libstddjb/buffer_getallnf.lo src/libstddjb/buffer_getfd.lo src/libstddjb/buffer_getlen.lo src/libstddjb/buffer_getv.lo src/libstddjb/buffer_getvall.lo src/libstddjb/buffer_getvallnf.lo src/libstddjb/buffer_init.lo src/libstddjb/buffer_put.lo src/libstddjb/buffer_putall.lo src/libstddjb/buffer_putallnf.lo src/libstddjb/buffer_putflush.lo src/libstddjb/buffer_puts.lo src/libstddjb/buffer_putsall.lo src/libstddjb/buffer_putsallflush.lo src/libstddjb/buffer_putsallnoflush.lo src/libstddjb/buffer_putsflush.lo src/libstddjb/buffer_putsnoflush.lo src/libstddjb/buffer_putv.lo src/libstddjb/buffer_putvall.lo src/libstddjb/buffer_putvallnf.lo src/libstddjb/buffer_putvflush.lo src/libstddjb/byte_chr.lo src/libstddjb/byte_count.lo src/libstddjb/byte_in.lo src/libstddjb/byte_rchr.lo src/libstddjb/byte_search.lo src/libstddjb/byte_zzero.lo src/libstddjb/case_lowerb.lo src/libstddjb/case_lowers.lo src/libstddjb/case_startb.lo src/libstddjb/case_upperb.lo src/libstddjb/case_uppers.lo src/libstddjb/cbuffer_get.lo src/libstddjb/cbuffer_getv.lo src/libstddjb/cbuffer_init.lo src/libstddjb/cbuffer_put.lo src/libstddjb/cbuffer_putv.lo src/libstddjb/cbuffer_rpeek.lo src/libstddjb/cbuffer_rseek.lo src/libstddjb/cbuffer_unget.lo src/libstddjb/cbuffer_unput.lo src/libstddjb/cbuffer_wpeek.lo src/libstddjb/cbuffer_wseek.lo src/libstddjb/cdb_find.lo src/libstddjb/cdb_findnext.lo src/libstddjb/cdb_free.lo src/libstddjb/cdb_hash.lo src/libstddjb/cdb_hashadd.lo src/libstddjb/cdb_hashv.lo src/libstddjb/cdb_init.lo src/libstddjb/cdb_init_at.lo src/libstddjb/cdb_init_fromfd.lo src/libstddjb/cdb_p.lo src/libstddjb/cdb_traverse_next.lo src/libstddjb/cdb_zero.lo src/libstddjb/cdbmake_add.lo src/libstddjb/cdbmake_addbeginend.lo src/libstddjb/cdbmake_addv.lo src/libstddjb/cdbmake_finish.lo src/libstddjb/cdbmake_posplus.lo src/libstddjb/cdbmake_start.lo src/libstddjb/coe.lo src/libstddjb/deepsleepuntil.lo src/libstddjb/devino_cmp.lo src/libstddjb/dir_close.lo src/libstddjb/dir_fd.lo src/libstddjb/error_isalready.lo src/libstddjb/error_temp.lo src/libstddjb/fd_cat.lo src/libstddjb/fd_catn.lo src/libstddjb/fd_chdir.lo src/libstddjb/fd_chmod.lo src/libstddjb/fd_chown.lo src/libstddjb/fd_close.lo src/libstddjb/fd_copy.lo src/libstddjb/fd_copy2.lo src/libstddjb/fd_ensure_open.lo src/libstddjb/fd_islocked.lo src/libstddjb/fd_lock.lo src/libstddjb/fd_move.lo src/libstddjb/fd_move2.lo src/libstddjb/fd_read.lo src/libstddjb/fd_readv.lo src/libstddjb/fd_recv.lo src/libstddjb/fd_sanitize.lo src/libstddjb/fd_send.lo src/libstddjb/fd_shutdown.lo src/libstddjb/fd_sync.lo src/libstddjb/fd_unlock.lo src/libstddjb/fd_write.lo src/libstddjb/fd_writev.lo src/libstddjb/filecopy_suffix.lo src/libstddjb/filecopy_unsafe.lo src/libstddjb/fmtscan_asc.lo src/libstddjb/fmtscan_num.lo src/libstddjb/genalloc_deepfree.lo src/libstddjb/genwrite_flush_bufalloc.lo src/libstddjb/genwrite_flush_buffer.lo src/libstddjb/genwrite_flush_stralloc.lo src/libstddjb/genwrite_put_bufalloc.lo src/libstddjb/genwrite_put_buffer.lo src/libstddjb/genwrite_put_stralloc.lo src/libstddjb/genwrite_stderr.lo src/libstddjb/genwrite_stdout.lo src/libstddjb/getlnmax.lo src/libstddjb/getlnmaxsep.lo src/libstddjb/gol.lo src/libstddjb/gol_argv.lo src/libstddjb/gol_main.lo src/libstddjb/hiercopy.lo src/libstddjb/hiercopy_internal.lo src/libstddjb/hiercopy_loose.lo src/libstddjb/hiercopy_loose_tmp.lo src/libstddjb/hiercopy_tmp.lo src/libstddjb/int160_scan.lo src/libstddjb/int16_fmtlist.lo src/libstddjb/int16_scan.lo src/libstddjb/int16_scanlist.lo src/libstddjb/int320_scan.lo src/libstddjb/int32_fmtlist.lo src/libstddjb/int32_scan.lo src/libstddjb/int32_scanlist.lo src/libstddjb/int640_scan.lo src/libstddjb/int64_fmt_generic.lo src/libstddjb/int64_fmtlist.lo src/libstddjb/int64_scan.lo src/libstddjb/int64_scan_base_max.lo src/libstddjb/int64_scanlist.lo src/libstddjb/iopause.lo src/libstddjb/iopause_poll.lo src/libstddjb/iopause_ppoll.lo src/libstddjb/iopause_select.lo src/libstddjb/iopause_stamp.lo src/libstddjb/ip46_scan.lo src/libstddjb/ip46_scanlist.lo src/libstddjb/ip4_fmt.lo src/libstddjb/ip4_fmtu32.lo src/libstddjb/ip4_netmask.lo src/libstddjb/ip4_scan.lo src/libstddjb/ip4_scanlist.lo src/libstddjb/ip4_scanlist_u32.lo src/libstddjb/ip4_scanu32.lo src/libstddjb/ip6_fmt.lo src/libstddjb/ip6_netmask.lo src/libstddjb/ip6_scan.lo src/libstddjb/ip6_scanlist.lo src/libstddjb/ipc_accept.lo src/libstddjb/ipc_bind.lo src/libstddjb/ipc_bind_reuse.lo src/libstddjb/ipc_bind_reuse_lock_perms.lo src/libstddjb/ipc_bind_reuse_perms.lo src/libstddjb/ipc_connect.lo src/libstddjb/ipc_connected.lo src/libstddjb/ipc_dgram.lo src/libstddjb/ipc_listen.lo src/libstddjb/ipc_local.lo src/libstddjb/ipc_pair.lo src/libstddjb/ipc_recv.lo src/libstddjb/ipc_send.lo src/libstddjb/ipc_stream.lo src/libstddjb/ipc_timed_connect.lo src/libstddjb/leapsecs_add.lo src/libstddjb/leapsecs_sub.lo src/libstddjb/leapsecs_table.lo src/libstddjb/localtm_fmt.lo src/libstddjb/localtm_from_ltm64.lo src/libstddjb/localtm_from_sysclock.lo src/libstddjb/localtm_from_tai.lo src/libstddjb/localtm_from_utc.lo src/libstddjb/localtm_scan.lo src/libstddjb/localtmn_fmt.lo src/libstddjb/localtmn_from_sysclock.lo src/libstddjb/localtmn_from_tain.lo src/libstddjb/localtmn_scan.lo src/libstddjb/lolprintf.lo src/libstddjb/ltm64_from_localtm.lo src/libstddjb/ltm64_from_sysclock.lo src/libstddjb/ltm64_from_tai.lo src/libstddjb/ltm64_from_utc.lo src/libstddjb/mininetstring_read.lo src/libstddjb/ndelay_off.lo src/libstddjb/ndelay_on.lo src/libstddjb/netstring_append.lo src/libstddjb/netstring_appendv.lo src/libstddjb/netstring_decode.lo src/libstddjb/netstring_encode.lo src/libstddjb/netstring_get.lo src/libstddjb/netstring_put.lo src/libstddjb/ntp_from_tain.lo src/libstddjb/open2.lo src/libstddjb/open3.lo src/libstddjb/open_append.lo src/libstddjb/open_create.lo src/libstddjb/open_excl.lo src/libstddjb/open_read.lo src/libstddjb/open_readb.lo src/libstddjb/open_trunc.lo src/libstddjb/open_write.lo src/libstddjb/openb_read.lo src/libstddjb/openbc_read.lo src/libstddjb/openc_append.lo src/libstddjb/openc_create.lo src/libstddjb/openc_excl.lo src/libstddjb/openc_read.lo src/libstddjb/openc_readb.lo src/libstddjb/openc_trunc.lo src/libstddjb/openc_write.lo src/libstddjb/openreadfileclose.lo src/libstddjb/openreadnclose.lo src/libstddjb/openreadnclose_nb.lo src/libstddjb/openslurpnclose.lo src/libstddjb/openwritenclose5.lo src/libstddjb/openwritenclose_suffix6.lo src/libstddjb/openwritenclose_unsafe5.lo src/libstddjb/openwritevnclose5.lo src/libstddjb/openwritevnclose_suffix6.lo src/libstddjb/openwritevnclose_unsafe5.lo src/libstddjb/path_canonicalize.lo src/libstddjb/pipe_internal.lo src/libstddjb/readnclose.lo src/libstddjb/rm_rf.lo src/libstddjb/rm_rf_in_tmp.lo src/libstddjb/rm_rf_tmp.lo src/libstddjb/rmstar.lo src/libstddjb/sabasename.lo src/libstddjb/sadirname.lo src/libstddjb/sagetcwd.lo src/libstddjb/sagetexecname.lo src/libstddjb/sagethostname.lo src/libstddjb/sals.lo src/libstddjb/sanitize_read.lo src/libstddjb/sareadlink.lo src/libstddjb/sarealpath.lo src/libstddjb/satmp.lo src/libstddjb/sauniquename.lo src/libstddjb/selfpipe.lo src/libstddjb/sgetopt.lo src/libstddjb/sig0_scan.lo src/libstddjb/sig_altignore.lo src/libstddjb/sig_block.lo src/libstddjb/sig_blocknone.lo src/libstddjb/sig_catch.lo src/libstddjb/sig_name.lo src/libstddjb/sig_number.lo src/libstddjb/sig_restoreto.lo src/libstddjb/sig_unblock.lo src/libstddjb/sigfpe.lo src/libstddjb/sigsegv.lo src/libstddjb/siovec_bytechr.lo src/libstddjb/siovec_bytein.lo src/libstddjb/siovec_deal.lo src/libstddjb/siovec_gather.lo src/libstddjb/siovec_len.lo src/libstddjb/siovec_scatter.lo src/libstddjb/siovec_search.lo src/libstddjb/siovec_seek.lo src/libstddjb/siovec_trunc.lo src/libstddjb/skagetln.lo src/libstddjb/skagetln_loose.lo src/libstddjb/skagetln_nofill.lo src/libstddjb/skagetlnmaxsep.lo src/libstddjb/skagetlnsep.lo src/libstddjb/skagetlnsep_loose.lo src/libstddjb/skalibs_tzisright.lo src/libstddjb/slurpn.lo src/libstddjb/socket_accept4.lo src/libstddjb/socket_accept4_u32.lo src/libstddjb/socket_accept6.lo src/libstddjb/socket_bind4.lo src/libstddjb/socket_bind4r.lo src/libstddjb/socket_bind6.lo src/libstddjb/socket_bind6r.lo src/libstddjb/socket_connect4.lo src/libstddjb/socket_connect4_u32.lo src/libstddjb/socket_connect6.lo src/libstddjb/socket_connected.lo src/libstddjb/socket_deadlineconnstamp4.lo src/libstddjb/socket_deadlineconnstamp46.lo src/libstddjb/socket_deadlineconnstamp4_u32.lo src/libstddjb/socket_deadlineconnstamp6.lo src/libstddjb/socket_internal.lo src/libstddjb/socket_ioloop.lo src/libstddjb/socket_ioloop_send4.lo src/libstddjb/socket_ioloop_send6.lo src/libstddjb/socket_local4.lo src/libstddjb/socket_local46.lo src/libstddjb/socket_local6.lo src/libstddjb/socket_recv4.lo src/libstddjb/socket_recv46.lo src/libstddjb/socket_recv6.lo src/libstddjb/socket_recvnb46.lo src/libstddjb/socket_remote4.lo src/libstddjb/socket_remote46.lo src/libstddjb/socket_remote6.lo src/libstddjb/socket_send4.lo src/libstddjb/socket_send6.lo src/libstddjb/socket_tcp4.lo src/libstddjb/socket_tcp6.lo src/libstddjb/socket_tcpdelay.lo src/libstddjb/socket_tcpnodelay.lo src/libstddjb/socket_timeoutconn.lo src/libstddjb/socket_tryreservein.lo src/libstddjb/socket_udp4.lo src/libstddjb/socket_udp6.lo src/libstddjb/socket_waitconn.lo src/libstddjb/socketpair_internal.lo src/libstddjb/stamp.lo src/libstddjb/str_bcasecmp.lo src/libstddjb/str_bcmp.lo src/libstddjb/str_casecmp.lo src/libstddjb/str_chr.lo src/libstddjb/str_cmp.lo src/libstddjb/str_fmt.lo src/libstddjb/str_rchr.lo src/libstddjb/str_start.lo src/libstddjb/str_strn.lo src/libstddjb/stralloc_append.lo src/libstddjb/stralloc_catb.lo src/libstddjb/stralloc_catv.lo src/libstddjb/stralloc_copyb.lo src/libstddjb/stralloc_free.lo src/libstddjb/stralloc_insertb.lo src/libstddjb/stralloc_ready_tuned.lo src/libstddjb/stralloc_readyplus_tuned.lo src/libstddjb/stralloc_reverse.lo src/libstddjb/stralloc_reverse_blocks.lo src/libstddjb/stralloc_shrink.lo src/libstddjb/stralloc_zero.lo src/libstddjb/string_format.lo src/libstddjb/string_index.lo src/libstddjb/string_quote.lo src/libstddjb/string_quote_nodelim_mustquote.lo src/libstddjb/string_unquote.lo src/libstddjb/string_unquote_nodelim.lo src/libstddjb/string_unquote_withdelim.lo src/libstddjb/stringkey_bcasecmp.lo src/libstddjb/stringkey_bcmp.lo src/libstddjb/stringkey_casecmp.lo src/libstddjb/stringkey_cmp.lo src/libstddjb/strn_fmt.lo src/libstddjb/subgetopt.lo src/libstddjb/subgetopt_here.lo src/libstddjb/sysclock_from_localtm.lo src/libstddjb/sysclock_from_localtmn.lo src/libstddjb/sysclock_from_ltm64.lo src/libstddjb/sysclock_from_tai.lo src/libstddjb/sysclock_from_tain.lo src/libstddjb/sysclock_from_utc.lo src/libstddjb/sysclock_get.lo src/libstddjb/sysclock_set.lo src/libstddjb/tai_add.lo src/libstddjb/tai_from_localtm.lo src/libstddjb/tai_from_ltm64.lo src/libstddjb/tai_from_sysclock.lo src/libstddjb/tai_from_utc.lo src/libstddjb/tai_now.lo src/libstddjb/tai_pack.lo src/libstddjb/tai_pack_little.lo src/libstddjb/tai_sub.lo src/libstddjb/tai_u64.lo src/libstddjb/tai_unpack.lo src/libstddjb/tai_unpack_little.lo src/libstddjb/tain_add.lo src/libstddjb/tain_addmsec.lo src/libstddjb/tain_addsec.lo src/libstddjb/tain_approx.lo src/libstddjb/tain_earliest1.lo src/libstddjb/tain_earliestv.lo src/libstddjb/tain_fmt.lo src/libstddjb/tain_frac.lo src/libstddjb/tain_from_localtmn.lo src/libstddjb/tain_from_millisecs.lo src/libstddjb/tain_from_ntp.lo src/libstddjb/tain_from_sysclock.lo src/libstddjb/tain_from_timespec.lo src/libstddjb/tain_from_timespec_sysclock.lo src/libstddjb/tain_from_timeval.lo src/libstddjb/tain_from_timeval_sysclock.lo src/libstddjb/tain_half.lo src/libstddjb/tain_infinite.lo src/libstddjb/tain_infinite_relative.lo src/libstddjb/tain_less.lo src/libstddjb/tain_nano500.lo src/libstddjb/tain_now.lo src/libstddjb/tain_now_set_stopwatch.lo src/libstddjb/tain_now_set_wallclock.lo src/libstddjb/tain_pack.lo src/libstddjb/tain_pack_little.lo src/libstddjb/tain_relative_from_timespec.lo src/libstddjb/tain_relative_from_timeval.lo src/libstddjb/tain_scan.lo src/libstddjb/tain_setnow.lo src/libstddjb/tain_stopwatch.lo src/libstddjb/tain_sub.lo src/libstddjb/tain_to_millisecs.lo src/libstddjb/tain_ulong.lo src/libstddjb/tain_unpack.lo src/libstddjb/tain_unpack_little.lo src/libstddjb/tain_wallclock_read.lo src/libstddjb/tain_zero.lo src/libstddjb/time_from_tai.lo src/libstddjb/time_from_tai_relative.lo src/libstddjb/time_sysclock_from_tai.lo src/libstddjb/timespec_cmp.lo src/libstddjb/timespec_from_tain.lo src/libstddjb/timespec_from_tain_relative.lo src/libstddjb/timespec_sysclock_from_tain.lo src/libstddjb/timestamp.lo src/libstddjb/timestamp_fmt.lo src/libstddjb/timestamp_r.lo src/libstddjb/timestamp_scan.lo src/libstddjb/timeval_from_tain.lo src/libstddjb/timeval_from_tain_relative.lo src/libstddjb/timeval_sysclock_from_tain.lo src/libstddjb/ucharn_findlen.lo src/libstddjb/ucharn_fmt.lo src/libstddjb/ucharn_fmt_little.lo src/libstddjb/ucharn_scan.lo src/libstddjb/ucharn_scan_little.lo src/libstddjb/ucspi_get.lo src/libstddjb/uint160_scan.lo src/libstddjb/uint16_bswap.lo src/libstddjb/uint16_bswapn.lo src/libstddjb/uint16_bswapp.lo src/libstddjb/uint16_fmtlist.lo src/libstddjb/uint16_pack.lo src/libstddjb/uint16_pack_big.lo src/libstddjb/uint16_scan.lo src/libstddjb/uint16_scanlist.lo src/libstddjb/uint16_unpack.lo src/libstddjb/uint16_unpack_big.lo src/libstddjb/uint320_scan.lo src/libstddjb/uint32_bswap.lo src/libstddjb/uint32_bswapn.lo src/libstddjb/uint32_bswapp.lo src/libstddjb/uint32_fmtlist.lo src/libstddjb/uint32_pack.lo src/libstddjb/uint32_pack_big.lo src/libstddjb/uint32_scan.lo src/libstddjb/uint32_scanlist.lo src/libstddjb/uint32_unpack.lo src/libstddjb/uint32_unpack_big.lo src/libstddjb/uint640_fmt_generic.lo src/libstddjb/uint640_scan.lo src/libstddjb/uint640_scan_base_max.lo src/libstddjb/uint64_bswap.lo src/libstddjb/uint64_bswapn.lo src/libstddjb/uint64_bswapp.lo src/libstddjb/uint64_fmt_generic.lo src/libstddjb/uint64_fmtlist.lo src/libstddjb/uint64_fmtlist_generic.lo src/libstddjb/uint64_pack.lo src/libstddjb/uint64_pack_big.lo src/libstddjb/uint64_scan.lo src/libstddjb/uint64_scan_base_max.lo src/libstddjb/uint64_scanlist.lo src/libstddjb/uint64_unpack.lo src/libstddjb/uint64_unpack_big.lo src/libstddjb/uncoe.lo src/libstddjb/unsanitize_read.lo src/libstddjb/utc_from_localtm.lo src/libstddjb/utc_from_ltm64.lo src/libstddjb/utc_from_sysclock.lo src/libstddjb/utc_from_tai.lo src/libstddjb/vbaprintf.lo src/libstddjb/vbprintf.lo src/libstddjb/wait_nointr.lo src/libstddjb/wait_pid_nohang.lo src/libstddjb/wait_pids_nohang.lo src/libstddjb/wait_reap.lo src/libstddjb/waitn.lo src/libstddjb/waitn_posix.lo src/libstddjb/waitn_reap.lo src/libstddjb/waitn_reap_posix.lo src/libstddjb/waitpid_nointr.lo src/libstddjb/writenclose_unsafe5.lo src/libstddjb/writevnclose_unsafe5.lo src/libunixonacid/access_at.lo src/libunixonacid/ancil_recv_fd.lo src/libunixonacid/ancil_send_fd.lo src/libunixonacid/atomic_rm_rf.lo src/libunixonacid/atomic_rm_rf_tmp.lo src/libunixonacid/atomic_symlink.lo src/libunixonacid/atomic_symlink4.lo src/libunixonacid/bufalloc_timed_flush.lo src/libunixonacid/buffer_timed_fill.lo src/libunixonacid/buffer_timed_flush.lo src/libunixonacid/buffer_timed_get.lo src/libunixonacid/buffer_timed_getv.lo src/libunixonacid/buffer_timed_put.lo src/libunixonacid/buffer_timed_puts.lo src/libunixonacid/buffer_timed_putv.lo src/libunixonacid/emulate_at.lo src/libunixonacid/ipc_timed_recv.lo src/libunixonacid/ipc_timed_send.lo src/libunixonacid/ipc_timed_sendv.lo src/libunixonacid/kolbak_call.lo src/libunixonacid/kolbak_enqueue.lo src/libunixonacid/kolbak_queue_init.lo src/libunixonacid/kolbak_unenqueue.lo src/libunixonacid/netstring_timed_get.lo src/libunixonacid/open2_at.lo src/libunixonacid/open3_at.lo src/libunixonacid/open_appendat.lo src/libunixonacid/open_appendatb.lo src/libunixonacid/open_readat.lo src/libunixonacid/open_readatb.lo src/libunixonacid/open_truncat.lo src/libunixonacid/open_truncatb.lo src/libunixonacid/open_writeat.lo src/libunixonacid/open_writeatb.lo src/libunixonacid/openc_appendat.lo src/libunixonacid/openc_appendatb.lo src/libunixonacid/openc_readat.lo src/libunixonacid/openc_readatb.lo src/libunixonacid/openc_truncat.lo src/libunixonacid/openc_truncatb.lo src/libunixonacid/openc_writeat.lo src/libunixonacid/openc_writeatb.lo src/libunixonacid/opendir_at.lo src/libunixonacid/opengetlnclose.lo src/libunixonacid/opengetlnclose_at.lo src/libunixonacid/openreadnclose_at.lo src/libunixonacid/openslurpclose_at.lo src/libunixonacid/openwritenclose_at.lo src/libunixonacid/openwritevnclose_at.lo src/libunixonacid/sassclient_ack.lo src/libunixonacid/sassclient_cancel.lo src/libunixonacid/sassclient_cancel_internal.lo src/libunixonacid/sassclient_end.lo src/libunixonacid/sassclient_release.lo src/libunixonacid/sassclient_send.lo src/libunixonacid/sassclient_sendv.lo src/libunixonacid/sassclient_start.lo src/libunixonacid/sassclient_update.lo src/libunixonacid/sassserver.lo src/libunixonacid/sassserver_init.lo src/libunixonacid/sassserver_init_frompipe.lo src/libunixonacid/sassserver_init_fromsocket.lo src/libunixonacid/sassserver_init_structures.lo src/libunixonacid/skaclient_default_cb.lo src/libunixonacid/skaclient_end.lo src/libunixonacid/skaclient_init.lo src/libunixonacid/skaclient_put.lo src/libunixonacid/skaclient_putmsg.lo src/libunixonacid/skaclient_putmsgv.lo src/libunixonacid/skaclient_putv.lo src/libunixonacid/skaclient_send.lo src/libunixonacid/skaclient_sendmsg.lo src/libunixonacid/skaclient_sendmsgv.lo src/libunixonacid/skaclient_sendv.lo src/libunixonacid/skaclient_server_ack.lo src/libunixonacid/skaclient_server_bidi_ack.lo src/libunixonacid/skaclient_server_init.lo src/libunixonacid/skaclient_start.lo src/libunixonacid/skaclient_start_async.lo src/libunixonacid/skaclient_start_cb.lo src/libunixonacid/skaclient_startf.lo src/libunixonacid/skaclient_startf_async.lo src/libunixonacid/skaclient_syncify.lo src/libunixonacid/skaclient_zero.lo src/libunixonacid/stat_at.lo src/libunixonacid/symlink_at.lo src/libunixonacid/textclient_command.lo src/libunixonacid/textclient_commandv.lo src/libunixonacid/textclient_end.lo src/libunixonacid/textclient_server_init.lo src/libunixonacid/textclient_server_init_frompipe.lo src/libunixonacid/textclient_server_init_fromsocket.lo src/libunixonacid/textclient_start.lo src/libunixonacid/textclient_startf.lo src/libunixonacid/textclient_zero.lo src/libunixonacid/textmessage_create_send_channel.lo src/libunixonacid/textmessage_handle.lo src/libunixonacid/textmessage_put.lo src/libunixonacid/textmessage_putv.lo src/libunixonacid/textmessage_receive.lo src/libunixonacid/textmessage_receiver_0.lo src/libunixonacid/textmessage_receiver_free.lo src/libunixonacid/textmessage_receiver_hasmsginbuf.lo src/libunixonacid/textmessage_receiver_init.lo src/libunixonacid/textmessage_receiver_zero.lo src/libunixonacid/textmessage_recv_channel.lo src/libunixonacid/textmessage_sender_1.lo src/libunixonacid/textmessage_sender_flush.lo src/libunixonacid/textmessage_sender_getfd.lo src/libunixonacid/textmessage_sender_timed_flush.lo src/libunixonacid/textmessage_sender_x.lo src/libunixonacid/textmessage_sender_zero.lo src/libunixonacid/textmessage_timed_handle.lo src/libunixonacid/textmessage_timed_receive.lo src/libunixonacid/timed_flush.lo src/libunixonacid/timed_get.lo src/libunixonacid/timed_getln.lo src/libunixonacid/timed_getlnmax.lo src/libunixonacid/timed_read.lo src/libunixonacid/timed_readv.lo src/libunixonacid/timed_write.lo src/libunixonacid/timed_writev.lo src/libunixonacid/unixconnection_free.lo src/libunixonacid/unixconnection_init.lo src/libunixonacid/unixconnection_init_withclosecb.lo src/libunixonacid/unixconnection_zero.lo src/libunixonacid/unixmessage_bits_closeall.lo src/libunixonacid/unixmessage_bits_closenone.lo src/libunixonacid/unixmessage_drop.lo src/libunixonacid/unixmessage_handle.lo src/libunixonacid/unixmessage_put.lo src/libunixonacid/unixmessage_receive.lo src/libunixonacid/unixmessage_receiver_0.lo src/libunixonacid/unixmessage_receiver_free.lo src/libunixonacid/unixmessage_receiver_hasmsginbuf.lo src/libunixonacid/unixmessage_receiver_init.lo src/libunixonacid/unixmessage_sender_1.lo src/libunixonacid/unixmessage_sender_closecb.lo src/libunixonacid/unixmessage_sender_flush.lo src/libunixonacid/unixmessage_sender_free.lo src/libunixonacid/unixmessage_sender_getfd.lo src/libunixonacid/unixmessage_sender_init.lo src/libunixonacid/unixmessage_sender_init_withclosecb.lo src/libunixonacid/unixmessage_sender_timed_flush.lo src/libunixonacid/unixmessage_sender_x.lo src/libunixonacid/unixmessage_sender_zero.lo src/libunixonacid/unixmessage_timed_handle.lo src/libunixonacid/unixmessage_timed_receive.lo src/libunixonacid/unixmessage_unput.lo src/libunixonacid/unixmessage_zero.lo src/libunixonacid/unixmessagev_zero.lo 
exec ar rc libskarnet.a.xyzzy src/libdatastruct/avlnode_delete.lo src/libdatastruct/avlnode_doublerotate.lo src/libdatastruct/avlnode_extreme.lo src/libdatastruct/avlnode_extremenode.lo src/libdatastruct/avlnode_height.lo src/libdatastruct/avlnode_insertnode.lo src/libdatastruct/avlnode_iter.lo src/libdatastruct/avlnode_iter_withcancel.lo src/libdatastruct/avlnode_rotate.lo src/libdatastruct/avlnode_search.lo src/libdatastruct/avlnode_searchnode.lo src/libdatastruct/avlnode_zero.lo src/libdatastruct/avltree_delete.lo src/libdatastruct/avltree_free.lo src/libdatastruct/avltree_init.lo src/libdatastruct/avltree_insert.lo src/libdatastruct/avltree_newnode.lo src/libdatastruct/avltree_zero.lo src/libdatastruct/avltreeb_init.lo src/libdatastruct/avltreen_delete.lo src/libdatastruct/avltreen_init.lo src/libdatastruct/avltreen_insert.lo src/libdatastruct/avltreen_newnode.lo src/libdatastruct/bigkv_fill.lo src/libdatastruct/bigkv_free.lo src/libdatastruct/bigkv_search.lo src/libdatastruct/bigkv_zero.lo src/libdatastruct/genqdyn_clean.lo src/libdatastruct/genqdyn_free.lo src/libdatastruct/genqdyn_init.lo src/libdatastruct/genqdyn_pop.lo src/libdatastruct/genqdyn_push.lo src/libdatastruct/genqdyn_unpush.lo src/libdatastruct/genqdyn_zero.lo src/libdatastruct/genset.lo src/libdatastruct/genset_deepfree.lo src/libdatastruct/genset_iter_nocancel.lo src/libdatastruct/genset_iter_withcancel.lo src/libdatastruct/gensetdyn_deepfree.lo src/libdatastruct/gensetdyn_delete.lo src/libdatastruct/gensetdyn_free.lo src/libdatastruct/gensetdyn_init.lo src/libdatastruct/gensetdyn_iter_nocancel.lo src/libdatastruct/gensetdyn_iter_withcancel.lo src/libdatastruct/gensetdyn_new.lo src/libdatastruct/gensetdyn_ready.lo src/libdatastruct/gensetdyn_zero.lo src/libenvexec/child_spawn.lo src/libenvexec/child_spawn0.lo src/libenvexec/child_spawn1_internal.lo src/libenvexec/child_spawn1_pipe.lo src/libenvexec/child_spawn1_socket.lo src/libenvexec/child_spawn2.lo src/libenvexec/child_spawn3.lo src/libenvexec/cspawn.lo src/libenvexec/env_addmodif.lo src/libenvexec/env_dump.lo src/libenvexec/env_dump4.lo src/libenvexec/env_get2.lo src/libenvexec/env_len.lo src/libenvexec/env_make.lo src/libenvexec/env_merg.lo src/libenvexec/env_merge.lo src/libenvexec/env_mergen.lo src/libenvexec/env_mergn.lo src/libenvexec/env_string.lo src/libenvexec/envalloc_0.lo src/libenvexec/envalloc_make.lo src/libenvexec/envalloc_merge.lo src/libenvexec/envalloc_uniq.lo src/libenvexec/envdir.lo src/libenvexec/envdir_clamp.lo src/libenvexec/envdir_noclamp.lo src/libenvexec/exec0_ae.lo src/libenvexec/exec_ae.lo src/libenvexec/gcspawn.lo src/libenvexec/gmspawn_afn.lo src/libenvexec/mexec0_af.lo src/libenvexec/mexec0_afm.lo src/libenvexec/mexec0_afn.lo src/libenvexec/mexec_af.lo src/libenvexec/mexec_afm.lo src/libenvexec/mexec_afn.lo src/libenvexec/mspawn_af.lo src/libenvexec/mspawn_afm.lo src/libenvexec/mspawn_afn.lo src/libenvexec/prog.lo src/libenvexec/prog_pid_fill.lo src/libenvexec/strerr_diev.lo src/libenvexec/strerr_dievsys.lo src/libenvexec/strerr_warnv.lo src/libenvexec/strerr_warnvsys.lo src/libenvexec/xexec0_ae.lo src/libenvexec/xexec_ae.lo src/libenvexec/xexecvep.lo src/libenvexec/xexecvep_loose.lo src/libenvexec/xmexec0_af.lo src/libenvexec/xmexec0_afm.lo src/libenvexec/xmexec0_afn.lo src/libenvexec/xmexec_af.lo src/libenvexec/xmexec_afm.lo src/libenvexec/xmexec_afn.lo src/libenvexec/xmspawn_af.lo src/libenvexec/xmspawn_afm.lo src/libenvexec/xmspawn_afn.lo src/libplaynice/keventbridge_end.lo src/libplaynice/keventbridge_read.lo src/libplaynice/keventbridge_start.lo src/libposixplz/bsearchr.lo src/libposixplz/doublefork.lo src/libposixplz/execvep.lo src/libposixplz/execvep_internal.lo src/libposixplz/execvep_loose.lo src/libposixplz/fork_newpid.lo src/libposixplz/getpeereid.lo src/libposixplz/memmem.lo src/libposixplz/millisleep.lo src/libposixplz/mkbtemp.lo src/libposixplz/mkctemp.lo src/libposixplz/mkdirp.lo src/libposixplz/mkdirp2.lo src/libposixplz/mkfiletemp.lo src/libposixplz/mkhtemp.lo src/libposixplz/mklinktemp.lo src/libposixplz/mkltemp.lo src/libposixplz/mkntemp.lo src/libposixplz/mkptemp.lo src/libposixplz/mkptemp2.lo src/libposixplz/mkptemp3.lo src/libposixplz/munmap_void.lo src/libposixplz/pthread_mutex_tailock.lo src/libposixplz/qsortr.lo src/libposixplz/setgroups.lo src/libposixplz/strcasestr.lo src/libposixplz/strnlen.lo src/libposixplz/touch.lo src/libposixplz/unlink_void.lo src/librandom/autosurf.lo src/librandom/autosurf_name.lo src/librandom/random_buf.lo src/librandom/random_buf_early.lo src/librandom/random_devurandom.lo src/librandom/random_name_from.lo src/librandom/random_sauniquename_from.lo src/librandom/random_uint32_from.lo src/librandom/random_unsort_from.lo src/librandom/surf.lo src/librandom/surf_init.lo src/libstdcrypto/blake2s_final.lo src/libstdcrypto/blake2s_init.lo src/libstdcrypto/blake2s_transform.lo src/libstdcrypto/blake2s_update.lo src/libstdcrypto/crc32c.lo src/libstdcrypto/sha1_feed.lo src/libstdcrypto/sha1_final.lo src/libstdcrypto/sha1_init.lo src/libstdcrypto/sha1_transform.lo src/libstdcrypto/sha1_update.lo src/libstdcrypto/sha256_feed.lo src/libstdcrypto/sha256_final.lo src/libstdcrypto/sha256_init.lo src/libstdcrypto/sha256_transform.lo src/libstdcrypto/sha256_update.lo src/libstdcrypto/sha512_final.lo src/libstdcrypto/sha512_init.lo src/libstdcrypto/sha512_transform.lo src/libstdcrypto/sha512_update.lo src/libstddjb/alarm_deadline.lo src/libstddjb/alarm_disable.lo src/libstddjb/alarm_milliseconds.lo src/libstddjb/alarm_timeout.lo src/libstddjb/alloc.lo src/libstddjb/alloc_realloc.lo src/libstddjb/allread.lo src/libstddjb/allreadv.lo src/libstddjb/allreadwrite.lo src/libstddjb/allreadwritev.lo src/libstddjb/allwrite.lo src/libstddjb/allwritev.lo src/libstddjb/baprintf.lo src/libstddjb/bitarray_and.lo src/libstddjb/bitarray_clearsetn.lo src/libstddjb/bitarray_count.lo src/libstddjb/bitarray_firstclear.lo src/libstddjb/bitarray_firstclear_skip.lo src/libstddjb/bitarray_firstset.lo src/libstddjb/bitarray_firstset_skip.lo src/libstddjb/bitarray_not.lo src/libstddjb/bitarray_or.lo src/libstddjb/bitarray_testandpoke.lo src/libstddjb/bitarray_xor.lo src/libstddjb/bprintf.lo src/libstddjb/bufalloc_1.lo src/libstddjb/bufalloc_2.lo src/libstddjb/bufalloc_clean.lo src/libstddjb/bufalloc_flush.lo src/libstddjb/bufalloc_getfd.lo src/libstddjb/bufalloc_getlen.lo src/libstddjb/bufalloc_init.lo src/libstddjb/buffer_0.lo src/libstddjb/buffer_0f1.lo src/libstddjb/buffer_0small.lo src/libstddjb/buffer_1.lo src/libstddjb/buffer_1small.lo src/libstddjb/buffer_2.lo src/libstddjb/buffer_fill.lo src/libstddjb/buffer_flush.lo src/libstddjb/buffer_flush1read.lo src/libstddjb/buffer_get.lo src/libstddjb/buffer_getall.lo src/libstddjb/buffer_getallnf.lo src/libstddjb/buffer_getfd.lo src/libstddjb/buffer_getlen.lo src/libstddjb/buffer_getv.lo src/libstddjb/buffer_getvall.lo src/libstddjb/buffer_getvallnf.lo src/libstddjb/buffer_init.lo src/libstddjb/buffer_put.lo src/libstddjb/buffer_putall.lo src/libstddjb/buffer_putallnf.lo src/libstddjb/buffer_putflush.lo src/libstddjb/buffer_puts.lo src/libstddjb/buffer_putsall.lo src/libstddjb/buffer_putsallflush.lo src/libstddjb/buffer_putsallnoflush.lo src/libstddjb/buffer_putsflush.lo src/libstddjb/buffer_putsnoflush.lo src/libstddjb/buffer_putv.lo src/libstddjb/buffer_putvall.lo src/libstddjb/buffer_putvallnf.lo src/libstddjb/buffer_putvflush.lo src/libstddjb/byte_chr.lo src/libstddjb/byte_count.lo src/libstddjb/byte_in.lo src/libstddjb/byte_rchr.lo src/libstddjb/byte_search.lo src/libstddjb/byte_zzero.lo src/libstddjb/case_lowerb.lo src/libstddjb/case_lowers.lo src/libstddjb/case_startb.lo src/libstddjb/case_upperb.lo src/libstddjb/case_uppers.lo src/libstddjb/cbuffer_get.lo src/libstddjb/cbuffer_getv.lo src/libstddjb/cbuffer_init.lo src/libstddjb/cbuffer_put.lo src/libstddjb/cbuffer_putv.lo src/libstddjb/cbuffer_rpeek.lo src/libstddjb/cbuffer_rseek.lo src/libstddjb/cbuffer_unget.lo src/libstddjb/cbuffer_unput.lo src/libstddjb/cbuffer_wpeek.lo src/libstddjb/cbuffer_wseek.lo src/libstddjb/cdb_find.lo src/libstddjb/cdb_findnext.lo src/libstddjb/cdb_free.lo src/libstddjb/cdb_hash.lo src/libstddjb/cdb_hashadd.lo src/libstddjb/cdb_hashv.lo src/libstddjb/cdb_init.lo src/libstddjb/cdb_init_at.lo src/libstddjb/cdb_init_fromfd.lo src/libstddjb/cdb_p.lo src/libstddjb/cdb_traverse_next.lo src/libstddjb/cdb_zero.lo src/libstddjb/cdbmake_add.lo src/libstddjb/cdbmake_addbeginend.lo src/libstddjb/cdbmake_addv.lo src/libstddjb/cdbmake_finish.lo src/libstddjb/cdbmake_posplus.lo src/libstddjb/cdbmake_start.lo src/libstddjb/coe.lo src/libstddjb/deepsleepuntil.lo src/libstddjb/devino_cmp.lo src/libstddjb/dir_close.lo src/libstddjb/dir_fd.lo src/libstddjb/error_isalready.lo src/libstddjb/error_temp.lo src/libstddjb/fd_cat.lo src/libstddjb/fd_catn.lo src/libstddjb/fd_chdir.lo src/libstddjb/fd_chmod.lo src/libstddjb/fd_chown.lo src/libstddjb/fd_close.lo src/libstddjb/fd_copy.lo src/libstddjb/fd_copy2.lo src/libstddjb/fd_ensure_open.lo src/libstddjb/fd_islocked.lo src/libstddjb/fd_lock.lo src/libstddjb/fd_move.lo src/libstddjb/fd_move2.lo src/libstddjb/fd_read.lo src/libstddjb/fd_readv.lo src/libstddjb/fd_recv.lo src/libstddjb/fd_sanitize.lo src/libstddjb/fd_send.lo src/libstddjb/fd_shutdown.lo src/libstddjb/fd_sync.lo src/libstddjb/fd_unlock.lo src/libstddjb/fd_write.lo src/libstddjb/fd_writev.lo src/libstddjb/filecopy_suffix.lo src/libstddjb/filecopy_unsafe.lo src/libstddjb/fmtscan_asc.lo src/libstddjb/fmtscan_num.lo src/libstddjb/genalloc_deepfree.lo src/libstddjb/genwrite_flush_bufalloc.lo src/libstddjb/genwrite_flush_buffer.lo src/libstddjb/genwrite_flush_stralloc.lo src/libstddjb/genwrite_put_bufalloc.lo src/libstddjb/genwrite_put_buffer.lo src/libstddjb/genwrite_put_stralloc.lo src/libstddjb/genwrite_stderr.lo src/libstddjb/genwrite_stdout.lo src/libstddjb/getlnmax.lo src/libstddjb/getlnmaxsep.lo src/libstddjb/gol.lo src/libstddjb/gol_argv.lo src/libstddjb/gol_main.lo src/libstddjb/hiercopy.lo src/libstddjb/hiercopy_internal.lo src/libstddjb/hiercopy_loose.lo src/libstddjb/hiercopy_loose_tmp.lo src/libstddjb/hiercopy_tmp.lo src/libstddjb/int160_scan.lo src/libstddjb/int16_fmtlist.lo src/libstddjb/int16_scan.lo src/libstddjb/int16_scanlist.lo src/libstddjb/int320_scan.lo src/libstddjb/int32_fmtlist.lo src/libstddjb/int32_scan.lo src/libstddjb/int32_scanlist.lo src/libstddjb/int640_scan.lo src/libstddjb/int64_fmt_generic.lo src/libstddjb/int64_fmtlist.lo src/libstddjb/int64_scan.lo src/libstddjb/int64_scan_base_max.lo src/libstddjb/int64_scanlist.lo src/libstddjb/iopause.lo src/libstddjb/iopause_poll.lo src/libstddjb/iopause_ppoll.lo src/libstddjb/iopause_select.lo src/libstddjb/iopause_stamp.lo src/libstddjb/ip46_scan.lo src/libstddjb/ip46_scanlist.lo src/libstddjb/ip4_fmt.lo src/libstddjb/ip4_fmtu32.lo src/libstddjb/ip4_netmask.lo src/libstddjb/ip4_scan.lo src/libstddjb/ip4_scanlist.lo src/libstddjb/ip4_scanlist_u32.lo src/libstddjb/ip4_scanu32.lo src/libstddjb/ip6_fmt.lo src/libstddjb/ip6_netmask.lo src/libstddjb/ip6_scan.lo src/libstddjb/ip6_scanlist.lo src/libstddjb/ipc_accept.lo src/libstddjb/ipc_bind.lo src/libstddjb/ipc_bind_reuse.lo src/libstddjb/ipc_bind_reuse_lock_perms.lo src/libstddjb/ipc_bind_reuse_perms.lo src/libstddjb/ipc_connect.lo src/libstddjb/ipc_connected.lo src/libstddjb/ipc_dgram.lo src/libstddjb/ipc_listen.lo src/libstddjb/ipc_local.lo src/libstddjb/ipc_pair.lo src/libstddjb/ipc_recv.lo src/libstddjb/ipc_send.lo src/libstddjb/ipc_stream.lo src/libstddjb/ipc_timed_connect.lo src/libstddjb/leapsecs_add.lo src/libstddjb/leapsecs_sub.lo src/libstddjb/leapsecs_table.lo src/libstddjb/localtm_fmt.lo src/libstddjb/localtm_from_ltm64.lo src/libstddjb/localtm_from_sysclock.lo src/libstddjb/localtm_from_tai.lo src/libstddjb/localtm_from_utc.lo src/libstddjb/localtm_scan.lo src/libstddjb/localtmn_fmt.lo src/libstddjb/localtmn_from_sysclock.lo src/libstddjb/localtmn_from_tain.lo src/libstddjb/localtmn_scan.lo src/libstddjb/lolprintf.lo src/libstddjb/ltm64_from_localtm.lo src/libstddjb/ltm64_from_sysclock.lo src/libstddjb/ltm64_from_tai.lo src/libstddjb/ltm64_from_utc.lo src/libstddjb/mininetstring_read.lo src/libstddjb/ndelay_off.lo src/libstddjb/ndelay_on.lo src/libstddjb/netstring_append.lo src/libstddjb/netstring_appendv.lo src/libstddjb/netstring_decode.lo src/libstddjb/netstring_encode.lo src/libstddjb/netstring_get.lo src/libstddjb/netstring_put.lo src/libstddjb/ntp_from_tain.lo src/libstddjb/open2.lo src/libstddjb/open3.lo src/libstddjb/open_append.lo src/libstddjb/open_create.lo src/libstddjb/open_excl.lo src/libstddjb/open_read.lo src/libstddjb/open_readb.lo src/libstddjb/open_trunc.lo src/libstddjb/open_write.lo src/libstddjb/openb_read.lo src/libstddjb/openbc_read.lo src/libstddjb/openc_append.lo src/libstddjb/openc_create.lo src/libstddjb/openc_excl.lo src/libstddjb/openc_read.lo src/libstddjb/openc_readb.lo src/libstddjb/openc_trunc.lo src/libstddjb/openc_write.lo src/libstddjb/openreadfileclose.lo src/libstddjb/openreadnclose.lo src/libstddjb/openreadnclose_nb.lo src/libstddjb/openslurpnclose.lo src/libstddjb/openwritenclose5.lo src/libstddjb/openwritenclose_suffix6.lo src/libstddjb/openwritenclose_unsafe5.lo src/libstddjb/openwritevnclose5.lo src/libstddjb/openwritevnclose_suffix6.lo src/libstddjb/openwritevnclose_unsafe5.lo src/libstddjb/path_canonicalize.lo src/libstddjb/pipe_internal.lo src/libstddjb/readnclose.lo src/libstddjb/rm_rf.lo src/libstddjb/rm_rf_in_tmp.lo src/libstddjb/rm_rf_tmp.lo src/libstddjb/rmstar.lo src/libstddjb/sabasename.lo src/libstddjb/sadirname.lo src/libstddjb/sagetcwd.lo src/libstddjb/sagetexecname.lo src/libstddjb/sagethostname.lo src/libstddjb/sals.lo src/libstddjb/sanitize_read.lo src/libstddjb/sareadlink.lo src/libstddjb/sarealpath.lo src/libstddjb/satmp.lo src/libstddjb/sauniquename.lo src/libstddjb/selfpipe.lo src/libstddjb/sgetopt.lo src/libstddjb/sig0_scan.lo src/libstddjb/sig_altignore.lo src/libstddjb/sig_block.lo src/libstddjb/sig_blocknone.lo src/libstddjb/sig_catch.lo src/libstddjb/sig_name.lo src/libstddjb/sig_number.lo src/libstddjb/sig_restoreto.lo src/libstddjb/sig_unblock.lo src/libstddjb/sigfpe.lo src/libstddjb/sigsegv.lo src/libstddjb/siovec_bytechr.lo src/libstddjb/siovec_bytein.lo src/libstddjb/siovec_deal.lo src/libstddjb/siovec_gather.lo src/libstddjb/siovec_len.lo src/libstddjb/siovec_scatter.lo src/libstddjb/siovec_search.lo src/libstddjb/siovec_seek.lo src/libstddjb/siovec_trunc.lo src/libstddjb/skagetln.lo src/libstddjb/skagetln_loose.lo src/libstddjb/skagetln_nofill.lo src/libstddjb/skagetlnmaxsep.lo src/libstddjb/skagetlnsep.lo src/libstddjb/skagetlnsep_loose.lo src/libstddjb/skalibs_tzisright.lo src/libstddjb/slurpn.lo src/libstddjb/socket_accept4.lo src/libstddjb/socket_accept4_u32.lo src/libstddjb/socket_accept6.lo src/libstddjb/socket_bind4.lo src/libstddjb/socket_bind4r.lo src/libstddjb/socket_bind6.lo src/libstddjb/socket_bind6r.lo src/libstddjb/socket_connect4.lo src/libstddjb/socket_connect4_u32.lo src/libstddjb/socket_connect6.lo src/libstddjb/socket_connected.lo src/libstddjb/socket_deadlineconnstamp4.lo src/libstddjb/socket_deadlineconnstamp46.lo src/libstddjb/socket_deadlineconnstamp4_u32.lo src/libstddjb/socket_deadlineconnstamp6.lo src/libstddjb/socket_internal.lo src/libstddjb/socket_ioloop.lo src/libstddjb/socket_ioloop_send4.lo src/libstddjb/socket_ioloop_send6.lo src/libstddjb/socket_local4.lo src/libstddjb/socket_local46.lo src/libstddjb/socket_local6.lo src/libstddjb/socket_recv4.lo src/libstddjb/socket_recv46.lo src/libstddjb/socket_recv6.lo src/libstddjb/socket_recvnb46.lo src/libstddjb/socket_remote4.lo src/libstddjb/socket_remote46.lo src/libstddjb/socket_remote6.lo src/libstddjb/socket_send4.lo src/libstddjb/socket_send6.lo src/libstddjb/socket_tcp4.lo src/libstddjb/socket_tcp6.lo src/libstddjb/socket_tcpdelay.lo src/libstddjb/socket_tcpnodelay.lo src/libstddjb/socket_timeoutconn.lo src/libstddjb/socket_tryreservein.lo src/libstddjb/socket_udp4.lo src/libstddjb/socket_udp6.lo src/libstddjb/socket_waitconn.lo src/libstddjb/socketpair_internal.lo src/libstddjb/stamp.lo src/libstddjb/str_bcasecmp.lo src/libstddjb/str_bcmp.lo src/libstddjb/str_casecmp.lo src/libstddjb/str_chr.lo src/libstddjb/str_cmp.lo src/libstddjb/str_fmt.lo src/libstddjb/str_rchr.lo src/libstddjb/str_start.lo src/libstddjb/str_strn.lo src/libstddjb/stralloc_append.lo src/libstddjb/stralloc_catb.lo src/libstddjb/stralloc_catv.lo src/libstddjb/stralloc_copyb.lo src/libstddjb/stralloc_free.lo src/libstddjb/stralloc_insertb.lo src/libstddjb/stralloc_ready_tuned.lo src/libstddjb/stralloc_readyplus_tuned.lo src/libstddjb/stralloc_reverse.lo src/libstddjb/stralloc_reverse_blocks.lo src/libstddjb/stralloc_shrink.lo src/libstddjb/stralloc_zero.lo src/libstddjb/string_format.lo src/libstddjb/string_index.lo src/libstddjb/string_quote.lo src/libstddjb/string_quote_nodelim_mustquote.lo src/libstddjb/string_unquote.lo src/libstddjb/string_unquote_nodelim.lo src/libstddjb/string_unquote_withdelim.lo src/libstddjb/stringkey_bcasecmp.lo src/libstddjb/stringkey_bcmp.lo src/libstddjb/stringkey_casecmp.lo src/libstddjb/stringkey_cmp.lo src/libstddjb/strn_fmt.lo src/libstddjb/subgetopt.lo src/libstddjb/subgetopt_here.lo src/libstddjb/sysclock_from_localtm.lo src/libstddjb/sysclock_from_localtmn.lo src/libstddjb/sysclock_from_ltm64.lo src/libstddjb/sysclock_from_tai.lo src/libstddjb/sysclock_from_tain.lo src/libstddjb/sysclock_from_utc.lo src/libstddjb/sysclock_get.lo src/libstddjb/sysclock_set.lo src/libstddjb/tai_add.lo src/libstddjb/tai_from_localtm.lo src/libstddjb/tai_from_ltm64.lo src/libstddjb/tai_from_sysclock.lo src/libstddjb/tai_from_utc.lo src/libstddjb/tai_now.lo src/libstddjb/tai_pack.lo src/libstddjb/tai_pack_little.lo src/libstddjb/tai_sub.lo src/libstddjb/tai_u64.lo src/libstddjb/tai_unpack.lo src/libstddjb/tai_unpack_little.lo src/libstddjb/tain_add.lo src/libstddjb/tain_addmsec.lo src/libstddjb/tain_addsec.lo src/libstddjb/tain_approx.lo src/libstddjb/tain_earliest1.lo src/libstddjb/tain_earliestv.lo src/libstddjb/tain_fmt.lo src/libstddjb/tain_frac.lo src/libstddjb/tain_from_localtmn.lo src/libstddjb/tain_from_millisecs.lo src/libstddjb/tain_from_ntp.lo src/libstddjb/tain_from_sysclock.lo src/libstddjb/tain_from_timespec.lo src/libstddjb/tain_from_timespec_sysclock.lo src/libstddjb/tain_from_timeval.lo src/libstddjb/tain_from_timeval_sysclock.lo src/libstddjb/tain_half.lo src/libstddjb/tain_infinite.lo src/libstddjb/tain_infinite_relative.lo src/libstddjb/tain_less.lo src/libstddjb/tain_nano500.lo src/libstddjb/tain_now.lo src/libstddjb/tain_now_set_stopwatch.lo src/libstddjb/tain_now_set_wallclock.lo src/libstddjb/tain_pack.lo src/libstddjb/tain_pack_little.lo src/libstddjb/tain_relative_from_timespec.lo src/libstddjb/tain_relative_from_timeval.lo src/libstddjb/tain_scan.lo src/libstddjb/tain_setnow.lo src/libstddjb/tain_stopwatch.lo src/libstddjb/tain_sub.lo src/libstddjb/tain_to_millisecs.lo src/libstddjb/tain_ulong.lo src/libstddjb/tain_unpack.lo src/libstddjb/tain_unpack_little.lo src/libstddjb/tain_wallclock_read.lo src/libstddjb/tain_zero.lo src/libstddjb/time_from_tai.lo src/libstddjb/time_from_tai_relative.lo src/libstddjb/time_sysclock_from_tai.lo src/libstddjb/timespec_cmp.lo src/libstddjb/timespec_from_tain.lo src/libstddjb/timespec_from_tain_relative.lo src/libstddjb/timespec_sysclock_from_tain.lo src/libstddjb/timestamp.lo src/libstddjb/timestamp_fmt.lo src/libstddjb/timestamp_r.lo src/libstddjb/timestamp_scan.lo src/libstddjb/timeval_from_tain.lo src/libstddjb/timeval_from_tain_relative.lo src/libstddjb/timeval_sysclock_from_tain.lo src/libstddjb/ucharn_findlen.lo src/libstddjb/ucharn_fmt.lo src/libstddjb/ucharn_fmt_little.lo src/libstddjb/ucharn_scan.lo src/libstddjb/ucharn_scan_little.lo src/libstddjb/ucspi_get.lo src/libstddjb/uint160_scan.lo src/libstddjb/uint16_bswap.lo src/libstddjb/uint16_bswapn.lo src/libstddjb/uint16_bswapp.lo src/libstddjb/uint16_fmtlist.lo src/libstddjb/uint16_pack.lo src/libstddjb/uint16_pack_big.lo src/libstddjb/uint16_scan.lo src/libstddjb/uint16_scanlist.lo src/libstddjb/uint16_unpack.lo src/libstddjb/uint16_unpack_big.lo src/libstddjb/uint320_scan.lo src/libstddjb/uint32_bswap.lo src/libstddjb/uint32_bswapn.lo src/libstddjb/uint32_bswapp.lo src/libstddjb/uint32_fmtlist.lo src/libstddjb/uint32_pack.lo src/libstddjb/uint32_pack_big.lo src/libstddjb/uint32_scan.lo src/libstddjb/uint32_scanlist.lo src/libstddjb/uint32_unpack.lo src/libstddjb/uint32_unpack_big.lo src/libstddjb/uint640_fmt_generic.lo src/libstddjb/uint640_scan.lo src/libstddjb/uint640_scan_base_max.lo src/libstddjb/uint64_bswap.lo src/libstddjb/uint64_bswapn.lo src/libstddjb/uint64_bswapp.lo src/libstddjb/uint64_fmt_generic.lo src/libstddjb/uint64_fmtlist.lo src/libstddjb/uint64_fmtlist_generic.lo src/libstddjb/uint64_pack.lo src/libstddjb/uint64_pack_big.lo src/libstddjb/uint64_scan.lo src/libstddjb/uint64_scan_base_max.lo src/libstddjb/uint64_scanlist.lo src/libstddjb/uint64_unpack.lo src/libstddjb/uint64_unpack_big.lo src/libstddjb/uncoe.lo src/libstddjb/unsanitize_read.lo src/libstddjb/utc_from_localtm.lo src/libstddjb/utc_from_ltm64.lo src/libstddjb/utc_from_sysclock.lo src/libstddjb/utc_from_tai.lo src/libstddjb/vbaprintf.lo src/libstddjb/vbprintf.lo src/libstddjb/wait_nointr.lo src/libstddjb/wait_pid_nohang.lo src/libstddjb/wait_pids_nohang.lo src/libstddjb/wait_reap.lo src/libstddjb/waitn.lo src/libstddjb/waitn_posix.lo src/libstddjb/waitn_reap.lo src/libstddjb/waitn_reap_posix.lo src/libstddjb/waitpid_nointr.lo src/libstddjb/writenclose_unsafe5.lo src/libstddjb/writevnclose_unsafe5.lo src/libunixonacid/access_at.lo src/libunixonacid/ancil_recv_fd.lo src/libunixonacid/ancil_send_fd.lo src/libunixonacid/atomic_rm_rf.lo src/libunixonacid/atomic_rm_rf_tmp.lo src/libunixonacid/atomic_symlink.lo src/libunixonacid/atomic_symlink4.lo src/libunixonacid/bufalloc_timed_flush.lo src/libunixonacid/buffer_timed_fill.lo src/libunixonacid/buffer_timed_flush.lo src/libunixonacid/buffer_timed_get.lo src/libunixonacid/buffer_timed_getv.lo src/libunixonacid/buffer_timed_put.lo src/libunixonacid/buffer_timed_puts.lo src/libunixonacid/buffer_timed_putv.lo src/libunixonacid/emulate_at.lo src/libunixonacid/ipc_timed_recv.lo src/libunixonacid/ipc_timed_send.lo src/libunixonacid/ipc_timed_sendv.lo src/libunixonacid/kolbak_call.lo src/libunixonacid/kolbak_enqueue.lo src/libunixonacid/kolbak_queue_init.lo src/libunixonacid/kolbak_unenqueue.lo src/libunixonacid/netstring_timed_get.lo src/libunixonacid/open2_at.lo src/libunixonacid/open3_at.lo src/libunixonacid/open_appendat.lo src/libunixonacid/open_appendatb.lo src/libunixonacid/open_readat.lo src/libunixonacid/open_readatb.lo src/libunixonacid/open_truncat.lo src/libunixonacid/open_truncatb.lo src/libunixonacid/open_writeat.lo src/libunixonacid/open_writeatb.lo src/libunixonacid/openc_appendat.lo src/libunixonacid/openc_appendatb.lo src/libunixonacid/openc_readat.lo src/libunixonacid/openc_readatb.lo src/libunixonacid/openc_truncat.lo src/libunixonacid/openc_truncatb.lo src/libunixonacid/openc_writeat.lo src/libunixonacid/openc_writeatb.lo src/libunixonacid/opendir_at.lo src/libunixonacid/opengetlnclose.lo src/libunixonacid/opengetlnclose_at.lo src/libunixonacid/openreadnclose_at.lo src/libunixonacid/openslurpclose_at.lo src/libunixonacid/openwritenclose_at.lo src/libunixonacid/openwritevnclose_at.lo src/libunixonacid/sassclient_ack.lo src/libunixonacid/sassclient_cancel.lo src/libunixonacid/sassclient_cancel_internal.lo src/libunixonacid/sassclient_end.lo src/libunixonacid/sassclient_release.lo src/libunixonacid/sassclient_send.lo src/libunixonacid/sassclient_sendv.lo src/libunixonacid/sassclient_start.lo src/libunixonacid/sassclient_update.lo src/libunixonacid/sassserver.lo src/libunixonacid/sassserver_init.lo src/libunixonacid/sassserver_init_frompipe.lo src/libunixonacid/sassserver_init_fromsocket.lo src/libunixonacid/sassserver_init_structures.lo src/libunixonacid/skaclient_default_cb.lo src/libunixonacid/skaclient_end.lo src/libunixonacid/skaclient_init.lo src/libunixonacid/skaclient_put.lo src/libunixonacid/skaclient_putmsg.lo src/libunixonacid/skaclient_putmsgv.lo src/libunixonacid/skaclient_putv.lo src/libunixonacid/skaclient_send.lo src/libunixonacid/skaclient_sendmsg.lo src/libunixonacid/skaclient_sendmsgv.lo src/libunixonacid/skaclient_sendv.lo src/libunixonacid/skaclient_server_ack.lo src/libunixonacid/skaclient_server_bidi_ack.lo src/libunixonacid/skaclient_server_init.lo src/libunixonacid/skaclient_start.lo src/libunixonacid/skaclient_start_async.lo src/libunixonacid/skaclient_start_cb.lo src/libunixonacid/skaclient_startf.lo src/libunixonacid/skaclient_startf_async.lo src/libunixonacid/skaclient_syncify.lo src/libunixonacid/skaclient_zero.lo src/libunixonacid/stat_at.lo src/libunixonacid/symlink_at.lo src/libunixonacid/textclient_command.lo src/libunixonacid/textclient_commandv.lo src/libunixonacid/textclient_end.lo src/libunixonacid/textclient_server_init.lo src/libunixonacid/textclient_server_init_frompipe.lo src/libunixonacid/textclient_server_init_fromsocket.lo src/libunixonacid/textclient_start.lo src/libunixonacid/textclient_startf.lo src/libunixonacid/textclient_zero.lo src/libunixonacid/textmessage_create_send_channel.lo src/libunixonacid/textmessage_handle.lo src/libunixonacid/textmessage_put.lo src/libunixonacid/textmessage_putv.lo src/libunixonacid/textmessage_receive.lo src/libunixonacid/textmessage_receiver_0.lo src/libunixonacid/textmessage_receiver_free.lo src/libunixonacid/textmessage_receiver_hasmsginbuf.lo src/libunixonacid/textmessage_receiver_init.lo src/libunixonacid/textmessage_receiver_zero.lo src/libunixonacid/textmessage_recv_channel.lo src/libunixonacid/textmessage_sender_1.lo src/libunixonacid/textmessage_sender_flush.lo src/libunixonacid/textmessage_sender_getfd.lo src/libunixonacid/textmessage_sender_timed_flush.lo src/libunixonacid/textmessage_sender_x.lo src/libunixonacid/textmessage_sender_zero.lo src/libunixonacid/textmessage_timed_handle.lo src/libunixonacid/textmessage_timed_receive.lo src/libunixonacid/timed_flush.lo src/libunixonacid/timed_get.lo src/libunixonacid/timed_getln.lo src/libunixonacid/timed_getlnmax.lo src/libunixonacid/timed_read.lo src/libunixonacid/timed_readv.lo src/libunixonacid/timed_write.lo src/libunixonacid/timed_writev.lo src/libunixonacid/unixconnection_free.lo src/libunixonacid/unixconnection_init.lo src/libunixonacid/unixconnection_init_withclosecb.lo src/libunixonacid/unixconnection_zero.lo src/libunixonacid/unixmessage_bits_closeall.lo src/libunixonacid/unixmessage_bits_closenone.lo src/libunixonacid/unixmessage_drop.lo src/libunixonacid/unixmessage_handle.lo src/libunixonacid/unixmessage_put.lo src/libunixonacid/unixmessage_receive.lo src/libunixonacid/unixmessage_receiver_0.lo src/libunixonacid/unixmessage_receiver_free.lo src/libunixonacid/unixmessage_receiver_hasmsginbuf.lo src/libunixonacid/unixmessage_receiver_init.lo src/libunixonacid/unixmessage_sender_1.lo src/libunixonacid/unixmessage_sender_closecb.lo src/libunixonacid/unixmessage_sender_flush.lo src/libunixonacid/unixmessage_sender_free.lo src/libunixonacid/unixmessage_sender_getfd.lo src/libunixonacid/unixmessage_sender_init.lo src/libunixonacid/unixmessage_sender_init_withclosecb.lo src/libunixonacid/unixmessage_sender_timed_flush.lo src/libunixonacid/unixmessage_sender_x.lo src/libunixonacid/unixmessage_sender_zero.lo src/libunixonacid/unixmessage_timed_handle.lo src/libunixonacid/unixmessage_timed_receive.lo src/libunixonacid/unixmessage_unput.lo src/libunixonacid/unixmessage_zero.lo src/libunixonacid/unixmessagev_zero.lo
exec ranlib libskarnet.a.xyzzy
/Library/Developer/CommandLineTools/usr/bin/ranlib: for architecture: x86_64 file: libskarnet.a.xyzzy(getpeereid.lo) has no symbols
/Library/Developer/CommandLineTools/usr/bin/ranlib: for architecture: x86_64 file: libskarnet.a.xyzzy(memmem.lo) has no symbols
/Library/Developer/CommandLineTools/usr/bin/ranlib: for architecture: x86_64 file: libskarnet.a.xyzzy(strcasestr.lo) has no symbols
/Library/Developer/CommandLineTools/usr/bin/ranlib: for architecture: x86_64 file: libskarnet.a.xyzzy(strnlen.lo) has no symbols
/Library/Developer/CommandLineTools/usr/bin/ranlib: for architecture: x86_64 file: libskarnet.a.xyzzy(emulate_at.lo) has no symbols
make: Leaving directory `/private/tmp/mp-skarnet.BQSnVP/prefix/var/macports/build/skalibs-21047c8b/work/skalibs-2.15.1.0'
--->  Staging skalibs into destroot
. changed
	user expected 0 found 501 not modified: Operation not permitted
	gid expected 0 found 80 not modified: Operation not permitted
./usr missing (created)
./usr: user & group not modified: Operation not permitted
. missing (directory not created: File exists)
./Applications missing (created)
./Applications: user not modified: Operation not permitted
./Developer missing (created)
./Developer: user not modified: Operation not permitted
./Library missing (created)
./Library: user not modified: Operation not permitted
. changed
	user expected 0 found 501 not modified: Operation not permitted
./bin missing (created)
./bin: user not modified: Operation not permitted
./etc missing (created)
./etc: user not modified: Operation not permitted
./include missing (created)
./include: user not modified: Operation not permitted
./lib missing (created)
./lib/pkgconfig missing (created)
./lib/pkgconfig: user not modified: Operation not permitted
./lib: user not modified: Operation not permitted
./libexec missing (created)
./libexec: user not modified: Operation not permitted
./sbin missing (created)
./sbin: user not modified: Operation not permitted
./share missing (created)
./share/doc missing (created)
./share/doc: user not modified: Operation not permitted
./share/info missing (created)
./share/info: user not modified: Operation not permitted
./share/man missing (created)
./share/man/cat1 missing (created)
./share/man/cat1: user not modified: Operation not permitted
./share/man/cat2 missing (created)
./share/man/cat2: user not modified: Operation not permitted
./share/man/cat3 missing (created)
./share/man/cat3: user not modified: Operation not permitted
./share/man/cat4 missing (created)
./share/man/cat4: user not modified: Operation not permitted
./share/man/cat5 missing (created)
./share/man/cat5: user not modified: Operation not permitted
./share/man/cat6 missing (created)
./share/man/cat6: user not modified: Operation not permitted
./share/man/cat7 missing (created)
./share/man/cat7: user not modified: Operation not permitted
./share/man/cat8 missing (created)
./share/man/cat8: user not modified: Operation not permitted
./share/man/cat9 missing (created)
./share/man/cat9: user not modified: Operation not permitted
./share/man/catl missing (created)
./share/man/catl: user not modified: Operation not permitted
./share/man/catn missing (created)
./share/man/catn: user not modified: Operation not permitted
./share/man/man1 missing (created)
./share/man/man1: user not modified: Operation not permitted
./share/man/man2 missing (created)
./share/man/man2: user not modified: Operation not permitted
./share/man/man3 missing (created)
./share/man/man3: user not modified: Operation not permitted
./share/man/man4 missing (created)
./share/man/man4: user not modified: Operation not permitted
./share/man/man5 missing (created)
./share/man/man5: user not modified: Operation not permitted
./share/man/man6 missing (created)
./share/man/man6: user not modified: Operation not permitted
./share/man/man7 missing (created)
./share/man/man7: user not modified: Operation not permitted
./share/man/man8 missing (created)
./share/man/man8: user not modified: Operation not permitted
./share/man/man9 missing (created)
./share/man/man9: user not modified: Operation not permitted
./share/man/manl missing (created)
./share/man/manl: user not modified: Operation not permitted
./share/man/mann missing (created)
./share/man/mann: user not modified: Operation not permitted
./share/man: user not modified: Operation not permitted
./share/nls missing (created)
./share/nls/C missing (created)
./share/nls/C: user not modified: Operation not permitted
./share/nls/af_ZA.ISO8859-1 missing (created)
./share/nls/af_ZA.ISO8859-1: user not modified: Operation not permitted
./share/nls/af_ZA.ISO8859-15 missing (created)
./share/nls/af_ZA.ISO8859-15: user not modified: Operation not permitted
./share/nls/bg_BG.CP1251 missing (created)
./share/nls/bg_BG.CP1251: user not modified: Operation not permitted
./share/nls/cs_CZ.ISO8859-2 missing (created)
./share/nls/cs_CZ.ISO8859-2: user not modified: Operation not permitted
./share/nls/da_DK.ISO8859-1 missing (created)
./share/nls/da_DK.ISO8859-1: user not modified: Operation not permitted
./share/nls/da_DK.ISO8859-15 missing (created)
./share/nls/da_DK.ISO8859-15: user not modified: Operation not permitted
./share/nls/de_AT.ISO8859-1 missing (created)
./share/nls/de_AT.ISO8859-1: user not modified: Operation not permitted
./share/nls/de_AT.ISO8859-15 missing (created)
./share/nls/de_AT.ISO8859-15: user not modified: Operation not permitted
./share/nls/de_CH.ISO8859-1 missing (created)
./share/nls/de_CH.ISO8859-1: user not modified: Operation not permitted
./share/nls/de_CH.ISO8859-15 missing (created)
./share/nls/de_CH.ISO8859-15: user not modified: Operation not permitted
./share/nls/de_DE.ISO8859-1 missing (created)
./share/nls/de_DE.ISO8859-1: user not modified: Operation not permitted
./share/nls/de_DE.ISO8859-15 missing (created)
./share/nls/de_DE.ISO8859-15: user not modified: Operation not permitted
./share/nls/el_GR.ISO8859-7 missing (created)
./share/nls/el_GR.ISO8859-7: user not modified: Operation not permitted
./share/nls/en_AU.ISO8859-1 missing (created)
./share/nls/en_AU.ISO8859-1: user not modified: Operation not permitted
./share/nls/en_AU.ISO8859-15 missing (created)
./share/nls/en_AU.ISO8859-15: user not modified: Operation not permitted
./share/nls/en_AU.US-ASCII missing (created)
./share/nls/en_AU.US-ASCII: user not modified: Operation not permitted
./share/nls/en_CA.ISO8859-1 missing (created)
./share/nls/en_CA.ISO8859-1: user not modified: Operation not permitted
./share/nls/en_CA.ISO8859-15 missing (created)
./share/nls/en_CA.ISO8859-15: user not modified: Operation not permitted
./share/nls/en_CA.US-ASCII missing (created)
./share/nls/en_CA.US-ASCII: user not modified: Operation not permitted
./share/nls/en_GB.ISO8859-1 missing (created)
./share/nls/en_GB.ISO8859-1: user not modified: Operation not permitted
./share/nls/en_GB.ISO8859-15 missing (created)
./share/nls/en_GB.ISO8859-15: user not modified: Operation not permitted
./share/nls/en_GB.US-ASCII missing (created)
./share/nls/en_GB.US-ASCII: user not modified: Operation not permitted
./share/nls/en_NZ.ISO8859-1 missing (created)
./share/nls/en_NZ.ISO8859-1: user not modified: Operation not permitted
./share/nls/en_NZ.ISO8859-15 missing (created)
./share/nls/en_NZ.ISO8859-15: user not modified: Operation not permitted
./share/nls/en_NZ.US-ASCII missing (created)
./share/nls/en_NZ.US-ASCII: user not modified: Operation not permitted
./share/nls/en_US.ISO8859-1 missing (created)
./share/nls/en_US.ISO8859-1: user not modified: Operation not permitted
./share/nls/en_US.ISO8859-15 missing (created)
./share/nls/en_US.ISO8859-15: user not modified: Operation not permitted
./share/nls/es_ES.ISO8859-1 missing (created)
./share/nls/es_ES.ISO8859-1: user not modified: Operation not permitted
./share/nls/es_ES.ISO8859-15 missing (created)
./share/nls/es_ES.ISO8859-15: user not modified: Operation not permitted
./share/nls/et_EE.ISO8859-15 missing (created)
./share/nls/et_EE.ISO8859-15: user not modified: Operation not permitted
./share/nls/fi_FI.ISO8859-1 missing (created)
./share/nls/fi_FI.ISO8859-1: user not modified: Operation not permitted
./share/nls/fi_FI.ISO8859-15 missing (created)
./share/nls/fi_FI.ISO8859-15: user not modified: Operation not permitted
./share/nls/fr_BE.ISO8859-1 missing (created)
./share/nls/fr_BE.ISO8859-1: user not modified: Operation not permitted
./share/nls/fr_BE.ISO8859-15 missing (created)
./share/nls/fr_BE.ISO8859-15: user not modified: Operation not permitted
./share/nls/fr_CA.ISO8859-1 missing (created)
./share/nls/fr_CA.ISO8859-1: user not modified: Operation not permitted
./share/nls/fr_CA.ISO8859-15 missing (created)
./share/nls/fr_CA.ISO8859-15: user not modified: Operation not permitted
./share/nls/fr_CH.ISO8859-1 missing (created)
./share/nls/fr_CH.ISO8859-1: user not modified: Operation not permitted
./share/nls/fr_CH.ISO8859-15 missing (created)
./share/nls/fr_CH.ISO8859-15: user not modified: Operation not permitted
./share/nls/fr_FR.ISO8859-1 missing (created)
./share/nls/fr_FR.ISO8859-1: user not modified: Operation not permitted
./share/nls/fr_FR.ISO8859-15 missing (created)
./share/nls/fr_FR.ISO8859-15: user not modified: Operation not permitted
./share/nls/hi_IN.ISCII-DEV missing (created)
./share/nls/hi_IN.ISCII-DEV: user not modified: Operation not permitted
./share/nls/hr_HR.ISO8859-2 missing (created)
./share/nls/hr_HR.ISO8859-2: user not modified: Operation not permitted
./share/nls/hu_HU.ISO8859-2 missing (created)
./share/nls/hu_HU.ISO8859-2: user not modified: Operation not permitted
./share/nls/is_IS.ISO8859-1 missing (created)
./share/nls/is_IS.ISO8859-1: user not modified: Operation not permitted
./share/nls/is_IS.ISO8859-15 missing (created)
./share/nls/is_IS.ISO8859-15: user not modified: Operation not permitted
./share/nls/it_CH.ISO8859-1 missing (created)
./share/nls/it_CH.ISO8859-1: user not modified: Operation not permitted
./share/nls/it_CH.ISO8859-15 missing (created)
./share/nls/it_CH.ISO8859-15: user not modified: Operation not permitted
./share/nls/it_IT.ISO8859-1 missing (created)
./share/nls/it_IT.ISO8859-1: user not modified: Operation not permitted
./share/nls/it_IT.ISO8859-15 missing (created)
./share/nls/it_IT.ISO8859-15: user not modified: Operation not permitted
./share/nls/ja_JP.SJIS missing (created)
./share/nls/ja_JP.SJIS: user not modified: Operation not permitted
./share/nls/ja_JP.eucJP missing (created)
./share/nls/ja_JP.eucJP: user not modified: Operation not permitted
./share/nls/ko_KR.eucKR missing (created)
./share/nls/ko_KR.eucKR: user not modified: Operation not permitted
./share/nls/la_LN.ISO8859-1 missing (created)
./share/nls/la_LN.ISO8859-1: user not modified: Operation not permitted
./share/nls/la_LN.ISO8859-15 missing (created)
./share/nls/la_LN.ISO8859-15: user not modified: Operation not permitted
./share/nls/la_LN.ISO8859-2 missing (created)
./share/nls/la_LN.ISO8859-2: user not modified: Operation not permitted
./share/nls/la_LN.ISO8859-4 missing (created)
./share/nls/la_LN.ISO8859-4: user not modified: Operation not permitted
./share/nls/la_LN.US-ASCII missing (created)
./share/nls/la_LN.US-ASCII: user not modified: Operation not permitted
./share/nls/lt_LT.ISO8859-4 missing (created)
./share/nls/lt_LT.ISO8859-4: user not modified: Operation not permitted
./share/nls/nl_BE.ISO8859-1 missing (created)
./share/nls/nl_BE.ISO8859-1: user not modified: Operation not permitted
./share/nls/nl_BE.ISO8859-15 missing (created)
./share/nls/nl_BE.ISO8859-15: user not modified: Operation not permitted
./share/nls/nl_NL.ISO8859-1 missing (created)
./share/nls/nl_NL.ISO8859-1: user not modified: Operation not permitted
./share/nls/nl_NL.ISO8859-15 missing (created)
./share/nls/nl_NL.ISO8859-15: user not modified: Operation not permitted
./share/nls/no_NO.ISO8859-1 missing (created)
./share/nls/no_NO.ISO8859-1: user not modified: Operation not permitted
./share/nls/no_NO.ISO8859-15 missing (created)
./share/nls/no_NO.ISO8859-15: user not modified: Operation not permitted
./share/nls/pl_PL.ISO8859-2 missing (created)
./share/nls/pl_PL.ISO8859-2: user not modified: Operation not permitted
./share/nls/pt_BR.ISO8859-1 missing (created)
./share/nls/pt_BR.ISO8859-1: user not modified: Operation not permitted
./share/nls/pt_PT.ISO8859-1 missing (created)
./share/nls/pt_PT.ISO8859-1: user not modified: Operation not permitted
./share/nls/pt_PT.ISO8859-15 missing (created)
./share/nls/pt_PT.ISO8859-15: user not modified: Operation not permitted
./share/nls/ro_RO.ISO8859-2 missing (created)
./share/nls/ro_RO.ISO8859-2: user not modified: Operation not permitted
./share/nls/ru_RU.CP866 missing (created)
./share/nls/ru_RU.CP866: user not modified: Operation not permitted
./share/nls/ru_RU.ISO8859-5 missing (created)
./share/nls/ru_RU.ISO8859-5: user not modified: Operation not permitted
./share/nls/ru_RU.KOI8-R missing (created)
./share/nls/ru_RU.KOI8-R: user not modified: Operation not permitted
./share/nls/sk_SK.ISO8859-2 missing (created)
./share/nls/sk_SK.ISO8859-2: user not modified: Operation not permitted
./share/nls/sl_SI.ISO8859-2 missing (created)
./share/nls/sl_SI.ISO8859-2: user not modified: Operation not permitted
./share/nls/sv_SE.ISO8859-1 missing (created)
./share/nls/sv_SE.ISO8859-1: user not modified: Operation not permitted
./share/nls/sv_SE.ISO8859-15 missing (created)
./share/nls/sv_SE.ISO8859-15: user not modified: Operation not permitted
./share/nls/tr_TR.ISO8859-9 missing (created)
./share/nls/tr_TR.ISO8859-9: user not modified: Operation not permitted
./share/nls/uk_UA.ISO8859-5 missing (created)
./share/nls/uk_UA.ISO8859-5: user not modified: Operation not permitted
./share/nls/uk_UA.KOI8-U missing (created)
./share/nls/uk_UA.KOI8-U: user not modified: Operation not permitted
./share/nls/zh_CN.eucCN missing (created)
./share/nls/zh_CN.eucCN: user not modified: Operation not permitted
./share/nls/zh_TW.Big5 missing (created)
./share/nls/zh_TW.Big5: user not modified: Operation not permitted
./share/nls: user not modified: Operation not permitted
./share/skel missing (created)
./share/skel: user not modified: Operation not permitted
./share: user not modified: Operation not permitted
./var missing (created)
./var/cache missing (created)
./var/cache: user not modified: Operation not permitted
./var/db missing (created)
./var/db: user not modified: Operation not permitted
./var/log missing (created)
./var/log: user not modified: Operation not permitted
./var/run missing (created)
./var/run: user not modified: Operation not permitted
./var/spool missing (created)
./var/spool: user not modified: Operation not permitted
./var: user not modified: Operation not permitted
./www missing (created)
./www: user not modified: Operation not permitted
Executing:  cd "/private/tmp/mp-skarnet.BQSnVP/prefix/var/macports/build/skalibs-21047c8b/work/skalibs-2.15.1.0" && /usr/bin/make -w install DESTDIR=/private/tmp/mp-skarnet.BQSnVP/prefix/var/macports/build/skalibs-21047c8b/work/destroot 
make: Entering directory `/private/tmp/mp-skarnet.BQSnVP/prefix/var/macports/build/skalibs-21047c8b/work/skalibs-2.15.1.0'
exec ./tools/install.sh -D -m 644 sysdeps.cfg/pthread.lib /private/tmp/mp-skarnet.BQSnVP/prefix/var/macports/build/skalibs-21047c8b/work/destroot/private/tmp/mp-skarnet.BQSnVP/prefix/lib/skalibs/sysdeps/pthread.lib
exec ./tools/install.sh -D -m 644 sysdeps.cfg/socket.lib /private/tmp/mp-skarnet.BQSnVP/prefix/var/macports/build/skalibs-21047c8b/work/destroot/private/tmp/mp-skarnet.BQSnVP/prefix/lib/skalibs/sysdeps/socket.lib
exec ./tools/install.sh -D -m 644 sysdeps.cfg/spawn.lib /private/tmp/mp-skarnet.BQSnVP/prefix/var/macports/build/skalibs-21047c8b/work/destroot/private/tmp/mp-skarnet.BQSnVP/prefix/lib/skalibs/sysdeps/spawn.lib
exec ./tools/install.sh -D -m 644 sysdeps.cfg/sysclock.lib /private/tmp/mp-skarnet.BQSnVP/prefix/var/macports/build/skalibs-21047c8b/work/destroot/private/tmp/mp-skarnet.BQSnVP/prefix/lib/skalibs/sysdeps/sysclock.lib
exec ./tools/install.sh -D -m 644 sysdeps.cfg/sysdeps /private/tmp/mp-skarnet.BQSnVP/prefix/var/macports/build/skalibs-21047c8b/work/destroot/private/tmp/mp-skarnet.BQSnVP/prefix/lib/skalibs/sysdeps/sysdeps
exec ./tools/install.sh -D -m 644 sysdeps.cfg/target /private/tmp/mp-skarnet.BQSnVP/prefix/var/macports/build/skalibs-21047c8b/work/destroot/private/tmp/mp-skarnet.BQSnVP/prefix/lib/skalibs/sysdeps/target
exec ./tools/install.sh -D -m 644 sysdeps.cfg/timer.lib /private/tmp/mp-skarnet.BQSnVP/prefix/var/macports/build/skalibs-21047c8b/work/destroot/private/tmp/mp-skarnet.BQSnVP/prefix/lib/skalibs/sysdeps/timer.lib
exec ./tools/install.sh -D -m 644 sysdeps.cfg/util.lib /private/tmp/mp-skarnet.BQSnVP/prefix/var/macports/build/skalibs-21047c8b/work/destroot/private/tmp/mp-skarnet.BQSnVP/prefix/lib/skalibs/sysdeps/util.lib
./tools/install.sh -D -m 755 libskarnet.dylib.xyzzy /private/tmp/mp-skarnet.BQSnVP/prefix/var/macports/build/skalibs-21047c8b/work/destroot/private/tmp/mp-skarnet.BQSnVP/prefix/lib/libskarnet.2.15.1.0.dylib && \
	./tools/install.sh -l libskarnet.2.15.1.0.dylib /private/tmp/mp-skarnet.BQSnVP/prefix/var/macports/build/skalibs-21047c8b/work/destroot/private/tmp/mp-skarnet.BQSnVP/prefix/lib/libskarnet.2.15.dylib && \
	./tools/install.sh -l libskarnet.2.15.dylib /private/tmp/mp-skarnet.BQSnVP/prefix/var/macports/build/skalibs-21047c8b/work/destroot/private/tmp/mp-skarnet.BQSnVP/prefix/lib/libskarnet.527.dylib && \
	exec ./tools/install.sh -l libskarnet.527.dylib /private/tmp/mp-skarnet.BQSnVP/prefix/var/macports/build/skalibs-21047c8b/work/destroot/private/tmp/mp-skarnet.BQSnVP/prefix/lib/libskarnet.dylib
exec ./tools/install.sh -D -m 644 libskarnet.a.xyzzy /private/tmp/mp-skarnet.BQSnVP/prefix/var/macports/build/skalibs-21047c8b/work/destroot/private/tmp/mp-skarnet.BQSnVP/prefix/lib/libskarnet.a
exec ./tools/install.sh -D -m 644 src/include/skalibs/alarm.h /private/tmp/mp-skarnet.BQSnVP/prefix/var/macports/build/skalibs-21047c8b/work/destroot/private/tmp/mp-skarnet.BQSnVP/prefix/include/skalibs/alarm.h
exec ./tools/install.sh -D -m 644 src/include/skalibs/alloc.h /private/tmp/mp-skarnet.BQSnVP/prefix/var/macports/build/skalibs-21047c8b/work/destroot/private/tmp/mp-skarnet.BQSnVP/prefix/include/skalibs/alloc.h
exec ./tools/install.sh -D -m 644 src/include/skalibs/allreadwrite.h /private/tmp/mp-skarnet.BQSnVP/prefix/var/macports/build/skalibs-21047c8b/work/destroot/private/tmp/mp-skarnet.BQSnVP/prefix/include/skalibs/allreadwrite.h
exec ./tools/install.sh -D -m 644 src/include/skalibs/ancil.h /private/tmp/mp-skarnet.BQSnVP/prefix/var/macports/build/skalibs-21047c8b/work/destroot/private/tmp/mp-skarnet.BQSnVP/prefix/include/skalibs/ancil.h
exec ./tools/install.sh -D -m 644 src/include/skalibs/avlnode.h /private/tmp/mp-skarnet.BQSnVP/prefix/var/macports/build/skalibs-21047c8b/work/destroot/private/tmp/mp-skarnet.BQSnVP/prefix/include/skalibs/avlnode.h
exec ./tools/install.sh -D -m 644 src/include/skalibs/avltree.h /private/tmp/mp-skarnet.BQSnVP/prefix/var/macports/build/skalibs-21047c8b/work/destroot/private/tmp/mp-skarnet.BQSnVP/prefix/include/skalibs/avltree.h
exec ./tools/install.sh -D -m 644 src/include/skalibs/avltreen.h /private/tmp/mp-skarnet.BQSnVP/prefix/var/macports/build/skalibs-21047c8b/work/destroot/private/tmp/mp-skarnet.BQSnVP/prefix/include/skalibs/avltreen.h
exec ./tools/install.sh -D -m 644 src/include/skalibs/bigkv.h /private/tmp/mp-skarnet.BQSnVP/prefix/var/macports/build/skalibs-21047c8b/work/destroot/private/tmp/mp-skarnet.BQSnVP/prefix/include/skalibs/bigkv.h
exec ./tools/install.sh -D -m 644 src/include/skalibs/bitarray.h /private/tmp/mp-skarnet.BQSnVP/prefix/var/macports/build/skalibs-21047c8b/work/destroot/private/tmp/mp-skarnet.BQSnVP/prefix/include/skalibs/bitarray.h
exec ./tools/install.sh -D -m 644 src/include/skalibs/blake2s.h /private/tmp/mp-skarnet.BQSnVP/prefix/var/macports/build/skalibs-21047c8b/work/destroot/private/tmp/mp-skarnet.BQSnVP/prefix/include/skalibs/blake2s.h
exec ./tools/install.sh -D -m 644 src/include/skalibs/bsdsnowflake.h /private/tmp/mp-skarnet.BQSnVP/prefix/var/macports/build/skalibs-21047c8b/work/destroot/private/tmp/mp-skarnet.BQSnVP/prefix/include/skalibs/bsdsnowflake.h
exec ./tools/install.sh -D -m 644 src/include/skalibs/bufalloc.h /private/tmp/mp-skarnet.BQSnVP/prefix/var/macports/build/skalibs-21047c8b/work/destroot/private/tmp/mp-skarnet.BQSnVP/prefix/include/skalibs/bufalloc.h
exec ./tools/install.sh -D -m 644 src/include/skalibs/buffer.h /private/tmp/mp-skarnet.BQSnVP/prefix/var/macports/build/skalibs-21047c8b/work/destroot/private/tmp/mp-skarnet.BQSnVP/prefix/include/skalibs/buffer.h
exec ./tools/install.sh -D -m 644 src/include/skalibs/bytestr.h /private/tmp/mp-skarnet.BQSnVP/prefix/var/macports/build/skalibs-21047c8b/work/destroot/private/tmp/mp-skarnet.BQSnVP/prefix/include/skalibs/bytestr.h
exec ./tools/install.sh -D -m 644 src/include/skalibs/cbuffer.h /private/tmp/mp-skarnet.BQSnVP/prefix/var/macports/build/skalibs-21047c8b/work/destroot/private/tmp/mp-skarnet.BQSnVP/prefix/include/skalibs/cbuffer.h
exec ./tools/install.sh -D -m 644 src/include/skalibs/cdb.h /private/tmp/mp-skarnet.BQSnVP/prefix/var/macports/build/skalibs-21047c8b/work/destroot/private/tmp/mp-skarnet.BQSnVP/prefix/include/skalibs/cdb.h
exec ./tools/install.sh -D -m 644 src/include/skalibs/cdbmake.h /private/tmp/mp-skarnet.BQSnVP/prefix/var/macports/build/skalibs-21047c8b/work/destroot/private/tmp/mp-skarnet.BQSnVP/prefix/include/skalibs/cdbmake.h
exec ./tools/install.sh -D -m 644 src/include/skalibs/config.h /private/tmp/mp-skarnet.BQSnVP/prefix/var/macports/build/skalibs-21047c8b/work/destroot/private/tmp/mp-skarnet.BQSnVP/prefix/include/skalibs/config.h
exec ./tools/install.sh -D -m 644 src/include/skalibs/cplz.h /private/tmp/mp-skarnet.BQSnVP/prefix/var/macports/build/skalibs-21047c8b/work/destroot/private/tmp/mp-skarnet.BQSnVP/prefix/include/skalibs/cplz.h
exec ./tools/install.sh -D -m 644 src/include/skalibs/crc32c.h /private/tmp/mp-skarnet.BQSnVP/prefix/var/macports/build/skalibs-21047c8b/work/destroot/private/tmp/mp-skarnet.BQSnVP/prefix/include/skalibs/crc32c.h
exec ./tools/install.sh -D -m 644 src/include/skalibs/cspawn.h /private/tmp/mp-skarnet.BQSnVP/prefix/var/macports/build/skalibs-21047c8b/work/destroot/private/tmp/mp-skarnet.BQSnVP/prefix/include/skalibs/cspawn.h
exec ./tools/install.sh -D -m 644 src/include/skalibs/datastruct.h /private/tmp/mp-skarnet.BQSnVP/prefix/var/macports/build/skalibs-21047c8b/work/destroot/private/tmp/mp-skarnet.BQSnVP/prefix/include/skalibs/datastruct.h
exec ./tools/install.sh -D -m 644 src/include/skalibs/devino.h /private/tmp/mp-skarnet.BQSnVP/prefix/var/macports/build/skalibs-21047c8b/work/destroot/private/tmp/mp-skarnet.BQSnVP/prefix/include/skalibs/devino.h
exec ./tools/install.sh -D -m 644 src/include/skalibs/direntry.h /private/tmp/mp-skarnet.BQSnVP/prefix/var/macports/build/skalibs-21047c8b/work/destroot/private/tmp/mp-skarnet.BQSnVP/prefix/include/skalibs/direntry.h
exec ./tools/install.sh -D -m 644 src/include/skalibs/disize.h /private/tmp/mp-skarnet.BQSnVP/prefix/var/macports/build/skalibs-21047c8b/work/destroot/private/tmp/mp-skarnet.BQSnVP/prefix/include/skalibs/disize.h
exec ./tools/install.sh -D -m 644 src/include/skalibs/diuint.h /private/tmp/mp-skarnet.BQSnVP/prefix/var/macports/build/skalibs-21047c8b/work/destroot/private/tmp/mp-skarnet.BQSnVP/prefix/include/skalibs/diuint.h
exec ./tools/install.sh -D -m 644 src/include/skalibs/diuint32.h /private/tmp/mp-skarnet.BQSnVP/prefix/var/macports/build/skalibs-21047c8b/work/destroot/private/tmp/mp-skarnet.BQSnVP/prefix/include/skalibs/diuint32.h
exec ./tools/install.sh -D -m 644 src/include/skalibs/djbtime.h /private/tmp/mp-skarnet.BQSnVP/prefix/var/macports/build/skalibs-21047c8b/work/destroot/private/tmp/mp-skarnet.BQSnVP/prefix/include/skalibs/djbtime.h
exec ./tools/install.sh -D -m 644 src/include/skalibs/djbunix.h /private/tmp/mp-skarnet.BQSnVP/prefix/var/macports/build/skalibs-21047c8b/work/destroot/private/tmp/mp-skarnet.BQSnVP/prefix/include/skalibs/djbunix.h
exec ./tools/install.sh -D -m 644 src/include/skalibs/env.h /private/tmp/mp-skarnet.BQSnVP/prefix/var/macports/build/skalibs-21047c8b/work/destroot/private/tmp/mp-skarnet.BQSnVP/prefix/include/skalibs/env.h
exec ./tools/install.sh -D -m 644 src/include/skalibs/envalloc.h /private/tmp/mp-skarnet.BQSnVP/prefix/var/macports/build/skalibs-21047c8b/work/destroot/private/tmp/mp-skarnet.BQSnVP/prefix/include/skalibs/envalloc.h
exec ./tools/install.sh -D -m 644 src/include/skalibs/envexec.h /private/tmp/mp-skarnet.BQSnVP/prefix/var/macports/build/skalibs-21047c8b/work/destroot/private/tmp/mp-skarnet.BQSnVP/prefix/include/skalibs/envexec.h
exec ./tools/install.sh -D -m 644 src/include/skalibs/error.h /private/tmp/mp-skarnet.BQSnVP/prefix/var/macports/build/skalibs-21047c8b/work/destroot/private/tmp/mp-skarnet.BQSnVP/prefix/include/skalibs/error.h
exec ./tools/install.sh -D -m 644 src/include/skalibs/exec.h /private/tmp/mp-skarnet.BQSnVP/prefix/var/macports/build/skalibs-21047c8b/work/destroot/private/tmp/mp-skarnet.BQSnVP/prefix/include/skalibs/exec.h
exec ./tools/install.sh -D -m 644 src/include/skalibs/fcntl.h /private/tmp/mp-skarnet.BQSnVP/prefix/var/macports/build/skalibs-21047c8b/work/destroot/private/tmp/mp-skarnet.BQSnVP/prefix/include/skalibs/fcntl.h
exec ./tools/install.sh -D -m 644 src/include/skalibs/fmtscan.h /private/tmp/mp-skarnet.BQSnVP/prefix/var/macports/build/skalibs-21047c8b/work/destroot/private/tmp/mp-skarnet.BQSnVP/prefix/include/skalibs/fmtscan.h
exec ./tools/install.sh -D -m 644 src/include/skalibs/functypes.h /private/tmp/mp-skarnet.BQSnVP/prefix/var/macports/build/skalibs-21047c8b/work/destroot/private/tmp/mp-skarnet.BQSnVP/prefix/include/skalibs/functypes.h
exec ./tools/install.sh -D -m 644 src/include/skalibs/gccattributes.h /private/tmp/mp-skarnet.BQSnVP/prefix/var/macports/build/skalibs-21047c8b/work/destroot/private/tmp/mp-skarnet.BQSnVP/prefix/include/skalibs/gccattributes.h
exec ./tools/install.sh -D -m 644 src/include/skalibs/genalloc.h /private/tmp/mp-skarnet.BQSnVP/prefix/var/macports/build/skalibs-21047c8b/work/destroot/private/tmp/mp-skarnet.BQSnVP/prefix/include/skalibs/genalloc.h
exec ./tools/install.sh -D -m 644 src/include/skalibs/genqdyn.h /private/tmp/mp-skarnet.BQSnVP/prefix/var/macports/build/skalibs-21047c8b/work/destroot/private/tmp/mp-skarnet.BQSnVP/prefix/include/skalibs/genqdyn.h
exec ./tools/install.sh -D -m 644 src/include/skalibs/genset.h /private/tmp/mp-skarnet.BQSnVP/prefix/var/macports/build/skalibs-21047c8b/work/destroot/private/tmp/mp-skarnet.BQSnVP/prefix/include/skalibs/genset.h
exec ./tools/install.sh -D -m 644 src/include/skalibs/gensetdyn.h /private/tmp/mp-skarnet.BQSnVP/prefix/var/macports/build/skalibs-21047c8b/work/destroot/private/tmp/mp-skarnet.BQSnVP/prefix/include/skalibs/gensetdyn.h
exec ./tools/install.sh -D -m 644 src/include/skalibs/genwrite.h /private/tmp/mp-skarnet.BQSnVP/prefix/var/macports/build/skalibs-21047c8b/work/destroot/private/tmp/mp-skarnet.BQSnVP/prefix/include/skalibs/genwrite.h
exec ./tools/install.sh -D -m 644 src/include/skalibs/gol.h /private/tmp/mp-skarnet.BQSnVP/prefix/var/macports/build/skalibs-21047c8b/work/destroot/private/tmp/mp-skarnet.BQSnVP/prefix/include/skalibs/gol.h
exec ./tools/install.sh -D -m 644 src/include/skalibs/iopause.h /private/tmp/mp-skarnet.BQSnVP/prefix/var/macports/build/skalibs-21047c8b/work/destroot/private/tmp/mp-skarnet.BQSnVP/prefix/include/skalibs/iopause.h
exec ./tools/install.sh -D -m 644 src/include/skalibs/ip46.h /private/tmp/mp-skarnet.BQSnVP/prefix/var/macports/build/skalibs-21047c8b/work/destroot/private/tmp/mp-skarnet.BQSnVP/prefix/include/skalibs/ip46.h
exec ./tools/install.sh -D -m 644 src/include/skalibs/keventbridge.h /private/tmp/mp-skarnet.BQSnVP/prefix/var/macports/build/skalibs-21047c8b/work/destroot/private/tmp/mp-skarnet.BQSnVP/prefix/include/skalibs/keventbridge.h
exec ./tools/install.sh -D -m 644 src/include/skalibs/kolbak.h /private/tmp/mp-skarnet.BQSnVP/prefix/var/macports/build/skalibs-21047c8b/work/destroot/private/tmp/mp-skarnet.BQSnVP/prefix/include/skalibs/kolbak.h
exec ./tools/install.sh -D -m 644 src/include/skalibs/lolstdio.h /private/tmp/mp-skarnet.BQSnVP/prefix/var/macports/build/skalibs-21047c8b/work/destroot/private/tmp/mp-skarnet.BQSnVP/prefix/include/skalibs/lolstdio.h
exec ./tools/install.sh -D -m 644 src/include/skalibs/netstring.h /private/tmp/mp-skarnet.BQSnVP/prefix/var/macports/build/skalibs-21047c8b/work/destroot/private/tmp/mp-skarnet.BQSnVP/prefix/include/skalibs/netstring.h
exec ./tools/install.sh -D -m 644 src/include/skalibs/nonposix.h /private/tmp/mp-skarnet.BQSnVP/prefix/var/macports/build/skalibs-21047c8b/work/destroot/private/tmp/mp-skarnet.BQSnVP/prefix/include/skalibs/nonposix.h
exec ./tools/install.sh -D -m 644 src/include/skalibs/nsig.h /private/tmp/mp-skarnet.BQSnVP/prefix/var/macports/build/skalibs-21047c8b/work/destroot/private/tmp/mp-skarnet.BQSnVP/prefix/include/skalibs/nsig.h
exec ./tools/install.sh -D -m 644 src/include/skalibs/playnice.h /private/tmp/mp-skarnet.BQSnVP/prefix/var/macports/build/skalibs-21047c8b/work/destroot/private/tmp/mp-skarnet.BQSnVP/prefix/include/skalibs/playnice.h
exec ./tools/install.sh -D -m 644 src/include/skalibs/posixishard.h /private/tmp/mp-skarnet.BQSnVP/prefix/var/macports/build/skalibs-21047c8b/work/destroot/private/tmp/mp-skarnet.BQSnVP/prefix/include/skalibs/posixishard.h
exec ./tools/install.sh -D -m 644 src/include/skalibs/posixplz.h /private/tmp/mp-skarnet.BQSnVP/prefix/var/macports/build/skalibs-21047c8b/work/destroot/private/tmp/mp-skarnet.BQSnVP/prefix/include/skalibs/posixplz.h
exec ./tools/install.sh -D -m 644 src/include/skalibs/prog.h /private/tmp/mp-skarnet.BQSnVP/prefix/var/macports/build/skalibs-21047c8b/work/destroot/private/tmp/mp-skarnet.BQSnVP/prefix/include/skalibs/prog.h
exec ./tools/install.sh -D -m 644 src/include/skalibs/pthread.h /private/tmp/mp-skarnet.BQSnVP/prefix/var/macports/build/skalibs-21047c8b/work/destroot/private/tmp/mp-skarnet.BQSnVP/prefix/include/skalibs/pthread.h
exec ./tools/install.sh -D -m 644 src/include/skalibs/random.h /private/tmp/mp-skarnet.BQSnVP/prefix/var/macports/build/skalibs-21047c8b/work/destroot/private/tmp/mp-skarnet.BQSnVP/prefix/include/skalibs/random.h
exec ./tools/install.sh -D -m 644 src/include/skalibs/sass.h /private/tmp/mp-skarnet.BQSnVP/prefix/var/macports/build/skalibs-21047c8b/work/destroot/private/tmp/mp-skarnet.BQSnVP/prefix/include/skalibs/sass.h
exec ./tools/install.sh -D -m 644 src/include/skalibs/sassclient.h /private/tmp/mp-skarnet.BQSnVP/prefix/var/macports/build/skalibs-21047c8b/work/destroot/private/tmp/mp-skarnet.BQSnVP/prefix/include/skalibs/sassclient.h
exec ./tools/install.sh -D -m 644 src/include/skalibs/sassserver.h /private/tmp/mp-skarnet.BQSnVP/prefix/var/macports/build/skalibs-21047c8b/work/destroot/private/tmp/mp-skarnet.BQSnVP/prefix/include/skalibs/sassserver.h
exec ./tools/install.sh -D -m 644 src/include/skalibs/segfault.h /private/tmp/mp-skarnet.BQSnVP/prefix/var/macports/build/skalibs-21047c8b/work/destroot/private/tmp/mp-skarnet.BQSnVP/prefix/include/skalibs/segfault.h
exec ./tools/install.sh -D -m 644 src/include/skalibs/selfpipe.h /private/tmp/mp-skarnet.BQSnVP/prefix/var/macports/build/skalibs-21047c8b/work/destroot/private/tmp/mp-skarnet.BQSnVP/prefix/include/skalibs/selfpipe.h
exec ./tools/install.sh -D -m 644 src/include/skalibs/setgroups.h /private/tmp/mp-skarnet.BQSnVP/prefix/var/macports/build/skalibs-21047c8b/work/destroot/private/tmp/mp-skarnet.BQSnVP/prefix/include/skalibs/setgroups.h
exec ./tools/install.sh -D -m 644 src/include/skalibs/sgetopt.h /private/tmp/mp-skarnet.BQSnVP/prefix/var/macports/build/skalibs-21047c8b/work/destroot/private/tmp/mp-skarnet.BQSnVP/prefix/include/skalibs/sgetopt.h
exec ./tools/install.sh -D -m 644 src/include/skalibs/sha1.h /private/tmp/mp-skarnet.BQSnVP/prefix/var/macports/build/skalibs-21047c8b/work/destroot/private/tmp/mp-skarnet.BQSnVP/prefix/include/skalibs/sha1.h
exec ./tools/install.sh -D -m 644 src/include/skalibs/sha256.h /private/tmp/mp-skarnet.BQSnVP/prefix/var/macports/build/skalibs-21047c8b/work/destroot/private/tmp/mp-skarnet.BQSnVP/prefix/include/skalibs/sha256.h
exec ./tools/install.sh -D -m 644 src/include/skalibs/sha512.h /private/tmp/mp-skarnet.BQSnVP/prefix/var/macports/build/skalibs-21047c8b/work/destroot/private/tmp/mp-skarnet.BQSnVP/prefix/include/skalibs/sha512.h
exec ./tools/install.sh -D -m 644 src/include/skalibs/sig.h /private/tmp/mp-skarnet.BQSnVP/prefix/var/macports/build/skalibs-21047c8b/work/destroot/private/tmp/mp-skarnet.BQSnVP/prefix/include/skalibs/sig.h
exec ./tools/install.sh -D -m 644 src/include/skalibs/siovec.h /private/tmp/mp-skarnet.BQSnVP/prefix/var/macports/build/skalibs-21047c8b/work/destroot/private/tmp/mp-skarnet.BQSnVP/prefix/include/skalibs/siovec.h
exec ./tools/install.sh -D -m 644 src/include/skalibs/skaclient.h /private/tmp/mp-skarnet.BQSnVP/prefix/var/macports/build/skalibs-21047c8b/work/destroot/private/tmp/mp-skarnet.BQSnVP/prefix/include/skalibs/skaclient.h
exec ./tools/install.sh -D -m 644 src/include/skalibs/skalibs.h /private/tmp/mp-skarnet.BQSnVP/prefix/var/macports/build/skalibs-21047c8b/work/destroot/private/tmp/mp-skarnet.BQSnVP/prefix/include/skalibs/skalibs.h
exec ./tools/install.sh -D -m 644 src/include/skalibs/skamisc.h /private/tmp/mp-skarnet.BQSnVP/prefix/var/macports/build/skalibs-21047c8b/work/destroot/private/tmp/mp-skarnet.BQSnVP/prefix/include/skalibs/skamisc.h
exec ./tools/install.sh -D -m 644 src/include/skalibs/socket.h /private/tmp/mp-skarnet.BQSnVP/prefix/var/macports/build/skalibs-21047c8b/work/destroot/private/tmp/mp-skarnet.BQSnVP/prefix/include/skalibs/socket.h
exec ./tools/install.sh -D -m 644 src/include/skalibs/stat.h /private/tmp/mp-skarnet.BQSnVP/prefix/var/macports/build/skalibs-21047c8b/work/destroot/private/tmp/mp-skarnet.BQSnVP/prefix/include/skalibs/stat.h
exec ./tools/install.sh -D -m 644 src/include/skalibs/stdcrypto.h /private/tmp/mp-skarnet.BQSnVP/prefix/var/macports/build/skalibs-21047c8b/work/destroot/private/tmp/mp-skarnet.BQSnVP/prefix/include/skalibs/stdcrypto.h
exec ./tools/install.sh -D -m 644 src/include/skalibs/stddjb.h /private/tmp/mp-skarnet.BQSnVP/prefix/var/macports/build/skalibs-21047c8b/work/destroot/private/tmp/mp-skarnet.BQSnVP/prefix/include/skalibs/stddjb.h
exec ./tools/install.sh -D -m 644 src/include/skalibs/stralloc.h /private/tmp/mp-skarnet.BQSnVP/prefix/var/macports/build/skalibs-21047c8b/work/destroot/private/tmp/mp-skarnet.BQSnVP/prefix/include/skalibs/stralloc.h
exec ./tools/install.sh -D -m 644 src/include/skalibs/strerr.h /private/tmp/mp-skarnet.BQSnVP/prefix/var/macports/build/skalibs-21047c8b/work/destroot/private/tmp/mp-skarnet.BQSnVP/prefix/include/skalibs/strerr.h
exec ./tools/install.sh -D -m 644 src/include/skalibs/surf.h /private/tmp/mp-skarnet.BQSnVP/prefix/var/macports/build/skalibs-21047c8b/work/destroot/private/tmp/mp-skarnet.BQSnVP/prefix/include/skalibs/surf.h
exec ./tools/install.sh -D -m 644 src/include/skalibs/sysdeps.h /private/tmp/mp-skarnet.BQSnVP/prefix/var/macports/build/skalibs-21047c8b/work/destroot/private/tmp/mp-skarnet.BQSnVP/prefix/include/skalibs/sysdeps.h
exec ./tools/install.sh -D -m 644 src/include/skalibs/tai.h /private/tmp/mp-skarnet.BQSnVP/prefix/var/macports/build/skalibs-21047c8b/work/destroot/private/tmp/mp-skarnet.BQSnVP/prefix/include/skalibs/tai.h
exec ./tools/install.sh -D -m 644 src/include/skalibs/textclient.h /private/tmp/mp-skarnet.BQSnVP/prefix/var/macports/build/skalibs-21047c8b/work/destroot/private/tmp/mp-skarnet.BQSnVP/prefix/include/skalibs/textclient.h
exec ./tools/install.sh -D -m 644 src/include/skalibs/textmessage.h /private/tmp/mp-skarnet.BQSnVP/prefix/var/macports/build/skalibs-21047c8b/work/destroot/private/tmp/mp-skarnet.BQSnVP/prefix/include/skalibs/textmessage.h
exec ./tools/install.sh -D -m 644 src/include/skalibs/types.h /private/tmp/mp-skarnet.BQSnVP/prefix/var/macports/build/skalibs-21047c8b/work/destroot/private/tmp/mp-skarnet.BQSnVP/prefix/include/skalibs/types.h
exec ./tools/install.sh -D -m 644 src/include/skalibs/uint16.h /private/tmp/mp-skarnet.BQSnVP/prefix/var/macports/build/skalibs-21047c8b/work/destroot/private/tmp/mp-skarnet.BQSnVP/prefix/include/skalibs/uint16.h
exec ./tools/install.sh -D -m 644 src/include/skalibs/uint32.h /private/tmp/mp-skarnet.BQSnVP/prefix/var/macports/build/skalibs-21047c8b/work/destroot/private/tmp/mp-skarnet.BQSnVP/prefix/include/skalibs/uint32.h
exec ./tools/install.sh -D -m 644 src/include/skalibs/uint64.h /private/tmp/mp-skarnet.BQSnVP/prefix/var/macports/build/skalibs-21047c8b/work/destroot/private/tmp/mp-skarnet.BQSnVP/prefix/include/skalibs/uint64.h
exec ./tools/install.sh -D -m 644 src/include/skalibs/unix-timed.h /private/tmp/mp-skarnet.BQSnVP/prefix/var/macports/build/skalibs-21047c8b/work/destroot/private/tmp/mp-skarnet.BQSnVP/prefix/include/skalibs/unix-timed.h
exec ./tools/install.sh -D -m 644 src/include/skalibs/unix-transactional.h /private/tmp/mp-skarnet.BQSnVP/prefix/var/macports/build/skalibs-21047c8b/work/destroot/private/tmp/mp-skarnet.BQSnVP/prefix/include/skalibs/unix-transactional.h
exec ./tools/install.sh -D -m 644 src/include/skalibs/unixconnection.h /private/tmp/mp-skarnet.BQSnVP/prefix/var/macports/build/skalibs-21047c8b/work/destroot/private/tmp/mp-skarnet.BQSnVP/prefix/include/skalibs/unixconnection.h
exec ./tools/install.sh -D -m 644 src/include/skalibs/unixmessage.h /private/tmp/mp-skarnet.BQSnVP/prefix/var/macports/build/skalibs-21047c8b/work/destroot/private/tmp/mp-skarnet.BQSnVP/prefix/include/skalibs/unixmessage.h
exec ./tools/install.sh -D -m 644 src/include/skalibs/unixonacid.h /private/tmp/mp-skarnet.BQSnVP/prefix/var/macports/build/skalibs-21047c8b/work/destroot/private/tmp/mp-skarnet.BQSnVP/prefix/include/skalibs/unixonacid.h
exec ./tools/install.sh -D -m 644 libskarnet.pc /private/tmp/mp-skarnet.BQSnVP/prefix/var/macports/build/skalibs-21047c8b/work/destroot/private/tmp/mp-skarnet.BQSnVP/prefix/lib/pkgconfig/libskarnet.pc
make: Leaving directory `/private/tmp/mp-skarnet.BQSnVP/prefix/var/macports/build/skalibs-21047c8b/work/skalibs-2.15.1.0'
xinstall: mkdir /private/tmp/mp-skarnet.BQSnVP/prefix/var/macports/build/skalibs-21047c8b/work/destroot/private/tmp/mp-skarnet.BQSnVP/prefix/share/doc/skalibs
xinstall: chdir(/private/tmp/mp-skarnet.BQSnVP/prefix/var/macports/build/skalibs-21047c8b/work/skalibs-2.15.1.0)
xinstall: mkdir /private/tmp/mp-skarnet.BQSnVP/prefix/var/macports/build/skalibs-21047c8b/work/destroot/private/tmp/mp-skarnet.BQSnVP/prefix/share/doc/skalibs/libdatastruct
xinstall: mkdir /private/tmp/mp-skarnet.BQSnVP/prefix/var/macports/build/skalibs-21047c8b/work/destroot/private/tmp/mp-skarnet.BQSnVP/prefix/share/doc/skalibs/libposixplz
xinstall: mkdir /private/tmp/mp-skarnet.BQSnVP/prefix/var/macports/build/skalibs-21047c8b/work/destroot/private/tmp/mp-skarnet.BQSnVP/prefix/share/doc/skalibs/librandom
xinstall: mkdir /private/tmp/mp-skarnet.BQSnVP/prefix/var/macports/build/skalibs-21047c8b/work/destroot/private/tmp/mp-skarnet.BQSnVP/prefix/share/doc/skalibs/libstdcrypto
xinstall: mkdir /private/tmp/mp-skarnet.BQSnVP/prefix/var/macports/build/skalibs-21047c8b/work/destroot/private/tmp/mp-skarnet.BQSnVP/prefix/share/doc/skalibs/libstddjb
xinstall: mkdir /private/tmp/mp-skarnet.BQSnVP/prefix/var/macports/build/skalibs-21047c8b/work/destroot/private/tmp/mp-skarnet.BQSnVP/prefix/share/doc/skalibs/libunixonacid
